shape_id,shape_pt_lat,shape_pt_lon,shape_pt_sequence,shape_dist_traveled
SHP_L0_0,45.162330,18.009710,0,0.0
SHP_L0_0,45.162390,18.008880,1,65.4
SHP_L0_0,45.162400,18.008750,2,75.7
SHP_L0_0,45.162340,18.008740,3,82.4
SHP_L0_0,45.162500,18.006670,4,245.7
SHP_L0_0,45.162510,18.006610,5,250.5
SHP_L0_0,45.162560,18.005800,6,314.2
SHP_L0_0,45.162640,18.004810,7,392.4
SHP_L0_0,45.162640,18.004660,8,404.1
SHP_L0_0,45.162640,18.004520,9,415.1
SHP_L0_0,45.162630,18.004400,10,424.6
SHP_L0_0,45.162620,18.004200,11,440.3
SHP_L0_0,45.162620,18.003990,12,456.8
SHP_L0_0,45.162630,18.003840,13,468.6
SHP_L0_0,45.162630,18.003770,14,474.1
SHP_L0_0,45.162640,18.003690,15,480.4
SHP_L0_0,45.162650,18.003650,16,483.8
SHP_L0_0,45.162670,18.003630,17,486.5
SHP_L0_0,45.162710,18.003610,18,491.2
SHP_L0_0,45.162750,18.003580,19,496.2
SHP_L0_0,45.162790,18.003530,20,502.2
SHP_L0_0,45.162820,18.003460,21,508.6
SHP_L0_0,45.162830,18.003390,22,514.2
SHP_L0_0,45.162840,18.003330,23,519.0
SHP_L0_0,45.162830,18.003250,24,525.4
SHP_L0_0,45.162800,18.003170,25,532.5
SHP_L0_0,45.162760,18.003110,26,539.0
SHP_L0_0,45.162740,18.003090,27,541.7
SHP_L0_0,45.162710,18.003020,28,548.1
SHP_L0_0,45.162700,18.002960,29,552.9
SHP_L0_0,45.162700,18.002930,30,555.3
SHP_L0_0,45.162700,18.002910,31,556.9
SHP_L0_0,45.162730,18.002370,32,599.3
SHP_L0_0,45.162740,18.002140,33,617.4
SHP_L0_0,45.162750,18.001820,34,642.5
SHP_L0_0,45.162770,18.001450,35,671.6
SHP_L0_0,45.162780,18.001240,36,688.1
SHP_L0_0,45.162780,18.001030,37,704.6
SHP_L0_0,45.162770,18.000800,38,722.6
SHP_L0_0,45.162740,18.000560,39,741.7
SHP_L0_0,45.162720,18.000390,40,755.3
SHP_L0_0,45.162680,18.000230,41,768.6
SHP_L0_0,45.162640,18.000110,42,779.0
SHP_L0_0,45.162580,17.999960,43,792.5
SHP_L0_0,45.162500,17.999810,44,807.2
SHP_L0_0,45.162330,17.999510,45,837.4
SHP_L0_0,45.162250,17.999310,46,855.4
SHP_L0_0,45.162150,17.999110,47,874.7
SHP_L0_0,45.161980,17.998780,48,906.7
SHP_L0_0,45.161890,17.998610,49,923.4
SHP_L0_0,45.161840,17.998520,50,932.4
SHP_L0_0,45.161800,17.998460,51,938.8
SHP_L0_0,45.161780,17.998430,52,942.1
SHP_L0_0,45.161710,17.998350,53,952.1
SHP_L0_0,45.161650,17.998290,54,960.2
SHP_L0_0,45.161580,17.998230,55,969.3
SHP_L0_0,45.161400,17.998100,56,991.8
SHP_L0_0,45.161300,17.998030,57,1004.2
SHP_L0_0,45.161030,17.997860,58,1037.0
SHP_L0_0,45.160850,17.997740,59,1059.2
SHP_L0_0,45.160810,17.997710,60,1064.2
SHP_L0_0,45.160700,17.997630,61,1077.9
SHP_L0_0,45.160600,17.997570,62,1090.0
SHP_L0_0,45.160400,17.997430,63,1114.8
SHP_L0_0,45.160220,17.997320,64,1136.6
SHP_L0_0,45.160020,17.997190,65,1161.1
SHP_L0_0,45.159730,17.996980,66,1197.3
SHP_L0_0,45.159690,17.996950,67,1202.3
SHP_L0_0,45.159660,17.996920,68,1206.4
SHP_L0_0,45.159640,17.996900,69,1209.1
SHP_L0_0,45.159630,17.996870,70,1211.7
SHP_L0_0,45.159610,17.996830,71,1215.6
SHP_L0_0,45.159600,17.996780,72,1219.6
SHP_L0_0,45.159580,17.996750,73,1222.9
SHP_L0_0,45.159560,17.996720,74,1226.1
SHP_L0_0,45.159530,17.996700,75,1229.8
SHP_L0_0,45.159510,17.996650,76,1234.3
SHP_L0_0,45.159500,17.996620,77,1236.9
SHP_L0_0,45.159490,17.996570,78,1241.0
SHP_L0_0,45.159460,17.996280,79,1264.0
SHP_L0_0,45.159450,17.995810,80,1300.8
SHP_L0_0,45.159450,17.995770,81,1304.0
SHP_L0_0,45.159440,17.995710,82,1308.8
SHP_L0_0,45.159420,17.995670,83,1312.6
SHP_L0_0,45.159400,17.995650,84,1315.4
SHP_L0_0,45.159350,17.995650,85,1320.9
SHP_L0_0,45.158840,17.995690,86,1377.7
SHP_L0_0,45.158590,17.995710,87,1405.6
SHP_L0_0,45.157930,17.995750,88,1479.0
SHP_L0_0,45.157020,17.995870,89,1580.6
SHP_L0_0,45.156770,17.995900,90,1608.5
SHP_L0_0,45.157020,17.995870,91,1636.4
SHP_L0_0,45.157930,17.995750,92,1738.1
SHP_L0_0,45.158590,17.995710,93,1811.5
SHP_L0_0,45.158840,17.995690,94,1839.4
SHP_L0_0,45.159350,17.995650,95,1896.2
SHP_L0_0,45.159400,17.995650,96,1901.7
SHP_L0_0,45.159420,17.995670,97,1904.4
SHP_L0_0,45.159440,17.995710,98,1908.3
SHP_L0_0,45.159450,17.995770,99,1913.1
SHP_L0_0,45.159450,17.995810,100,1916.2
SHP_L0_0,45.159460,17.996280,101,1953.1
SHP_L0_0,45.159440,17.996570,102,1976.0
SHP_L0_0,45.159440,17.996630,103,1980.7
SHP_L0_0,45.159430,17.996670,104,1984.0
SHP_L0_0,45.159420,17.996730,105,1988.8
SHP_L0_0,45.159410,17.996750,106,1990.7
SHP_L0_0,45.159390,17.996790,107,1994.6
SHP_L0_0,45.159380,17.996830,108,1997.9
SHP_L0_0,45.159380,17.996880,109,2001.8
SHP_L0_0,45.159390,17.996930,110,2005.9
SHP_L0_0,45.159410,17.996960,111,2009.2
SHP_L0_0,45.159430,17.996990,112,2012.4
SHP_L0_0,45.159460,17.997010,113,2016.1
SHP_L0_0,45.159490,17.997010,114,2019.4
SHP_L0_0,45.159510,17.997010,115,2021.6
SHP_L0_0,45.159540,17.997000,116,2025.1
SHP_L0_0,45.159550,17.996990,117,2026.4
SHP_L0_0,45.159590,17.997000,118,2030.9
SHP_L0_0,45.159620,17.997000,119,2034.3
SHP_L0_0,45.159640,17.997010,120,2036.6
SHP_L0_0,45.159670,17.997020,121,2040.1
SHP_L0_0,45.160120,17.997350,122,2096.4
SHP_L0_0,45.160400,17.997550,123,2131.3
SHP_L0_0,45.160530,17.997640,124,2147.3
SHP_L0_0,45.160570,17.997670,125,2152.4
SHP_L0_0,45.160670,17.997740,126,2164.8
SHP_L0_0,45.160770,17.997810,127,2177.2
SHP_L0_0,45.160800,17.997830,128,2180.9
SHP_L0_0,45.160900,17.997890,129,2192.9
SHP_L0_0,45.161230,17.998100,130,2233.2
SHP_L0_0,45.161400,17.998230,131,2254.6
SHP_L0_0,45.161540,17.998320,132,2271.7
SHP_L0_0,45.161610,17.998390,133,2281.2
SHP_L0_0,45.161670,17.998460,134,2289.9
SHP_L0_0,45.161730,17.998530,135,2298.5
SHP_L0_0,45.161740,17.998550,136,2300.4
SHP_L0_0,45.161790,17.998620,137,2308.3
SHP_L0_0,45.162010,17.999000,138,2346.8
SHP_L0_0,45.162090,17.999160,139,2362.2
SHP_L0_0,45.162190,17.999320,140,2378.9
SHP_L0_0,45.162260,17.999430,141,2390.6
SHP_L0_0,45.162330,17.999510,142,2400.6
SHP_L0_0,45.162500,17.999810,143,2430.7
SHP_L0_0,45.162580,17.999960,144,2445.5
SHP_L0_0,45.162640,18.000110,145,2459.0
SHP_L0_0,45.162680,18.000230,146,2469.4
SHP_L0_0,45.162720,18.000390,147,2482.7
SHP_L0_0,45.162740,18.000560,148,2496.2
SHP_L0_0,45.162770,18.000800,149,2515.3
SHP_L0_0,45.162780,18.001030,150,2533.4
SHP_L0_0,45.162780,18.001240,151,2549.9
SHP_L0_0,45.162770,18.001450,152,2566.4
SHP_L0_0,45.162750,18.001820,153,2595.5
SHP_L0_0,45.162710,18.001980,154,2608.8
SHP_L0_0,45.162690,18.002160,155,2623.1
SHP_L0_0,45.162680,18.002360,156,2638.8
SHP_L0_0,45.162630,18.002910,157,2682.3
SHP_L0_0,45.162620,18.002960,158,2686.3
SHP_L0_0,45.162610,18.003010,159,2690.4
SHP_L0_0,45.162580,18.003050,160,2695.0
SHP_L0_0,45.162540,18.003070,161,2699.7
SHP_L0_0,45.162500,18.003110,162,2705.2
SHP_L0_0,45.162460,18.003160,163,2711.1
SHP_L0_0,45.162420,18.003190,164,2716.1
SHP_L0_0,45.162390,18.003200,165,2719.5
SHP_L0_0,45.162340,18.003200,166,2725.1
SHP_L0_0,45.162300,18.003190,167,2729.6
SHP_L0_0,45.162190,18.003180,168,2741.9
SHP_L0_0,45.162150,18.003140,169,2747.3
SHP_L0_0,45.162110,18.003090,170,2753.2
SHP_L0_0,45.162080,18.003040,171,2758.4
SHP_L0_0,45.162030,18.002980,172,2765.7
SHP_L0_0,45.162000,18.002950,173,2769.8
SHP_L0_0,45.161940,18.002920,174,2776.8
SHP_L0_0,45.161860,18.002890,175,2786.0
SHP_L0_0,45.161090,18.002730,176,2872.6
SHP_L0_0,45.160330,18.002560,177,2958.1
SHP_L0_0,45.159600,18.002290,178,3042.0
SHP_L0_0,45.159580,18.002400,179,3050.9
SHP_L0_0,45.159620,18.002420,180,3055.6
SHP_L0_0,45.159590,18.002610,181,3070.9
SHP_L0_0,45.159560,18.002790,182,3085.4
SHP_L0_0,45.159550,18.002880,183,3092.5
SHP_L0_0,45.159540,18.003040,184,3105.1
SHP_L0_0,45.159550,18.003210,185,3118.5
SHP_L0_0,45.159570,18.003410,186,3134.3
SHP_L0_0,45.159810,18.004080,187,3193.3
SHP_L0_0,45.159820,18.004120,188,3196.6
SHP_L0_0,45.159990,18.004560,189,3235.9
SHP_L0_0,45.160080,18.004830,190,3259.4
SHP_L0_0,45.160140,18.005090,191,3280.8
SHP_L0_0,45.160150,18.005250,192,3293.4
SHP_L0_0,45.160150,18.005360,193,3302.0
SHP_L0_0,45.160130,18.005780,194,3335.0
SHP_L0_0,45.160130,18.005920,195,3346.0
SHP_L0_0,45.160120,18.005950,196,3348.6
SHP_L0_0,45.160060,18.005950,197,3355.3
SHP_L0_0,45.160060,18.006030,198,3361.6
SHP_L0_0,45.160030,18.006410,199,3391.5
SHP_L0_0,45.160030,18.006550,200,3402.5
SHP_L0_0,45.159990,18.007110,201,3446.6
SHP_L0_0,45.159930,18.007910,202,3509.7
SHP_L0_0,45.159910,18.008210,203,3533.3
SHP_L0_0,45.159850,18.009240,204,3614.4
SHP_L0_0,45.159840,18.009300,205,3619.2
SHP_L0_0,45.159780,18.010240,206,3693.2
SHP_L0_0,45.159770,18.010340,207,3701.1
SHP_L0_0,45.159750,18.010600,208,3721.6
SHP_L0_0,45.159750,18.010650,209,3725.6
SHP_L0_0,45.159740,18.010720,210,3731.2
SHP_L0_0,45.159730,18.010760,211,3734.5
SHP_L0_0,45.159720,18.010780,212,3736.4
SHP_L0_0,45.159700,18.010830,213,3740.9
SHP_L0_0,45.159690,18.010840,214,3742.3
SHP_L0_0,45.159640,18.010850,215,3747.9
SHP_L0_0,45.159620,18.010860,216,3750.3
SHP_L0_0,45.159570,18.010860,217,3755.8
SHP_L0_0,45.159450,18.010860,218,3769.2
SHP_L0_0,45.159010,18.010810,219,3818.2
SHP_L0_0,45.156840,18.010520,220,4060.6
SHP_L0_0,45.156750,18.010480,221,4071.1
SHP_L0_0,45.156680,18.010460,222,4079.0
SHP_L0_0,45.156630,18.010440,223,4084.8
SHP_L0_0,45.156300,18.010390,224,4121.7
SHP_L0_0,45.156000,18.010340,225,4155.3
SHP_L0_0,45.155880,18.010320,226,4168.7
SHP_L0_0,45.155860,18.010310,227,4171.1
SHP_L0_0,45.155820,18.010290,228,4175.8
SHP_L0_0,45.155800,18.010260,229,4179.0
SHP_L0_0,45.155770,18.010230,230,4183.1
SHP_L0_0,45.155740,18.010220,231,4186.6
SHP_L0_0,45.155710,18.010220,232,4189.9
SHP_L0_0,45.155670,18.010220,233,4194.3
SHP_L0_0,45.155630,18.010200,234,4199.1
SHP_L0_0,45.155340,18.010050,235,4233.4
SHP_L0_0,45.155530,18.010220,236,4258.4
SHP_L0_0,45.155570,18.010260,237,4263.8
SHP_L0_0,45.155610,18.010310,238,4269.7
SHP_L0_0,45.155630,18.010330,239,4272.5
SHP_L0_0,45.155630,18.010360,240,4274.8
SHP_L0_0,45.155640,18.010410,241,4278.9
SHP_L0_0,45.155660,18.010450,242,4282.7
SHP_L0_0,45.155670,18.010510,243,4287.6
SHP_L0_0,45.155680,18.010580,244,4293.2
SHP_L0_0,45.155680,18.010650,245,4298.6
SHP_L0_0,45.155670,18.010740,246,4305.8
SHP_L0_0,45.155670,18.010840,247,4313.6
SHP_L0_0,45.155670,18.010920,248,4319.9
SHP_L0_0,45.155670,18.010980,249,4324.6
SHP_L0_0,45.155670,18.010990,250,4325.4
SHP_L0_0,45.155670,18.011000,251,4326.2
SHP_L0_0,45.155670,18.011070,252,4331.7
SHP_L0_0,45.155660,18.011200,253,4341.9
SHP_L0_0,45.155620,18.011570,254,4371.3
SHP_L0_0,45.155590,18.011920,255,4398.9
SHP_L0_0,45.155560,18.012180,256,4419.6
SHP_L0_0,45.155520,18.012540,257,4448.2
SHP_L0_0,45.155500,18.012800,258,4468.7
SHP_L0_0,45.155450,18.013330,259,4510.6
SHP_L0_0,45.155420,18.013600,260,4532.0
SHP_L0_0,45.155380,18.013850,261,4552.1
SHP_L0_0,45.155360,18.013990,262,4563.3
SHP_L0_0,45.155360,18.014010,263,4564.9
SHP_L0_0,45.155300,18.014280,264,4587.1
SHP_L0_0,45.155290,18.014350,265,4592.7
SHP_L0_0,45.155290,18.014420,266,4598.2
SHP_L0_0,45.155280,18.014490,267,4603.8
SHP_L0_0,45.155280,18.014540,268,4607.7
SHP_L0_0,45.155270,18.014570,269,4610.3
SHP_L0_0,45.155250,18.014600,270,4613.5
SHP_L0_0,45.155230,18.014630,271,4616.8
SHP_L0_0,45.155230,18.014670,272,4619.9
SHP_L0_0,45.155230,18.014710,273,4623.1
SHP_L0_0,45.155240,18.014750,274,4626.4
SHP_L0_0,45.155240,18.014810,275,4631.1
SHP_L0_0,45.155240,18.014870,276,4635.8
SHP_L0_0,45.155230,18.014950,277,4642.2
SHP_L0_0,45.155190,18.015190,278,4661.5
SHP_L0_0,45.155180,18.015230,279,4664.8
SHP_L0_0,45.155090,18.015630,280,4697.8
SHP_L0_0,45.154970,18.016180,281,4742.9
SHP_L0_0,45.154900,18.016520,282,4770.7
SHP_L0_0,45.154880,18.016620,283,4778.8
SHP_L0_0,45.154590,18.017890,284,4883.5
SHP_L0_0,45.154480,18.018370,285,4923.1
SHP_L0_0,45.154450,18.018540,286,4936.8
SHP_L0_0,45.154420,18.018650,287,4946.1
SHP_L0_0,45.154240,18.019460,288,5012.7
SHP_L0_0,45.154220,18.019540,289,5019.3
SHP_L0_0,45.154190,18.019590,290,5024.5
SHP_L0_0,45.154170,18.019630,291,5028.3
SHP_L0_0,45.154130,18.019650,292,5033.0
SHP_L0_0,45.154100,18.019670,293,5036.7
SHP_L0_0,45.154040,18.019680,294,5043.4
SHP_L0_0,45.153990,18.019680,295,5049.0
SHP_L0_0,45.153620,18.019690,296,5090.1
SHP_L0_0,45.153520,18.019700,297,5101.3
SHP_L0_0,45.153480,18.019710,298,5105.8
SHP_L0_0,45.153460,18.019720,299,5108.2
SHP_L0_0,45.153430,18.019740,300,5111.8
SHP_L0_0,45.153410,18.019760,301,5114.6
SHP_L0_0,45.153400,18.019790,302,5117.2
SHP_L0_0,45.153360,18.019860,303,5124.2
SHP_L0_0,45.153330,18.019940,304,5131.3
SHP_L0_0,45.153310,18.020040,305,5139.5
SHP_L0_0,45.153260,18.020310,306,5161.4
SHP_L0_0,45.153240,18.020410,307,5169.5
SHP_L0_0,45.153230,18.020430,308,5171.5
SHP_L0_0,45.153220,18.020460,309,5174.1
SHP_L0_0,45.153210,18.020500,310,5177.4
SHP_L0_0,45.153210,18.020530,311,5179.7
SHP_L0_0,45.153220,18.020550,312,5181.7
SHP_L0_0,45.153230,18.020580,313,5184.3
SHP_L0_0,45.153250,18.020590,314,5186.6
SHP_L0_0,45.153290,18.020680,315,5195.0
SHP_L0_0,45.153320,18.020760,316,5202.1
SHP_L0_0,45.153390,18.020950,317,5218.9
SHP_L0_0,45.153390,18.021010,318,5223.6
SHP_L0_0,45.153400,18.021090,319,5230.0
SHP_L0_0,45.153400,18.021160,320,5235.4
SHP_L0_0,45.153400,18.021250,321,5242.5
SHP_L0_0,45.153370,18.021880,322,5292.0
SHP_L0_0,45.153370,18.022200,323,5317.1
SHP_L0_0,45.153370,18.022380,324,5331.2
SHP_L0_0,45.153370,18.022620,325,5350.0
SHP_L0_0,45.153380,18.022700,326,5356.4
SHP_L0_0,45.153390,18.022950,327,5376.0
SHP_L0_0,45.153400,18.023280,328,5401.9
SHP_L0_0,45.153410,18.023520,329,5420.8
SHP_L0_0,45.153500,18.023520,330,5430.8
SHP_L0_0,45.153550,18.023530,331,5436.4
SHP_L0_0,45.153590,18.023550,332,5441.1
SHP_L0_0,45.153880,18.023640,333,5474.1
SHP_L0_0,45.154370,18.023810,334,5530.2
SHP_L0_0,45.154360,18.023890,335,5536.6
SHP_L0_0,45.154370,18.023810,336,5543.0
SHP_L0_0,45.154490,18.023850,337,5556.7
SHP_L0_0,45.154570,18.023880,338,5565.9
SHP_L0_0,45.154620,18.023900,339,5571.7
SHP_L0_0,45.154770,18.023950,340,5588.8
SHP_L0_0,45.154860,18.023990,341,5599.3
SHP_L0_0,45.155620,18.024260,342,5686.4
SHP_L0_0,45.156080,18.024390,343,5738.6
SHP_L0_0,45.156160,18.024400,344,5747.5
SHP_L0_0,45.156220,18.024400,345,5754.2
SHP_L0_0,45.156290,18.024400,346,5762.0
SHP_L0_0,45.156380,18.024380,347,5772.1
SHP_L0_0,45.157900,18.023700,348,5949.3
SHP_L0_0,45.158390,18.023420,349,6008.0
SHP_L0_0,45.158510,18.023400,350,6021.5
SHP_L0_0,45.158570,18.023400,351,6028.2
SHP_L0_0,45.158610,18.023420,352,6032.9
SHP_L0_0,45.158620,18.023440,353,6034.8
SHP_L0_0,45.158640,18.023440,354,6037.0
SHP_L0_0,45.158660,18.023440,355,6039.2
SHP_L0_0,45.158690,18.023470,356,6043.3
SHP_L0_0,45.158710,18.023510,357,6047.2
SHP_L0_0,45.158740,18.023570,358,6052.9
SHP_L0_0,45.158880,18.023950,359,6086.6
SHP_L0_0,45.158890,18.024000,360,6090.6
SHP_L0_0,45.158900,18.024050,361,6094.7
SHP_L0_0,45.158900,18.024080,362,6097.1
SHP_L0_0,45.158910,18.024100,363,6099.0
SHP_L0_0,45.158930,18.024120,364,6101.7
SHP_L0_0,45.158960,18.024170,365,6106.8
SHP_L0_0,45.158990,18.024260,366,6114.7
SHP_L0_0,45.159040,18.024360,367,6124.3
SHP_L0_0,45.159010,18.024220,368,6135.7
SHP_L0_0,45.159010,18.024150,369,6141.2
SHP_L0_0,45.159010,18.024100,370,6145.1
SHP_L0_0,45.159020,18.024080,371,6147.1
SHP_L0_0,45.159060,18.024030,372,6153.0
SHP_L0_0,45.159160,18.023920,373,6167.1
SHP_L0_0,45.160040,18.023530,374,6269.6
SHP_L0_0,45.160310,18.023400,375,6301.3
SHP_L0_0,45.160430,18.023350,376,6315.2
SHP_L0_0,45.160560,18.023340,377,6329.7
SHP_L0_0,45.161000,18.023300,378,6378.7
SHP_L0_0,45.161070,18.023300,379,6386.5
SHP_L0_0,45.161120,18.023290,380,6392.1
SHP_L0_0,45.161150,18.022520,381,6452.6
SHP_L0_0,45.161250,18.022100,382,6487.3
SHP_L0_0,45.161280,18.021950,383,6499.5
SHP_L0_0,45.161290,18.021730,384,6516.8
SHP_L0_0,45.161330,18.021200,385,6558.6
SHP_L0_0,45.161360,18.020660,386,6601.1
SHP_L0_0,45.161390,18.020210,387,6636.5
SHP_L0_0,45.161400,18.020160,388,6640.6
SHP_L0_0,45.161410,18.020110,389,6644.7
SHP_L0_0,45.161440,18.020060,390,6649.8
SHP_L0_0,45.161460,18.020030,391,6653.1
SHP_L0_0,45.161470,18.019980,392,6657.1
SHP_L0_0,45.161480,18.019930,393,6661.2
SHP_L0_0,45.161470,18.019880,394,6665.3
SHP_L0_0,45.161450,18.019840,395,6669.1
SHP_L0_0,45.161430,18.019810,396,6672.4
SHP_L0_0,45.161410,18.019760,397,6676.9
SHP_L0_0,45.161390,18.019700,398,6682.1
SHP_L0_0,45.161380,18.019640,399,6686.9
SHP_L0_0,45.161370,18.019560,400,6693.3
SHP_L0_0,45.161410,18.019000,401,6737.4
SHP_L0_0,45.161470,18.018170,402,6802.8
SHP_L0_0,45.161470,18.018060,403,6811.5
SHP_L0_0,45.161480,18.017910,404,6823.3
SHP_L0_0,45.161510,18.017700,405,6840.1
SHP_L0_0,45.161540,18.017510,406,6855.3
SHP_L0_0,45.161550,18.017320,407,6870.3
SHP_L0_0,45.161560,18.016860,408,6906.4
SHP_L0_0,45.161570,18.016600,409,6926.8
SHP_L0_0,45.161580,18.016540,410,6931.6
SHP_L0_0,45.161590,18.016500,411,6934.9
SHP_L0_0,45.161620,18.016470,412,6939.0
SHP_L0_0,45.161650,18.016440,413,6943.1
SHP_L0_0,45.161680,18.016400,414,6947.7
SHP_L0_0,45.161700,18.016350,415,6952.2
SHP_L0_0,45.161710,18.016300,416,6956.3
SHP_L0_0,45.161710,18.016250,417,6960.2
SHP_L0_0,45.161700,18.016200,418,6964.3
SHP_L0_0,45.161680,18.016160,419,6968.1
SHP_L0_0,45.161650,18.016120,420,6972.7
SHP_L0_0,45.161620,18.016100,421,6976.4
SHP_L0_0,45.161610,18.016060,422,6979.7
SHP_L0_0,45.161600,18.016010,423,6983.8
SHP_L0_0,45.161600,18.015970,424,6986.9
SHP_L0_0,45.161600,18.015870,425,6994.7
SHP_L0_0,45.161630,18.015590,426,7017.0
SHP_L0_0,45.161660,18.015320,427,7038.4
SHP_L0_0,45.161680,18.015190,428,7048.8
SHP_L0_0,45.161700,18.015070,429,7058.5
SHP_L0_0,45.161730,18.014940,430,7069.2
SHP_L0_0,45.161770,18.014810,431,7080.3
SHP_L0_0,45.161790,18.014690,432,7090.0
SHP_L0_0,45.161800,18.014570,433,7099.5
SHP_L0_0,45.161860,18.013960,434,7147.8
SHP_L0_0,45.162090,18.011870,435,7313.6
SHP_L0_0,45.162100,18.011790,436,7320.0
SHP_L0_0,45.162120,18.011690,437,7328.1
SHP_L0_0,45.162130,18.011590,438,7336.0
SHP_L0_0,45.162150,18.011520,439,7342.0
SHP_L0_0,45.162160,18.011490,440,7344.6
SHP_L0_0,45.162170,18.011460,441,7347.2
SHP_L0_0,45.162200,18.011440,442,7350.9
SHP_L0_0,45.162220,18.011420,443,7353.6
SHP_L0_0,45.162260,18.011410,444,7358.1
SHP_L0_0,45.162300,18.011400,445,7362.6
SHP_L0_0,45.162330,18.011410,446,7366.0
SHP_L0_0,45.162360,18.011360,447,7371.2
SHP_L0_0,45.162370,18.011290,448,7376.8
SHP_L0_0,45.162370,18.011200,449,7383.8
SHP_L0_0,45.162370,18.011120,450,7390.1
SHP_L0_0,45.162360,18.011060,451,7394.9
SHP_L0_0,45.162280,18.010890,452,7411.0
SHP_L0_0,45.162260,18.010830,453,7416.2
SHP_L0_0,45.162260,18.010720,454,7424.8
SHP_L0_0,45.162330,18.009710,455,7504.4
SHP_L0_1,45.162330,18.009710,0,0.0
SHP_L0_1,45.162260,18.010720,1,79.6
SHP_L0_1,45.162260,18.010830,2,88.2
SHP_L0_1,45.162280,18.010890,3,93.4
SHP_L0_1,45.162360,18.011060,4,109.4
SHP_L0_1,45.162370,18.011120,5,114.3
SHP_L0_1,45.162370,18.011200,6,120.5
SHP_L0_1,45.162370,18.011290,7,127.6
SHP_L0_1,45.162360,18.011360,8,133.2
SHP_L0_1,45.162330,18.011410,9,138.3
SHP_L0_1,45.162310,18.011460,10,142.8
SHP_L0_1,45.162280,18.011500,11,147.4
SHP_L0_1,45.162250,18.011540,12,152.0
SHP_L0_1,45.162220,18.011560,13,155.7
SHP_L0_1,45.162200,18.011600,14,159.5
SHP_L0_1,45.162190,18.011650,15,163.6
SHP_L0_1,45.161980,18.013670,16,323.7
SHP_L0_1,45.161980,18.013690,17,325.3
SHP_L0_1,45.161980,18.013750,18,330.0
SHP_L0_1,45.162010,18.013840,19,337.8
SHP_L0_1,45.162020,18.013900,20,342.6
SHP_L0_1,45.162020,18.013960,21,347.3
SHP_L0_1,45.162010,18.013990,22,349.9
SHP_L0_1,45.162010,18.014050,23,354.6
SHP_L0_1,45.161900,18.015020,24,431.6
SHP_L0_1,45.161800,18.016010,25,510.1
SHP_L0_1,45.161800,18.016070,26,514.8
SHP_L0_1,45.161820,18.016150,27,521.4
SHP_L0_1,45.161830,18.016200,28,525.5
SHP_L0_1,45.161810,18.016280,29,532.1
SHP_L0_1,45.161800,18.016350,30,537.7
SHP_L0_1,45.161780,18.016430,31,544.4
SHP_L0_1,45.161770,18.016490,32,549.2
SHP_L0_1,45.161750,18.016560,33,555.2
SHP_L0_1,45.161720,18.016570,34,558.6
SHP_L0_1,45.161710,18.016590,35,560.5
SHP_L0_1,45.161690,18.016610,36,563.2
SHP_L0_1,45.161640,18.016600,37,568.8
SHP_L0_1,45.161570,18.016600,38,576.6
SHP_L0_1,45.161510,18.016590,39,583.3
SHP_L0_1,45.161500,18.016860,40,604.5
SHP_L0_1,45.161490,18.017190,41,630.4
SHP_L0_1,45.161480,18.017520,42,656.3
SHP_L0_1,45.161480,18.017660,43,667.3
SHP_L0_1,45.161480,18.017780,44,676.7
SHP_L0_1,45.161480,18.017910,45,686.9
SHP_L0_1,45.161470,18.018060,46,698.7
SHP_L0_1,45.161470,18.018170,47,707.3
SHP_L0_1,45.161410,18.019000,48,772.8
SHP_L0_1,45.161370,18.019560,49,816.9
SHP_L0_1,45.161360,18.019630,50,822.5
SHP_L0_1,45.161360,18.019640,51,823.3
SHP_L0_1,45.161350,18.019700,52,828.1
SHP_L0_1,45.161330,18.019750,53,832.6
SHP_L0_1,45.161300,18.019810,54,838.4
SHP_L0_1,45.161280,18.019840,55,841.6
SHP_L0_1,45.161250,18.019860,56,845.3
SHP_L0_1,45.161220,18.019880,57,849.0
SHP_L0_1,45.161190,18.019890,58,852.4
SHP_L0_1,45.161150,18.019900,59,856.9
SHP_L0_1,45.161080,18.019910,60,864.8
SHP_L0_1,45.160990,18.019900,61,874.8
SHP_L0_1,45.160920,18.019870,62,882.9
SHP_L0_1,45.160860,18.019840,63,890.0
SHP_L0_1,45.160800,18.019810,64,897.1
SHP_L0_1,45.160730,18.019790,65,905.0
SHP_L0_1,45.160660,18.019770,66,913.0
SHP_L0_1,45.160600,18.019770,67,919.6
SHP_L0_1,45.160530,18.019780,68,927.5
SHP_L0_1,45.160450,18.019810,69,936.7
SHP_L0_1,45.160080,18.020030,70,981.3
SHP_L0_1,45.159300,18.020470,71,1074.6
SHP_L0_1,45.158740,18.020790,72,1141.7
SHP_L0_1,45.157990,18.021220,73,1231.7
SHP_L0_1,45.157900,18.021270,74,1242.4
SHP_L0_1,45.157960,18.021430,75,1256.7
SHP_L0_1,45.158040,18.021640,76,1275.4
SHP_L0_1,45.158340,18.022410,77,1344.3
SHP_L0_1,45.158390,18.022520,78,1354.6
SHP_L0_1,45.158520,18.022900,79,1387.7
SHP_L0_1,45.158590,18.023140,80,1408.1
SHP_L0_1,45.158600,18.023220,81,1414.5
SHP_L0_1,45.158600,18.023290,82,1420.0
SHP_L0_1,45.158590,18.023320,83,1422.6
SHP_L0_1,45.158390,18.023420,84,1446.1
SHP_L0_1,45.157900,18.023700,85,1504.9
SHP_L0_1,45.156380,18.024380,86,1682.1
SHP_L0_1,45.156290,18.024400,87,1692.2
SHP_L0_1,45.156220,18.024400,88,1700.0
SHP_L0_1,45.156160,18.024400,89,1706.7
SHP_L0_1,45.156080,18.024390,90,1715.6
SHP_L0_1,45.155620,18.024260,91,1767.8
SHP_L0_1,45.154860,18.023990,92,1854.9
SHP_L0_1,45.154770,18.023950,93,1865.4
SHP_L0_1,45.154620,18.023900,94,1882.5
SHP_L0_1,45.154570,18.023880,95,1888.3
SHP_L0_1,45.154490,18.023850,96,1897.5
SHP_L0_1,45.154370,18.023810,97,1911.2
SHP_L0_1,45.153880,18.023640,98,1967.3
SHP_L0_1,45.153590,18.023550,99,2000.3
SHP_L0_1,45.153550,18.023530,100,2005.0
SHP_L0_1,45.153500,18.023520,101,2010.6
SHP_L0_1,45.153410,18.023520,102,2020.6
SHP_L0_1,45.153400,18.023280,103,2039.5
SHP_L0_1,45.153390,18.022950,104,2065.4
SHP_L0_1,45.153380,18.022700,105,2085.0
SHP_L0_1,45.153370,18.022620,106,2091.4
SHP_L0_1,45.153370,18.022380,107,2110.2
SHP_L0_1,45.153370,18.022200,108,2124.3
SHP_L0_1,45.153370,18.021880,109,2149.4
SHP_L0_1,45.153400,18.021250,110,2198.9
SHP_L0_1,45.153400,18.021160,111,2206.0
SHP_L0_1,45.153400,18.021090,112,2211.5
SHP_L0_1,45.153390,18.021010,113,2217.9
SHP_L0_1,45.153390,18.020950,114,2222.6
SHP_L0_1,45.153360,18.020740,115,2239.4
SHP_L0_1,45.153350,18.020660,116,2245.7
SHP_L0_1,45.153350,18.020620,117,2248.9
SHP_L0_1,45.153350,18.020570,118,2252.8
SHP_L0_1,45.153370,18.020540,119,2256.0
SHP_L0_1,45.153370,18.020510,120,2258.4
SHP_L0_1,45.153370,18.020470,121,2261.5
SHP_L0_1,45.153360,18.020440,122,2264.1
SHP_L0_1,45.153340,18.020410,123,2267.4
SHP_L0_1,45.153320,18.020400,124,2269.7
SHP_L0_1,45.153320,18.020340,125,2274.4
SHP_L0_1,45.153320,18.020280,126,2279.1
SHP_L0_1,45.153360,18.020060,127,2296.9
SHP_L0_1,45.153380,18.019970,128,2304.3
SHP_L0_1,45.153390,18.019890,129,2310.7
SHP_L0_1,45.153400,18.019790,130,2318.6
SHP_L0_1,45.153410,18.019760,131,2321.2
SHP_L0_1,45.153430,18.019740,132,2324.0
SHP_L0_1,45.153460,18.019720,133,2327.6
SHP_L0_1,45.153480,18.019710,134,2330.0
SHP_L0_1,45.153520,18.019700,135,2334.5
SHP_L0_1,45.153620,18.019690,136,2345.7
SHP_L0_1,45.153990,18.019680,137,2386.8
SHP_L0_1,45.154040,18.019680,138,2392.4
SHP_L0_1,45.154100,18.019670,139,2399.1
SHP_L0_1,45.154130,18.019650,140,2402.8
SHP_L0_1,45.154170,18.019630,141,2407.5
SHP_L0_1,45.154190,18.019590,142,2411.3
SHP_L0_1,45.154220,18.019540,143,2416.5
SHP_L0_1,45.154240,18.019460,144,2423.1
SHP_L0_1,45.154420,18.018650,145,2489.7
SHP_L0_1,45.154450,18.018540,146,2499.0
SHP_L0_1,45.154480,18.018370,147,2512.7
SHP_L0_1,45.154590,18.017890,148,2552.3
SHP_L0_1,45.154880,18.016620,149,2657.0
SHP_L0_1,45.154900,18.016520,150,2665.1
SHP_L0_1,45.154970,18.016180,151,2692.9
SHP_L0_1,45.155090,18.015630,152,2738.1
SHP_L0_1,45.155180,18.015230,153,2771.0
SHP_L0_1,45.155190,18.015190,154,2774.3
SHP_L0_1,45.155240,18.015030,155,2788.0
SHP_L0_1,45.155270,18.014960,156,2794.4
SHP_L0_1,45.155300,18.014890,157,2800.9
SHP_L0_1,45.155320,18.014840,158,2805.4
SHP_L0_1,45.155350,18.014800,159,2810.0
SHP_L0_1,45.155380,18.014780,160,2813.6
SHP_L0_1,45.155410,18.014760,161,2817.3
SHP_L0_1,45.155440,18.014760,162,2820.7
SHP_L0_1,45.155480,18.014760,163,2825.1
SHP_L0_1,45.155680,18.014770,164,2847.4
SHP_L0_1,45.155490,18.014690,165,2869.4
SHP_L0_1,45.155450,18.014670,166,2874.1
SHP_L0_1,45.155430,18.014650,167,2876.8
SHP_L0_1,45.155400,18.014630,168,2880.5
SHP_L0_1,45.155390,18.014590,169,2883.9
SHP_L0_1,45.155370,18.014570,170,2886.6
SHP_L0_1,45.155360,18.014510,171,2891.4
SHP_L0_1,45.155350,18.014450,172,2896.2
SHP_L0_1,45.155350,18.014300,173,2908.0
SHP_L0_1,45.155350,18.014260,174,2911.1
SHP_L0_1,45.155360,18.014010,175,2930.8
SHP_L0_1,45.155360,18.013990,176,2932.3
SHP_L0_1,45.155380,18.013850,177,2943.5
SHP_L0_1,45.155420,18.013600,178,2963.7
SHP_L0_1,45.155450,18.013330,179,2985.1
SHP_L0_1,45.155500,18.012800,180,3027.0
SHP_L0_1,45.155520,18.012540,181,3047.5
SHP_L0_1,45.155560,18.012180,182,3076.1
SHP_L0_1,45.155590,18.011920,183,3096.8
SHP_L0_1,45.155620,18.011570,184,3124.4
SHP_L0_1,45.155660,18.011200,185,3153.8
SHP_L0_1,45.155670,18.011070,186,3164.0
SHP_L0_1,45.155690,18.011000,187,3169.9
SHP_L0_1,45.155700,18.010930,188,3175.5
SHP_L0_1,45.155720,18.010770,189,3188.3
SHP_L0_1,45.155730,18.010660,190,3197.0
SHP_L0_1,45.155740,18.010620,191,3200.3
SHP_L0_1,45.155750,18.010570,192,3204.4
SHP_L0_1,45.155760,18.010530,193,3207.7
SHP_L0_1,45.155780,18.010490,194,3211.5
SHP_L0_1,45.155810,18.010460,195,3215.6
SHP_L0_1,45.155840,18.010440,196,3219.3
SHP_L0_1,45.155870,18.010420,197,3223.0
SHP_L0_1,45.155910,18.010420,198,3227.4
SHP_L0_1,45.155950,18.010410,199,3232.0
SHP_L0_1,45.156070,18.010420,200,3245.3
SHP_L0_1,45.156630,18.010530,201,3308.2
SHP_L0_1,45.156670,18.010530,202,3312.6
SHP_L0_1,45.156750,18.010530,203,3321.5
SHP_L0_1,45.156840,18.010520,204,3331.6
SHP_L0_1,45.159010,18.010810,205,3573.9
SHP_L0_1,45.159450,18.010860,206,3623.0
SHP_L0_1,45.159570,18.010900,207,3636.7
SHP_L0_1,45.159590,18.010900,208,3639.0
SHP_L0_1,45.159620,18.010920,209,3642.6
SHP_L0_1,45.159640,18.010930,210,3645.0
SHP_L0_1,45.159690,18.010960,211,3651.0
SHP_L0_1,45.159700,18.010980,212,3653.0
SHP_L0_1,45.159720,18.011000,213,3655.7
SHP_L0_1,45.159740,18.011000,214,3657.9
SHP_L0_1,45.159760,18.011000,215,3660.1
SHP_L0_1,45.159770,18.011000,216,3661.2
SHP_L0_1,45.159790,18.010980,217,3664.0
SHP_L0_1,45.159820,18.010960,218,3667.6
SHP_L0_1,45.159860,18.010950,219,3672.2
SHP_L0_1,45.160210,18.010980,220,3711.1
SHP_L0_1,45.159870,18.010880,221,3749.8
SHP_L0_1,45.159850,18.010880,222,3752.0
SHP_L0_1,45.159820,18.010860,223,3755.7
SHP_L0_1,45.159790,18.010830,224,3759.7
SHP_L0_1,45.159770,18.010820,225,3762.1
SHP_L0_1,45.159760,18.010760,226,3766.9
SHP_L0_1,45.159760,18.010710,227,3770.9
SHP_L0_1,45.159760,18.010650,228,3775.6
SHP_L0_1,45.159750,18.010600,229,3779.6
SHP_L0_1,45.159770,18.010340,230,3800.1
SHP_L0_1,45.159780,18.010240,231,3808.1
SHP_L0_1,45.159840,18.009300,232,3882.1
SHP_L0_1,45.159850,18.009240,233,3886.9
SHP_L0_1,45.159910,18.008210,234,3967.9
SHP_L0_1,45.159930,18.007910,235,3991.6
SHP_L0_1,45.159990,18.007110,236,4054.6
SHP_L0_1,45.160030,18.006550,237,4098.8
SHP_L0_1,45.160030,18.006410,238,4109.8
SHP_L0_1,45.160060,18.006030,239,4139.7
SHP_L0_1,45.160060,18.005950,240,4146.0
SHP_L0_1,45.160090,18.005640,241,4170.5
SHP_L0_1,45.160100,18.005310,242,4196.4
SHP_L0_1,45.160100,18.005230,243,4202.7
SHP_L0_1,45.160100,18.005130,244,4210.6
SHP_L0_1,45.160070,18.004990,245,4222.0
SHP_L0_1,45.160040,18.004850,246,4233.5
SHP_L0_1,45.159990,18.004720,247,4245.1
SHP_L0_1,45.159900,18.004460,248,4267.8
SHP_L0_1,45.159610,18.003660,249,4338.3
SHP_L0_1,45.159560,18.003510,250,4351.4
SHP_L0_1,45.159520,18.003350,251,4364.7
SHP_L0_1,45.159500,18.003200,252,4376.6
SHP_L0_1,45.159490,18.003030,253,4390.0
SHP_L0_1,45.159500,18.002930,254,4397.9
SHP_L0_1,45.159520,18.002780,255,4409.9
SHP_L0_1,45.159540,18.002590,256,4425.0
SHP_L0_1,45.159580,18.002400,257,4440.5
SHP_L0_1,45.159600,18.002290,258,4449.4
SHP_L0_1,45.160330,18.002560,259,4533.3
SHP_L0_1,45.161090,18.002730,260,4618.9
SHP_L0_1,45.161100,18.002670,261,4623.7
SHP_L0_1,45.161230,18.001230,262,4737.5
SHP_L0_1,45.161400,17.999480,263,4876.0
SHP_L0_1,45.161430,17.999150,264,4902.1
SHP_L0_1,45.161450,17.999010,265,4913.3
SHP_L0_1,45.161490,17.998880,266,4924.4
SHP_L0_1,45.161540,17.998740,267,4936.7
SHP_L0_1,45.161600,17.998590,268,4950.3
SHP_L0_1,45.161670,17.998460,269,4963.1
SHP_L0_1,45.161710,17.998350,270,4972.8
SHP_L0_1,45.161650,17.998290,271,4980.9
SHP_L0_1,45.161580,17.998230,272,4990.0
SHP_L0_1,45.161400,17.998100,273,5012.5
SHP_L0_1,45.161300,17.998030,274,5024.9
SHP_L0_1,45.161030,17.997860,275,5057.8
SHP_L0_1,45.160850,17.997740,276,5079.9
SHP_L0_1,45.160810,17.997710,277,5084.9
SHP_L0_1,45.160700,17.997630,278,5098.6
SHP_L0_1,45.160600,17.997570,279,5110.7
SHP_L0_1,45.160400,17.997430,280,5135.5
SHP_L0_1,45.160220,17.997320,281,5157.3
SHP_L0_1,45.160020,17.997190,282,5181.8
SHP_L0_1,45.159730,17.996980,283,5218.0
SHP_L0_1,45.159690,17.996950,284,5223.0
SHP_L0_1,45.159660,17.996920,285,5227.1
SHP_L0_1,45.159640,17.996900,286,5229.8
SHP_L0_1,45.159630,17.996870,287,5232.4
SHP_L0_1,45.159610,17.996830,288,5236.3
SHP_L0_1,45.159600,17.996780,289,5240.3
SHP_L0_1,45.159580,17.996750,290,5243.6
SHP_L0_1,45.159560,17.996720,291,5246.8
SHP_L0_1,45.159530,17.996700,292,5250.5
SHP_L0_1,45.159510,17.996650,293,5255.0
SHP_L0_1,45.159500,17.996620,294,5257.6
SHP_L0_1,45.159490,17.996570,295,5261.7
SHP_L0_1,45.159460,17.996280,296,5284.7
SHP_L0_1,45.159450,17.995810,297,5321.5
SHP_L0_1,45.159450,17.995770,298,5324.7
SHP_L0_1,45.159440,17.995710,299,5329.5
SHP_L0_1,45.159420,17.995670,300,5333.4
SHP_L0_1,45.159400,17.995650,301,5336.1
SHP_L0_1,45.159350,17.995650,302,5341.6
SHP_L0_1,45.158840,17.995690,303,5398.4
SHP_L0_1,45.158590,17.995710,304,5426.3
SHP_L0_1,45.157930,17.995750,305,5499.7
SHP_L0_1,45.157020,17.995870,306,5601.4
SHP_L0_1,45.156770,17.995900,307,5629.2
SHP_L0_1,45.157020,17.995870,308,5657.1
SHP_L0_1,45.157930,17.995750,309,5758.8
SHP_L0_1,45.158590,17.995710,310,5832.2
SHP_L0_1,45.158840,17.995690,311,5860.1
SHP_L0_1,45.159350,17.995650,312,5916.9
SHP_L0_1,45.159400,17.995650,313,5922.4
SHP_L0_1,45.159420,17.995670,314,5925.1
SHP_L0_1,45.159440,17.995710,315,5929.0
SHP_L0_1,45.159450,17.995770,316,5933.8
SHP_L0_1,45.159450,17.995810,317,5937.0
SHP_L0_1,45.159460,17.996280,318,5973.8
SHP_L0_1,45.159440,17.996570,319,5996.7
SHP_L0_1,45.159440,17.996630,320,6001.4
SHP_L0_1,45.159430,17.996670,321,6004.7
SHP_L0_1,45.159420,17.996730,322,6009.5
SHP_L0_1,45.159410,17.996750,323,6011.5
SHP_L0_1,45.159390,17.996790,324,6015.3
SHP_L0_1,45.159380,17.996830,325,6018.6
SHP_L0_1,45.159380,17.996880,326,6022.6
SHP_L0_1,45.159390,17.996930,327,6026.6
SHP_L0_1,45.159410,17.996960,328,6029.9
SHP_L0_1,45.159430,17.996990,329,6033.1
SHP_L0_1,45.159460,17.997010,330,6036.8
SHP_L0_1,45.159490,17.997010,331,6040.1
SHP_L0_1,45.159510,17.997010,332,6042.4
SHP_L0_1,45.159540,17.997000,333,6045.8
SHP_L0_1,45.159550,17.996990,334,6047.1
SHP_L0_1,45.159590,17.997000,335,6051.7
SHP_L0_1,45.159620,17.997000,336,6055.0
SHP_L0_1,45.159640,17.997010,337,6057.4
SHP_L0_1,45.159670,17.997020,338,6060.8
SHP_L0_1,45.160120,17.997350,339,6117.1
SHP_L0_1,45.160400,17.997550,340,6152.0
SHP_L0_1,45.160530,17.997640,341,6168.1
SHP_L0_1,45.160570,17.997670,342,6173.1
SHP_L0_1,45.160670,17.997740,343,6185.5
SHP_L0_1,45.160770,17.997810,344,6197.9
SHP_L0_1,45.160800,17.997830,345,6201.6
SHP_L0_1,45.160900,17.997890,346,6213.6
SHP_L0_1,45.161230,17.998100,347,6253.9
SHP_L0_1,45.161400,17.998230,348,6275.3
SHP_L0_1,45.161540,17.998320,349,6292.4
SHP_L0_1,45.161610,17.998390,350,6302.0
SHP_L0_1,45.161670,17.998460,351,6310.6
SHP_L0_1,45.161730,17.998530,352,6319.2
SHP_L0_1,45.161740,17.998550,353,6321.2
SHP_L0_1,45.161790,17.998620,354,6329.0
SHP_L0_1,45.162010,17.999000,355,6367.5
SHP_L0_1,45.162090,17.999160,356,6382.9
SHP_L0_1,45.162190,17.999320,357,6399.7
SHP_L0_1,45.162260,17.999430,358,6411.3
SHP_L0_1,45.162330,17.999510,359,6421.3
SHP_L0_1,45.162500,17.999810,360,6451.5
SHP_L0_1,45.162580,17.999960,361,6466.2
SHP_L0_1,45.162640,18.000110,362,6479.7
SHP_L0_1,45.162680,18.000230,363,6490.1
SHP_L0_1,45.162720,18.000390,364,6503.4
SHP_L0_1,45.162740,18.000560,365,6516.9
SHP_L0_1,45.162770,18.000800,366,6536.1
SHP_L0_1,45.162780,18.001030,367,6554.1
SHP_L0_1,45.162780,18.001240,368,6570.6
SHP_L0_1,45.162770,18.001450,369,6587.1
SHP_L0_1,45.162750,18.001820,370,6616.2
SHP_L0_1,45.162710,18.001980,371,6629.5
SHP_L0_1,45.162690,18.002160,372,6643.8
SHP_L0_1,45.162680,18.002360,373,6659.5
SHP_L0_1,45.162630,18.002910,374,6703.0
SHP_L0_1,45.162620,18.002960,375,6707.1
SHP_L0_1,45.162610,18.003010,376,6711.1
SHP_L0_1,45.162580,18.003050,377,6715.7
SHP_L0_1,45.162540,18.003070,378,6720.4
SHP_L0_1,45.162500,18.003110,379,6725.9
SHP_L0_1,45.162460,18.003160,380,6731.8
SHP_L0_1,45.162440,18.003230,381,6737.7
SHP_L0_1,45.162420,18.003300,382,6743.6
SHP_L0_1,45.162420,18.003380,383,6749.9
SHP_L0_1,45.162440,18.003470,384,6757.3
SHP_L0_1,45.162480,18.003540,385,6764.4
SHP_L0_1,45.162530,18.003600,386,6771.7
SHP_L0_1,45.162550,18.003650,387,6776.2
SHP_L0_1,45.162560,18.003700,388,6780.2
SHP_L0_1,45.162560,18.003750,389,6784.2
SHP_L0_1,45.162630,18.003770,390,6792.1
SHP_L0_1,45.162690,18.003780,391,6798.8
SHP_L0_1,45.162680,18.003990,392,6815.3
SHP_L0_1,45.162690,18.004190,393,6831.0
SHP_L0_1,45.162710,18.004480,394,6853.9
SHP_L0_1,45.162710,18.004800,395,6879.0
SHP_L0_1,45.162660,18.005330,396,6920.9
SHP_L0_1,45.162650,18.005560,397,6939.0
SHP_L0_1,45.162630,18.005740,398,6953.3
SHP_L0_1,45.162630,18.005810,399,6958.7
SHP_L0_1,45.162630,18.005880,400,6964.2
SHP_L0_1,45.162580,18.006510,401,7013.9
SHP_L0_1,45.162580,18.006540,402,7016.3
SHP_L0_1,45.162570,18.006600,403,7021.1
SHP_L0_1,45.162560,18.006680,404,7027.5
SHP_L0_1,45.162550,18.006830,405,7039.3
SHP_L0_1,45.162410,18.008650,406,7182.8
SHP_L0_1,45.162400,18.008750,407,7190.8
SHP_L0_1,45.162390,18.008880,408,7201.0
SHP_L0_1,45.162330,18.009710,409,7266.4
SHP_L1_0,45.162330,18.009710,0,0.0
SHP_L1_0,45.162260,18.010720,1,79.6
SHP_L1_0,45.162260,18.010830,2,88.2
SHP_L1_0,45.162280,18.010890,3,93.4
SHP_L1_0,45.162360,18.011060,4,109.4
SHP_L1_0,45.162370,18.011120,5,114.3
SHP_L1_0,45.162370,18.011200,6,120.5
SHP_L1_0,45.162370,18.011290,7,127.6
SHP_L1_0,45.162360,18.011360,8,133.2
SHP_L1_0,45.162330,18.011410,9,138.3
SHP_L1_0,45.162310,18.011460,10,142.8
SHP_L1_0,45.162280,18.011500,11,147.4
SHP_L1_0,45.162250,18.011540,12,152.0
SHP_L1_0,45.162220,18.011560,13,155.7
SHP_L1_0,45.162200,18.011600,14,159.5
SHP_L1_0,45.162130,18.011590,15,167.3
SHP_L1_0,45.162100,18.011580,16,170.8
SHP_L1_0,45.162110,18.011520,17,175.6
SHP_L1_0,45.162110,18.011470,18,179.5
SHP_L1_0,45.162120,18.011440,19,182.1
SHP_L1_0,45.162140,18.011410,20,185.4
SHP_L1_0,45.162160,18.011380,21,188.6
SHP_L1_0,45.162190,18.011350,22,192.7
SHP_L1_0,45.162210,18.011330,23,195.4
SHP_L1_0,45.162230,18.011290,24,199.3
SHP_L1_0,45.162240,18.011250,25,202.6
SHP_L1_0,45.162240,18.011200,26,206.5
SHP_L1_0,45.162240,18.011150,27,210.4
SHP_L1_0,45.162220,18.011110,28,214.3
SHP_L1_0,45.162210,18.011080,29,216.9
SHP_L1_0,45.162190,18.011050,30,220.1
SHP_L1_0,45.162150,18.011010,31,225.5
SHP_L1_0,45.162130,18.011000,32,227.9
SHP_L1_0,45.162090,18.010990,33,232.4
SHP_L1_0,45.162050,18.010980,34,236.9
SHP_L1_0,45.162000,18.011000,35,242.7
SHP_L1_0,45.161960,18.011040,36,248.2
SHP_L1_0,45.161920,18.011080,37,253.6
SHP_L1_0,45.161890,18.011110,38,257.7
SHP_L1_0,45.161850,18.011130,39,262.4
SHP_L1_0,45.161810,18.011130,40,266.8
SHP_L1_0,45.161770,18.011130,41,271.3
SHP_L1_0,45.161600,18.011110,42,290.3
SHP_L1_0,45.161530,18.011100,43,298.1
SHP_L1_0,45.161480,18.011110,44,303.7
SHP_L1_0,45.161430,18.011120,45,309.3
SHP_L1_0,45.161280,18.011100,46,326.1
SHP_L1_0,45.160920,18.011060,47,366.2
SHP_L1_0,45.160660,18.011030,48,395.2
SHP_L1_0,45.160210,18.010980,49,445.4
SHP_L1_0,45.159870,18.010880,50,484.0
SHP_L1_0,45.159850,18.010880,51,486.3
SHP_L1_0,45.159820,18.010860,52,489.9
SHP_L1_0,45.159790,18.010830,53,494.0
SHP_L1_0,45.159770,18.010820,54,496.4
SHP_L1_0,45.159760,18.010810,55,497.7
SHP_L1_0,45.159740,18.010810,56,500.0
SHP_L1_0,45.159720,18.010810,57,502.2
SHP_L1_0,45.159700,18.010830,58,504.9
SHP_L1_0,45.159690,18.010840,59,506.3
SHP_L1_0,45.159640,18.010850,60,511.9
SHP_L1_0,45.159620,18.010860,61,514.2
SHP_L1_0,45.159570,18.010860,62,519.8
SHP_L1_0,45.159450,18.010860,63,533.1
SHP_L1_0,45.159010,18.010810,64,582.2
SHP_L1_0,45.156840,18.010520,65,824.6
SHP_L1_0,45.156750,18.010480,66,835.1
SHP_L1_0,45.156680,18.010460,67,843.0
SHP_L1_0,45.156630,18.010440,68,848.8
SHP_L1_0,45.156300,18.010390,69,885.7
SHP_L1_0,45.156000,18.010340,70,919.3
SHP_L1_0,45.155880,18.010320,71,932.7
SHP_L1_0,45.155860,18.010310,72,935.1
SHP_L1_0,45.155820,18.010290,73,939.8
SHP_L1_0,45.155800,18.010260,74,943.0
SHP_L1_0,45.155770,18.010230,75,947.1
SHP_L1_0,45.155740,18.010220,76,950.5
SHP_L1_0,45.155710,18.010220,77,953.9
SHP_L1_0,45.155670,18.010220,78,958.3
SHP_L1_0,45.155630,18.010200,79,963.0
SHP_L1_0,45.155340,18.010050,80,997.4
SHP_L1_0,45.155530,18.010220,81,1022.3
SHP_L1_0,45.155570,18.010260,82,1027.8
SHP_L1_0,45.155610,18.010310,83,1033.7
SHP_L1_0,45.155630,18.010330,84,1036.4
SHP_L1_0,45.155630,18.010360,85,1038.8
SHP_L1_0,45.155640,18.010410,86,1042.9
SHP_L1_0,45.155660,18.010450,87,1046.7
SHP_L1_0,45.155670,18.010510,88,1051.5
SHP_L1_0,45.155680,18.010580,89,1057.1
SHP_L1_0,45.155680,18.010650,90,1062.6
SHP_L1_0,45.155670,18.010740,91,1069.8
SHP_L1_0,45.155670,18.010840,92,1077.6
SHP_L1_0,45.155670,18.010920,93,1083.9
SHP_L1_0,45.155670,18.010980,94,1088.6
SHP_L1_0,45.155670,18.010990,95,1089.4
SHP_L1_0,45.155670,18.011000,96,1090.2
SHP_L1_0,45.155670,18.011070,97,1095.7
SHP_L1_0,45.155660,18.011200,98,1105.9
SHP_L1_0,45.155620,18.011570,99,1135.3
SHP_L1_0,45.155590,18.011920,100,1162.9
SHP_L1_0,45.155560,18.012180,101,1183.6
SHP_L1_0,45.155520,18.012540,102,1212.1
SHP_L1_0,45.155500,18.012800,103,1232.6
SHP_L1_0,45.155450,18.013330,104,1274.6
SHP_L1_0,45.155420,18.013600,105,1296.0
SHP_L1_0,45.155380,18.013850,106,1316.1
SHP_L1_0,45.155360,18.013990,107,1327.3
SHP_L1_0,45.155360,18.014010,108,1328.9
SHP_L1_0,45.155300,18.014280,109,1351.1
SHP_L1_0,45.155290,18.014350,110,1356.7
SHP_L1_0,45.155290,18.014420,111,1362.2
SHP_L1_0,45.155280,18.014490,112,1367.8
SHP_L1_0,45.155280,18.014540,113,1371.7
SHP_L1_0,45.155270,18.014570,114,1374.3
SHP_L1_0,45.155250,18.014600,115,1377.5
SHP_L1_0,45.155230,18.014630,116,1380.8
SHP_L1_0,45.155230,18.014670,117,1383.9
SHP_L1_0,45.155230,18.014710,118,1387.0
SHP_L1_0,45.155240,18.014750,119,1390.4
SHP_L1_0,45.155240,18.014810,120,1395.1
SHP_L1_0,45.155240,18.014870,121,1399.8
SHP_L1_0,45.155230,18.014950,122,1406.1
SHP_L1_0,45.155190,18.015190,123,1425.5
SHP_L1_0,45.155180,18.015230,124,1428.8
SHP_L1_0,45.155090,18.015630,125,1461.7
SHP_L1_0,45.154970,18.016180,126,1506.9
SHP_L1_0,45.154900,18.016520,127,1534.7
SHP_L1_0,45.154880,18.016620,128,1542.8
SHP_L1_0,45.154590,18.017890,129,1647.5
SHP_L1_0,45.154480,18.018370,130,1687.1
SHP_L1_0,45.154450,18.018540,131,1700.8
SHP_L1_0,45.154420,18.018650,132,1710.0
SHP_L1_0,45.154240,18.019460,133,1776.6
SHP_L1_0,45.154220,18.019540,134,1783.3
SHP_L1_0,45.154190,18.019590,135,1788.4
SHP_L1_0,45.154170,18.019630,136,1792.3
SHP_L1_0,45.154130,18.019650,137,1797.0
SHP_L1_0,45.154100,18.019670,138,1800.7
SHP_L1_0,45.154040,18.019680,139,1807.4
SHP_L1_0,45.153990,18.019680,140,1813.0
SHP_L1_0,45.153620,18.019690,141,1854.1
SHP_L1_0,45.153520,18.019700,142,1865.3
SHP_L1_0,45.153480,18.019710,143,1869.8
SHP_L1_0,45.153460,18.019720,144,1872.1
SHP_L1_0,45.153430,18.019740,145,1875.8
SHP_L1_0,45.153410,18.019760,146,1878.5
SHP_L1_0,45.153400,18.019790,147,1881.2
SHP_L1_0,45.153360,18.019860,148,1888.2
SHP_L1_0,45.153330,18.019940,149,1895.3
SHP_L1_0,45.153310,18.020040,150,1903.5
SHP_L1_0,45.153260,18.020310,151,1925.4
SHP_L1_0,45.153240,18.020410,152,1933.5
SHP_L1_0,45.153230,18.020430,153,1935.4
SHP_L1_0,45.153220,18.020460,154,1938.0
SHP_L1_0,45.153210,18.020500,155,1941.4
SHP_L1_0,45.153210,18.020530,156,1943.7
SHP_L1_0,45.153220,18.020550,157,1945.6
SHP_L1_0,45.153230,18.020580,158,1948.2
SHP_L1_0,45.153250,18.020590,159,1950.6
SHP_L1_0,45.153290,18.020680,160,1958.9
SHP_L1_0,45.153320,18.020760,161,1966.0
SHP_L1_0,45.153390,18.020950,162,1982.9
SHP_L1_0,45.153390,18.021010,163,1987.6
SHP_L1_0,45.153400,18.021090,164,1993.9
SHP_L1_0,45.153400,18.021160,165,1999.4
SHP_L1_0,45.153400,18.021250,166,2006.5
SHP_L1_0,45.153370,18.021880,167,2056.0
SHP_L1_0,45.153370,18.022200,168,2081.1
SHP_L1_0,45.153370,18.022380,169,2095.2
SHP_L1_0,45.153370,18.022620,170,2114.0
SHP_L1_0,45.153380,18.022700,171,2120.4
SHP_L1_0,45.153390,18.022950,172,2140.0
SHP_L1_0,45.153400,18.023280,173,2165.9
SHP_L1_0,45.153410,18.023520,174,2184.8
SHP_L1_0,45.153500,18.023520,175,2194.8
SHP_L1_0,45.153550,18.023530,176,2200.4
SHP_L1_0,45.153590,18.023550,177,2205.1
SHP_L1_0,45.153880,18.023640,178,2238.1
SHP_L1_0,45.154370,18.023810,179,2294.2
SHP_L1_0,45.154360,18.023890,180,2300.6
SHP_L1_0,45.154370,18.023810,181,2307.0
SHP_L1_0,45.154490,18.023850,182,2320.7
SHP_L1_0,45.154570,18.023880,183,2329.9
SHP_L1_0,45.154620,18.023900,184,2335.7
SHP_L1_0,45.154770,18.023950,185,2352.8
SHP_L1_0,45.154860,18.023990,186,2363.3
SHP_L1_0,45.155620,18.024260,187,2450.4
SHP_L1_0,45.156080,18.024390,188,2502.5
SHP_L1_0,45.156160,18.024400,189,2511.5
SHP_L1_0,45.156220,18.024400,190,2518.1
SHP_L1_0,45.156290,18.024400,191,2525.9
SHP_L1_0,45.156380,18.024380,192,2536.1
SHP_L1_0,45.157900,18.023700,193,2713.3
SHP_L1_0,45.158390,18.023420,194,2772.0
SHP_L1_0,45.158510,18.023400,195,2785.5
SHP_L1_0,45.158570,18.023400,196,2792.1
SHP_L1_0,45.158610,18.023420,197,2796.9
SHP_L1_0,45.158620,18.023440,198,2798.8
SHP_L1_0,45.158640,18.023440,199,2801.0
SHP_L1_0,45.158660,18.023440,200,2803.2
SHP_L1_0,45.158680,18.023430,201,2805.6
SHP_L1_0,45.158700,18.023420,202,2807.9
SHP_L1_0,45.158710,18.023400,203,2809.9
SHP_L1_0,45.158720,18.023370,204,2812.5
SHP_L1_0,45.158720,18.023340,205,2814.8
SHP_L1_0,45.158710,18.023310,206,2817.4
SHP_L1_0,45.158700,18.023280,207,2820.0
SHP_L1_0,45.158690,18.023270,208,2821.4
SHP_L1_0,45.158680,18.023260,209,2822.7
SHP_L1_0,45.158660,18.023200,210,2827.9
SHP_L1_0,45.158610,18.023080,211,2838.9
SHP_L1_0,45.158570,18.022980,212,2847.9
SHP_L1_0,45.158520,18.022900,213,2856.3
SHP_L1_0,45.158390,18.022520,214,2889.4
SHP_L1_0,45.158340,18.022410,215,2899.7
SHP_L1_0,45.158040,18.021640,216,2968.6
SHP_L1_0,45.157960,18.021430,217,2987.3
SHP_L1_0,45.157900,18.021270,218,3001.6
SHP_L1_0,45.157800,18.020880,219,3034.1
SHP_L1_0,45.157290,18.019050,220,3188.4
SHP_L1_0,45.157060,18.018160,221,3262.7
SHP_L1_0,45.156810,18.017180,222,3344.4
SHP_L1_0,45.157820,18.016820,223,3460.2
SHP_L1_0,45.158300,18.016660,224,3515.1
SHP_L1_0,45.158370,18.016630,225,3523.2
SHP_L1_0,45.158410,18.016620,226,3527.7
SHP_L1_0,45.159340,18.016310,227,3633.9
SHP_L1_0,45.159340,18.016250,228,3638.6
SHP_L1_0,45.159390,18.015530,229,3695.4
SHP_L1_0,45.159390,18.015470,230,3700.1
SHP_L1_0,45.159410,18.015350,231,3709.7
SHP_L1_0,45.159490,18.015380,232,3718.9
SHP_L1_0,45.159660,18.015430,233,3738.2
SHP_L1_0,45.160300,18.015710,234,3812.7
SHP_L1_0,45.160600,18.015840,235,3847.6
SHP_L1_0,45.160610,18.015840,236,3848.7
SHP_L1_0,45.161140,18.016070,237,3910.3
SHP_L1_0,45.161200,18.016120,238,3918.1
SHP_L1_0,45.161240,18.016150,239,3923.1
SHP_L1_0,45.161350,18.016210,240,3936.2
SHP_L1_0,45.161380,18.016230,241,3939.9
SHP_L1_0,45.161400,18.016260,242,3943.1
SHP_L1_0,45.161420,18.016280,243,3945.9
SHP_L1_0,45.161430,18.016310,244,3948.5
SHP_L1_0,45.161440,18.016370,245,3953.3
SHP_L1_0,45.161470,18.016410,246,3957.9
SHP_L1_0,45.161500,18.016450,247,3962.4
SHP_L1_0,45.161540,18.016470,248,3967.2
SHP_L1_0,45.161580,18.016480,249,3971.7
SHP_L1_0,45.161620,18.016470,250,3976.2
SHP_L1_0,45.161650,18.016440,251,3980.3
SHP_L1_0,45.161680,18.016400,252,3984.9
SHP_L1_0,45.161700,18.016350,253,3989.4
SHP_L1_0,45.161710,18.016300,254,3993.4
SHP_L1_0,45.161710,18.016250,255,3997.4
SHP_L1_0,45.161700,18.016200,256,4001.4
SHP_L1_0,45.161680,18.016160,257,4005.3
SHP_L1_0,45.161650,18.016120,258,4009.9
SHP_L1_0,45.161620,18.016100,259,4013.5
SHP_L1_0,45.161610,18.016060,260,4016.9
SHP_L1_0,45.161600,18.016010,261,4020.9
SHP_L1_0,45.161600,18.015970,262,4024.1
SHP_L1_0,45.161600,18.015870,263,4031.9
SHP_L1_0,45.161630,18.015590,264,4054.1
SHP_L1_0,45.161660,18.015320,265,4075.6
SHP_L1_0,45.161680,18.015190,266,4086.0
SHP_L1_0,45.161700,18.015070,267,4095.7
SHP_L1_0,45.161730,18.014940,268,4106.4
SHP_L1_0,45.161770,18.014810,269,4117.5
SHP_L1_0,45.161790,18.014690,270,4127.2
SHP_L1_0,45.161800,18.014570,271,4136.6
SHP_L1_0,45.161860,18.013960,272,4184.9
SHP_L1_0,45.162090,18.011870,273,4350.8
SHP_L1_0,45.162090,18.011660,274,4367.2
SHP_L1_0,45.162100,18.011580,275,4373.6
SHP_L1_0,45.162110,18.011520,276,4378.5
SHP_L1_0,45.162110,18.011470,277,4382.4
SHP_L1_0,45.162120,18.011440,278,4385.0
SHP_L1_0,45.162140,18.011410,279,4388.2
SHP_L1_0,45.162160,18.011380,280,4391.4
SHP_L1_0,45.162190,18.011350,281,4395.5
SHP_L1_0,45.162210,18.011330,282,4398.3
SHP_L1_0,45.162230,18.011290,283,4402.1
SHP_L1_0,45.162240,18.011250,284,4405.4
SHP_L1_0,45.162240,18.011200,285,4409.3
SHP_L1_0,45.162240,18.011150,286,4413.3
SHP_L1_0,45.162220,18.011110,287,4417.1
SHP_L1_0,45.162210,18.011080,288,4419.7
SHP_L1_0,45.162190,18.011050,289,4422.9
SHP_L1_0,45.162170,18.010990,290,4428.1
SHP_L1_0,45.162170,18.010930,291,4432.9
SHP_L1_0,45.162170,18.010870,292,4437.6
SHP_L1_0,45.162170,18.010860,293,4438.3
SHP_L1_0,45.162170,18.010750,294,4447.0
SHP_L1_0,45.162190,18.010650,295,4455.1
SHP_L1_0,45.162200,18.010560,296,4462.3
SHP_L1_0,45.162340,18.008740,297,4605.8
SHP_L1_0,45.162500,18.006670,298,4769.1
SHP_L1_0,45.162510,18.006610,299,4773.9
SHP_L1_0,45.162560,18.005800,300,4837.7
SHP_L1_0,45.162640,18.004810,301,4915.8
SHP_L1_0,45.162640,18.004660,302,4927.5
SHP_L1_0,45.162640,18.004520,303,4938.5
SHP_L1_0,45.162630,18.004400,304,4948.0
SHP_L1_0,45.162620,18.004200,305,4963.7
SHP_L1_0,45.162620,18.003990,306,4980.2
SHP_L1_0,45.162630,18.003840,307,4992.0
SHP_L1_0,45.162630,18.003770,308,4997.5
SHP_L1_0,45.162640,18.003690,309,5003.8
SHP_L1_0,45.162650,18.003650,310,5007.2
SHP_L1_0,45.162670,18.003630,311,5009.9
SHP_L1_0,45.162710,18.003610,312,5014.6
SHP_L1_0,45.162750,18.003580,313,5019.6
SHP_L1_0,45.162790,18.003530,314,5025.6
SHP_L1_0,45.162820,18.003460,315,5032.0
SHP_L1_0,45.162830,18.003390,316,5037.6
SHP_L1_0,45.162840,18.003330,317,5042.4
SHP_L1_0,45.162850,18.003300,318,5045.0
SHP_L1_0,45.162860,18.003270,319,5047.6
SHP_L1_0,45.162880,18.003240,320,5050.9
SHP_L1_0,45.162910,18.003210,321,5054.9
SHP_L1_0,45.162940,18.003180,322,5059.0
SHP_L1_0,45.162980,18.003130,323,5065.0
SHP_L1_0,45.163010,18.003100,324,5069.0
SHP_L1_0,45.163030,18.003050,325,5073.5
SHP_L1_0,45.163060,18.003020,326,5077.6
SHP_L1_0,45.163080,18.002980,327,5081.5
SHP_L1_0,45.163130,18.002900,328,5089.9
SHP_L1_0,45.163410,18.002290,329,5146.9
SHP_L1_0,45.163510,18.002100,330,5165.5
SHP_L1_0,45.164050,18.001120,331,5263.0
SHP_L1_0,45.164090,18.001050,332,5270.1
SHP_L1_0,45.164100,18.000970,333,5276.5
SHP_L1_0,45.164100,18.000870,334,5284.3
SHP_L1_0,45.164080,18.000750,335,5294.0
SHP_L1_0,45.164040,18.000590,336,5307.3
SHP_L1_0,45.164020,18.000470,337,5316.9
SHP_L1_0,45.164000,18.000300,338,5330.5
SHP_L1_0,45.164000,18.000210,339,5337.5
SHP_L1_0,45.164010,18.000120,340,5344.7
SHP_L1_0,45.164040,18.000050,341,5351.1
SHP_L1_0,45.164080,17.999990,342,5357.6
SHP_L1_0,45.164130,17.999940,343,5364.4
SHP_L1_0,45.164190,17.999920,344,5371.2
SHP_L1_0,45.164290,17.999910,345,5382.4
SHP_L1_0,45.164520,17.999930,346,5408.0
SHP_L1_0,45.164590,17.999920,347,5415.8
SHP_L1_0,45.164640,17.999910,348,5421.4
SHP_L1_0,45.164700,17.999880,349,5428.5
SHP_L1_0,45.164750,17.999830,350,5435.3
SHP_L1_0,45.164800,17.999780,351,5442.1
SHP_L1_0,45.164860,17.999700,352,5451.3
SHP_L1_0,45.164960,17.999520,353,5469.2
SHP_L1_0,45.165040,17.999350,354,5485.2
SHP_L1_0,45.165100,17.999390,355,5492.6
SHP_L1_0,45.165130,17.999410,356,5496.3
SHP_L1_0,45.165360,17.999580,357,5525.1
SHP_L1_0,45.165420,17.999620,358,5532.5
SHP_L1_0,45.165650,17.999790,359,5561.4
SHP_L1_0,45.165930,18.000000,360,5596.6
SHP_L1_0,45.166280,18.000260,361,5640.5
SHP_L1_0,45.166410,18.000390,362,5658.2
SHP_L1_0,45.166550,18.000600,363,5680.8
SHP_L1_0,45.166590,18.000700,364,5689.9
SHP_L1_0,45.166650,18.000860,365,5704.1
SHP_L1_0,45.166700,18.001080,366,5722.2
SHP_L1_0,45.166730,18.001280,367,5738.2
SHP_L1_0,45.166740,18.001720,368,5772.7
SHP_L1_0,45.166760,18.002300,369,5818.3
SHP_L1_0,45.166760,18.002710,370,5850.4
SHP_L1_0,45.166770,18.003390,371,5903.7
SHP_L1_0,45.166760,18.003450,372,5908.6
SHP_L1_0,45.166760,18.003540,373,5915.6
SHP_L1_0,45.166730,18.003660,374,5925.6
SHP_L1_0,45.166790,18.003680,375,5932.4
SHP_L1_0,45.167170,18.003730,376,5974.9
SHP_L1_0,45.167230,18.003740,377,5981.6
SHP_L1_0,45.167180,18.004370,378,6031.3
SHP_L1_0,45.167130,18.004980,379,6079.4
SHP_L1_0,45.167070,18.005640,380,6131.6
SHP_L1_0,45.167050,18.005830,381,6146.7
SHP_L1_0,45.167010,18.006470,382,6197.0
SHP_L1_0,45.167000,18.006620,383,6208.9
SHP_L1_0,45.166120,18.006480,384,6307.3
SHP_L1_0,45.166050,18.007170,385,6362.0
SHP_L1_0,45.165940,18.008600,386,6474.8
SHP_L1_0,45.165700,18.012000,387,6742.6
SHP_L1_0,45.165700,18.012040,388,6745.8
SHP_L1_0,45.165630,18.013760,389,6880.8
SHP_L1_0,45.165650,18.013930,390,6894.4
SHP_L1_0,45.165630,18.013760,391,6907.9
SHP_L1_0,45.165700,18.012040,392,7042.9
SHP_L1_0,45.165700,18.012000,393,7046.1
SHP_L1_0,45.165830,18.010150,394,7191.8
SHP_L1_0,45.165940,18.008600,395,7314.0
SHP_L1_0,45.166050,18.007170,396,7426.7
SHP_L1_0,45.166120,18.006480,397,7481.4
SHP_L1_0,45.166250,18.004440,398,7642.0
SHP_L1_0,45.166280,18.004370,399,7648.4
SHP_L1_0,45.166320,18.004320,400,7654.3
SHP_L1_0,45.166370,18.004280,401,7660.7
SHP_L1_0,45.166440,18.004250,402,7668.8
SHP_L1_0,45.166570,18.004260,403,7683.3
SHP_L1_0,45.167180,18.004370,404,7751.7
SHP_L1_0,45.167230,18.003740,405,7801.4
SHP_L1_0,45.167280,18.003750,406,7807.0
SHP_L1_0,45.167740,18.003850,407,7858.8
SHP_L1_0,45.167760,18.003850,408,7861.0
SHP_L1_0,45.167810,18.003860,409,7866.6
SHP_L1_0,45.167850,18.003860,410,7871.0
SHP_L1_0,45.167990,18.003890,411,7886.8
SHP_L1_0,45.168030,18.003900,412,7891.3
SHP_L1_0,45.168090,18.003900,413,7898.0
SHP_L1_0,45.168140,18.003900,414,7903.5
SHP_L1_0,45.168280,18.003890,415,7919.1
SHP_L1_0,45.168400,18.003890,416,7932.5
SHP_L1_0,45.168630,18.003850,417,7958.2
SHP_L1_0,45.168710,18.003840,418,7967.2
SHP_L1_0,45.168790,18.003820,419,7976.2
SHP_L1_0,45.169360,18.003710,420,8040.2
SHP_L1_0,45.169450,18.003700,421,8050.2
SHP_L1_0,45.169500,18.003690,422,8055.8
SHP_L1_0,45.170160,18.003570,423,8129.8
SHP_L1_0,45.170260,18.003550,424,8141.0
SHP_L1_0,45.170320,18.003530,425,8147.9
SHP_L1_0,45.170830,18.003440,426,8205.0
SHP_L1_0,45.170970,18.003410,427,8220.8
SHP_L1_0,45.171040,18.003390,428,8228.7
SHP_L1_0,45.171140,18.003380,429,8239.9
SHP_L1_0,45.171780,18.003260,430,8311.7
SHP_L1_0,45.171870,18.003240,431,8321.8
SHP_L1_0,45.171930,18.003230,432,8328.5
SHP_L1_0,45.172510,18.003120,433,8393.6
SHP_L1_0,45.172590,18.003110,434,8402.5
SHP_L1_0,45.172650,18.003100,435,8409.2
SHP_L1_0,45.173140,18.002990,436,8464.4
SHP_L1_0,45.173360,18.002900,437,8489.8
SHP_L1_0,45.173700,18.002700,438,8530.8
SHP_L1_0,45.173850,18.002580,439,8549.9
SHP_L1_0,45.173890,18.002560,440,8554.6
SHP_L1_0,45.173930,18.002530,441,8559.7
SHP_L1_0,45.174500,18.002120,442,8630.7
SHP_L1_0,45.174770,18.001910,443,8665.0
SHP_L1_0,45.174950,18.001780,444,8687.4
SHP_L1_0,45.175150,18.001630,445,8712.6
SHP_L1_0,45.175260,18.001550,446,8726.3
SHP_L1_0,45.175240,18.001490,447,8731.5
SHP_L1_0,45.175650,18.001190,448,8782.8
SHP_L1_0,45.175830,18.001060,449,8805.3
SHP_L1_0,45.175970,18.000950,450,8823.1
SHP_L1_0,45.176810,18.000320,451,8928.7
SHP_L1_0,45.176900,18.000260,452,8939.8
SHP_L1_0,45.177250,18.000020,453,8983.0
SHP_L1_0,45.177490,17.999820,454,9014.0
SHP_L1_0,45.177690,17.999640,455,9040.3
SHP_L1_0,45.177850,17.999420,456,9065.1
SHP_L1_0,45.177810,17.999370,457,9071.0
SHP_L1_0,45.177290,17.998680,458,9150.2
SHP_L1_0,45.177030,17.998230,459,9195.8
SHP_L1_0,45.176690,17.997300,460,9277.9
SHP_L1_0,45.176790,17.997080,461,9298.4
SHP_L1_0,45.176820,17.996840,462,9317.5
SHP_L1_0,45.176810,17.996490,463,9345.0
SHP_L1_0,45.176770,17.995970,464,9386.0
SHP_L1_0,45.176720,17.995460,465,9426.3
SHP_L1_0,45.176470,17.995320,466,9456.2
SHP_L1_0,45.176160,17.995090,467,9495.1
SHP_L1_0,45.176040,17.994910,468,9514.6
SHP_L1_0,45.175950,17.994680,469,9535.2
SHP_L1_0,45.175690,17.993320,470,9645.6
SHP_L1_0,45.175530,17.991800,471,9766.1
SHP_L1_0,45.175440,17.991800,472,9776.1
SHP_L1_0,45.175530,17.991800,473,9786.1
SHP_L1_0,45.175690,17.993320,474,9906.6
SHP_L1_0,45.175950,17.994680,475,10017.0
SHP_L1_0,45.176040,17.994910,476,10037.7
SHP_L1_0,45.176160,17.995090,477,10057.1
SHP_L1_0,45.176470,17.995320,478,10096.0
SHP_L1_0,45.176720,17.995460,479,10125.9
SHP_L1_0,45.176770,17.995970,480,10166.2
SHP_L1_0,45.176810,17.996490,481,10207.2
SHP_L1_0,45.176820,17.996840,482,10234.7
SHP_L1_0,45.176790,17.997080,483,10253.8
SHP_L1_0,45.176690,17.997300,484,10274.3
SHP_L1_0,45.177030,17.998230,485,10356.4
SHP_L1_0,45.177290,17.998680,486,10402.0
SHP_L1_0,45.177810,17.999370,487,10481.2
SHP_L1_0,45.177850,17.999420,488,10487.1
SHP_L1_0,45.178250,17.998810,489,10552.4
SHP_L1_0,45.178270,17.998780,490,10555.7
SHP_L1_0,45.178280,17.998760,491,10557.6
SHP_L1_0,45.178250,17.998710,492,10562.7
SHP_L1_0,45.178280,17.998640,493,10569.2
SHP_L1_0,45.178510,17.998240,494,10609.6
SHP_L1_0,45.178550,17.998120,495,10620.0
SHP_L1_0,45.180230,17.997070,496,10824.2
SHP_L1_0,45.180610,17.996840,497,10870.1
SHP_L1_0,45.181040,17.996610,498,10921.2
SHP_L1_0,45.182090,17.996060,499,11045.6
SHP_L1_0,45.182130,17.996040,500,11050.4
SHP_L1_0,45.182190,17.996030,501,11057.1
SHP_L1_0,45.182240,17.996020,502,11062.7
SHP_L1_0,45.182280,17.996020,503,11067.1
SHP_L1_0,45.182290,17.996030,504,11068.5
SHP_L1_0,45.182310,17.996070,505,11072.4
SHP_L1_0,45.182330,17.996120,506,11076.9
SHP_L1_0,45.182370,17.996290,507,11090.9
SHP_L1_0,45.182370,17.996160,508,11101.1
SHP_L1_0,45.182370,17.996090,509,11106.6
SHP_L1_0,45.182380,17.996020,510,11112.2
SHP_L1_0,45.182400,17.995990,511,11115.4
SHP_L1_0,45.182410,17.995950,512,11118.7
SHP_L1_0,45.182410,17.995920,513,11121.1
SHP_L1_0,45.182400,17.995880,514,11124.4
SHP_L1_0,45.182380,17.995850,515,11127.7
SHP_L1_0,45.182360,17.995830,516,11130.4
SHP_L1_0,45.182340,17.995780,517,11134.9
SHP_L1_0,45.182310,17.995710,518,11141.3
SHP_L1_0,45.182280,17.995600,519,11150.5
SHP_L1_0,45.182180,17.994800,520,11214.2
SHP_L1_0,45.182020,17.993610,521,11309.2
SHP_L1_0,45.181840,17.992260,522,11416.9
SHP_L1_0,45.181830,17.992220,523,11420.2
SHP_L1_0,45.181840,17.992260,524,11423.5
SHP_L1_0,45.182020,17.993610,525,11531.2
SHP_L1_0,45.182180,17.994800,526,11626.1
SHP_L1_0,45.182280,17.995600,527,11689.8
SHP_L1_0,45.182290,17.995680,528,11696.2
SHP_L1_0,45.182290,17.995750,529,11701.7
SHP_L1_0,45.182280,17.995800,530,11705.8
SHP_L1_0,45.182270,17.995860,531,11710.6
SHP_L1_0,45.182250,17.995890,532,11713.8
SHP_L1_0,45.182210,17.995950,533,11720.3
SHP_L1_0,45.182180,17.996000,534,11725.4
SHP_L1_0,45.182130,17.996040,535,11731.8
SHP_L1_0,45.182190,17.996030,536,11738.5
SHP_L1_0,45.182240,17.996020,537,11744.2
SHP_L1_0,45.182280,17.996020,538,11748.6
SHP_L1_0,45.182290,17.996030,539,11750.0
SHP_L1_0,45.182310,17.996070,540,11753.8
SHP_L1_0,45.182330,17.996120,541,11758.3
SHP_L1_0,45.182370,17.996290,542,11772.4
SHP_L1_0,45.182420,17.996540,543,11792.7
SHP_L1_0,45.182420,17.996550,544,11793.5
SHP_L1_0,45.182460,17.996700,545,11806.1
SHP_L1_0,45.182500,17.996830,546,11817.2
SHP_L1_0,45.182540,17.996940,547,11826.9
SHP_L1_0,45.182700,17.997310,548,11860.9
SHP_L1_0,45.183010,17.998020,549,11926.4
SHP_L1_0,45.183090,17.998240,550,11945.8
SHP_L1_0,45.183140,17.998390,551,11958.8
SHP_L1_0,45.183180,17.998580,552,11974.3
SHP_L1_0,45.183540,18.000460,553,12127.0
SHP_L1_0,45.183720,18.001350,554,12199.6
SHP_L1_0,45.183770,18.001630,555,12222.2
SHP_L1_0,45.183810,18.001990,556,12250.8
SHP_L1_0,45.183900,18.003430,557,12364.1
SHP_L1_0,45.183940,18.003770,558,12391.1
SHP_L1_0,45.183950,18.003820,559,12395.2
SHP_L1_0,45.184020,18.004170,560,12423.7
SHP_L1_0,45.184140,18.004820,561,12476.3
SHP_L1_0,45.184180,18.005030,562,12493.4
SHP_L1_0,45.184210,18.005240,563,12510.2
SHP_L1_0,45.184250,18.005950,564,12566.0
SHP_L1_0,45.184270,18.006570,565,12614.7
SHP_L1_0,45.184280,18.006700,566,12624.9
SHP_L1_0,45.184290,18.006840,567,12635.9
SHP_L1_0,45.184300,18.006960,568,12645.4
SHP_L1_0,45.184340,18.007110,569,12658.0
SHP_L1_0,45.184370,18.007210,570,12666.5
SHP_L1_0,45.184420,18.007330,571,12677.4
SHP_L1_0,45.184490,18.007470,572,12690.9
SHP_L1_0,45.185370,18.009140,573,12854.3
SHP_L1_0,45.185450,18.009320,574,12871.0
SHP_L1_0,45.185740,18.009980,575,12931.9
SHP_L1_0,45.185920,18.010410,576,12971.1
SHP_L1_0,45.186170,18.010970,577,13023.1
SHP_L1_0,45.186290,18.011270,578,13050.1
SHP_L1_0,45.186350,18.011410,579,13062.9
SHP_L1_0,45.186830,18.012500,580,13163.7
SHP_L1_0,45.187020,18.012950,581,13204.8
SHP_L1_0,45.187850,18.014920,582,13384.6
SHP_L1_0,45.188280,18.015940,583,13477.8
SHP_L1_0,45.188860,18.017310,584,13603.0
SHP_L1_0,45.189400,18.018520,585,13715.3
SHP_L1_0,45.189560,18.018900,586,13750.0
SHP_L1_0,45.189720,18.019260,587,13783.3
SHP_L1_0,45.189850,18.019590,588,13812.9
SHP_L1_0,45.189950,18.019920,589,13841.1
SHP_L1_0,45.189990,18.020100,590,13855.9
SHP_L1_0,45.190070,18.020440,591,13884.0
SHP_L1_0,45.190130,18.020770,592,13910.7
SHP_L1_0,45.190180,18.021090,593,13936.4
SHP_L1_0,45.190340,18.022690,594,14063.0
SHP_L1_0,45.190440,18.023880,595,14156.9
SHP_L1_0,45.190450,18.024030,596,14168.7
SHP_L1_0,45.190460,18.024250,597,14186.0
SHP_L1_0,45.190450,18.025180,598,14258.9
SHP_L1_0,45.190410,18.026250,599,14342.9
SHP_L1_0,45.190350,18.027260,600,14422.3
SHP_L1_0,45.190330,18.027640,601,14452.1
SHP_L1_0,45.190310,18.028030,602,14482.8
SHP_L1_0,45.190310,18.028530,603,14522.0
SHP_L1_0,45.190310,18.029120,604,14568.2
SHP_L1_0,45.190320,18.029520,605,14599.6
SHP_L1_0,45.190310,18.029120,606,14630.9
SHP_L1_0,45.190310,18.028530,607,14677.2
SHP_L1_0,45.190310,18.028030,608,14716.4
SHP_L1_0,45.190070,18.028000,609,14743.1
SHP_L1_0,45.188830,18.027840,610,14881.6
SHP_L1_0,45.188470,18.027790,611,14921.8
SHP_L1_0,45.188420,18.027780,612,14927.4
SHP_L1_0,45.188180,18.027740,613,14954.3
SHP_L1_0,45.187890,18.027640,614,14987.5
SHP_L1_0,45.187590,18.027460,615,15023.7
SHP_L1_0,45.186510,18.026580,616,15162.2
SHP_L1_0,45.185210,18.025510,617,15329.3
SHP_L1_0,45.185140,18.025410,618,15340.4
SHP_L1_0,45.184870,18.025210,619,15374.2
SHP_L1_0,45.184310,18.024750,620,15446.2
SHP_L1_0,45.184030,18.024510,621,15482.5
SHP_L1_0,45.183690,18.024230,622,15526.3
SHP_L1_0,45.183570,18.024160,623,15540.7
SHP_L1_0,45.182650,18.023410,624,15658.7
SHP_L1_0,45.182490,18.023270,625,15679.6
SHP_L1_0,45.181170,18.022190,626,15849.0
SHP_L1_0,45.181010,18.022060,627,15869.5
SHP_L1_0,45.180880,18.021950,628,15886.3
SHP_L1_0,45.180480,18.021620,629,15937.8
SHP_L1_0,45.180170,18.021360,630,15977.8
SHP_L1_0,45.179830,18.021090,631,16021.2
SHP_L1_0,45.179410,18.020730,632,16075.7
SHP_L1_0,45.179090,18.020470,633,16116.7
SHP_L1_0,45.177220,18.018920,634,16357.6
SHP_L1_0,45.176950,18.018700,635,16392.2
SHP_L1_0,45.176780,18.018600,636,16412.6
SHP_L1_0,45.176600,18.018530,637,16433.4
SHP_L1_0,45.176400,18.018480,638,16456.0
SHP_L1_0,45.176230,18.018460,639,16475.0
SHP_L1_0,45.176150,18.018450,640,16483.9
SHP_L1_0,45.176140,18.018450,641,16485.0
SHP_L1_0,45.175110,18.018370,642,16599.7
SHP_L1_0,45.174990,18.018370,643,16613.0
SHP_L1_0,45.174880,18.018350,644,16625.4
SHP_L1_0,45.174580,18.018330,645,16658.8
SHP_L1_0,45.174320,18.018310,646,16687.7
SHP_L1_0,45.174230,18.018320,647,16697.8
SHP_L1_0,45.174130,18.018320,648,16708.9
SHP_L1_0,45.173990,18.018360,649,16724.8
SHP_L1_0,45.173940,18.018370,650,16730.4
SHP_L1_0,45.173870,18.018400,651,16738.5
SHP_L1_0,45.173590,18.018510,652,16770.8
SHP_L1_0,45.173470,18.018550,653,16784.5
SHP_L1_0,45.173250,18.018640,654,16810.0
SHP_L1_0,45.173050,18.018660,655,16832.3
SHP_L1_0,45.172870,18.018670,656,16852.3
SHP_L1_0,45.172860,18.018670,657,16853.4
SHP_L1_0,45.171990,18.018700,658,16950.2
SHP_L1_0,45.171640,18.018720,659,16989.1
SHP_L1_0,45.171060,18.018720,660,17053.6
SHP_L1_0,45.170860,18.018690,661,17076.0
SHP_L1_0,45.168610,18.018500,662,17326.6
SHP_L1_0,45.168410,18.018480,663,17348.9
SHP_L1_0,45.167900,18.018430,664,17405.8
SHP_L1_0,45.167710,18.018410,665,17426.9
SHP_L1_0,45.167190,18.018350,666,17485.0
SHP_L1_0,45.167060,18.018340,667,17499.4
SHP_L1_0,45.166460,18.018280,668,17566.3
SHP_L1_0,45.166390,18.018260,669,17574.3
SHP_L1_0,45.166310,18.018230,670,17583.5
SHP_L1_0,45.166020,18.018100,671,17617.3
SHP_L1_0,45.165620,18.017930,672,17663.7
SHP_L1_0,45.165060,18.017700,673,17728.5
SHP_L1_0,45.164920,18.017650,674,17744.6
SHP_L1_0,45.164720,18.017590,675,17767.3
SHP_L1_0,45.164590,18.017490,676,17783.8
SHP_L1_0,45.164540,18.017460,677,17789.8
SHP_L1_0,45.164500,18.017410,678,17795.7
SHP_L1_0,45.164490,18.017380,679,17798.3
SHP_L1_0,45.164460,18.017350,680,17802.4
SHP_L1_0,45.164440,18.017340,681,17804.8
SHP_L1_0,45.164410,18.017330,682,17808.2
SHP_L1_0,45.164380,18.017340,683,17811.6
SHP_L1_0,45.164360,18.017360,684,17814.3
SHP_L1_0,45.164330,18.017360,685,17817.7
SHP_L1_0,45.164270,18.017350,686,17824.4
SHP_L1_0,45.164210,18.017320,687,17831.5
SHP_L1_0,45.163910,18.017200,688,17866.1
SHP_L1_0,45.163800,18.017150,689,17879.0
SHP_L1_0,45.163670,18.017110,690,17893.8
SHP_L1_0,45.163530,18.017060,691,17909.8
SHP_L1_0,45.163160,18.016900,692,17952.8
SHP_L1_0,45.162660,18.016700,693,18010.6
SHP_L1_0,45.162590,18.016660,694,18019.0
SHP_L1_0,45.162530,18.016630,695,18026.1
SHP_L1_0,45.162450,18.016600,696,18035.3
SHP_L1_0,45.162360,18.016580,697,18045.4
SHP_L1_0,45.162270,18.016540,698,18055.9
SHP_L1_0,45.162040,18.016460,699,18082.2
SHP_L1_0,45.161970,18.016440,700,18090.2
SHP_L1_0,45.161900,18.016410,701,18098.3
SHP_L1_0,45.161800,18.016350,702,18110.4
SHP_L1_0,45.161760,18.016330,703,18115.1
SHP_L1_0,45.161740,18.016310,704,18117.8
SHP_L1_0,45.161720,18.016280,705,18121.0
SHP_L1_0,45.161710,18.016250,706,18123.6
SHP_L1_0,45.161700,18.016200,707,18127.7
SHP_L1_0,45.161680,18.016160,708,18131.6
SHP_L1_0,45.161650,18.016120,709,18136.1
SHP_L1_0,45.161620,18.016100,710,18139.8
SHP_L1_0,45.161580,18.016080,711,18144.5
SHP_L1_0,45.161530,18.016090,712,18150.2
SHP_L1_0,45.161490,18.016120,713,18155.2
SHP_L1_0,45.161480,18.016130,714,18156.5
SHP_L1_0,45.161450,18.016150,715,18160.2
SHP_L1_0,45.161430,18.016150,716,18162.5
SHP_L1_0,45.161400,18.016140,717,18165.9
SHP_L1_0,45.161360,18.016130,718,18170.4
SHP_L1_0,45.161280,18.016100,719,18179.6
SHP_L1_0,45.161240,18.016080,720,18184.3
SHP_L1_0,45.161200,18.016070,721,18188.8
SHP_L1_0,45.161140,18.016070,722,18195.5
SHP_L1_0,45.160610,18.015840,723,18257.1
SHP_L1_0,45.160600,18.015840,724,18258.2
SHP_L1_0,45.160300,18.015710,725,18293.1
SHP_L1_0,45.160600,18.015840,726,18328.0
SHP_L1_0,45.160610,18.015840,727,18329.1
SHP_L1_0,45.161140,18.016070,728,18390.8
SHP_L1_0,45.161200,18.016120,729,18398.5
SHP_L1_0,45.161240,18.016150,730,18403.5
SHP_L1_0,45.161350,18.016210,731,18416.6
SHP_L1_0,45.161380,18.016230,732,18420.3
SHP_L1_0,45.161400,18.016260,733,18423.5
SHP_L1_0,45.161420,18.016280,734,18426.3
SHP_L1_0,45.161430,18.016310,735,18428.9
SHP_L1_0,45.161440,18.016370,736,18433.7
SHP_L1_0,45.161470,18.016410,737,18438.3
SHP_L1_0,45.161500,18.016450,738,18442.9
SHP_L1_0,45.161510,18.016490,739,18446.2
SHP_L1_0,45.161510,18.016530,740,18449.3
SHP_L1_0,45.161510,18.016590,741,18454.0
SHP_L1_0,45.161500,18.016860,742,18475.2
SHP_L1_0,45.161490,18.017190,743,18501.1
SHP_L1_0,45.161480,18.017520,744,18527.0
SHP_L1_0,45.161480,18.017660,745,18538.0
SHP_L1_0,45.161480,18.017780,746,18547.4
SHP_L1_0,45.161480,18.017910,747,18557.6
SHP_L1_0,45.161470,18.018060,748,18569.4
SHP_L1_0,45.161470,18.018170,749,18578.0
SHP_L1_0,45.161410,18.019000,750,18643.5
SHP_L1_0,45.161370,18.019560,751,18687.6
SHP_L1_0,45.161360,18.019630,752,18693.2
SHP_L1_0,45.161360,18.019640,753,18694.0
SHP_L1_0,45.161350,18.019700,754,18698.8
SHP_L1_0,45.161330,18.019750,755,18703.3
SHP_L1_0,45.161300,18.019810,756,18709.1
SHP_L1_0,45.161280,18.019840,757,18712.3
SHP_L1_0,45.161250,18.019860,758,18716.0
SHP_L1_0,45.161220,18.019880,759,18719.7
SHP_L1_0,45.161190,18.019890,760,18723.1
SHP_L1_0,45.161150,18.019900,761,18727.6
SHP_L1_0,45.161080,18.019910,762,18735.5
SHP_L1_0,45.160990,18.019900,763,18745.5
SHP_L1_0,45.160920,18.019870,764,18753.6
SHP_L1_0,45.160860,18.019840,765,18760.7
SHP_L1_0,45.160800,18.019810,766,18767.8
SHP_L1_0,45.160730,18.019790,767,18775.7
SHP_L1_0,45.160660,18.019770,768,18783.7
SHP_L1_0,45.160600,18.019770,769,18790.3
SHP_L1_0,45.160530,18.019780,770,18798.1
SHP_L1_0,45.160450,18.019810,771,18807.3
SHP_L1_0,45.160080,18.020030,772,18852.0
SHP_L1_0,45.159300,18.020470,773,18945.3
SHP_L1_0,45.158740,18.020790,774,19012.4
SHP_L1_0,45.157990,18.021220,775,19102.4
SHP_L1_0,45.157900,18.021270,776,19113.1
SHP_L1_0,45.157960,18.021430,777,19127.3
SHP_L1_0,45.158040,18.021640,778,19146.1
SHP_L1_0,45.158340,18.022410,779,19215.0
SHP_L1_0,45.158390,18.022520,780,19225.3
SHP_L1_0,45.158520,18.022900,781,19258.4
SHP_L1_0,45.158590,18.023140,782,19278.8
SHP_L1_0,45.158600,18.023220,783,19285.2
SHP_L1_0,45.158600,18.023290,784,19290.6
SHP_L1_0,45.158590,18.023320,785,19293.2
SHP_L1_0,45.158390,18.023420,786,19316.8
SHP_L1_0,45.157900,18.023700,787,19375.6
SHP_L1_0,45.156380,18.024380,788,19552.8
SHP_L1_0,45.156290,18.024400,789,19562.9
SHP_L1_0,45.156220,18.024400,790,19570.7
SHP_L1_0,45.156160,18.024400,791,19577.4
SHP_L1_0,45.156080,18.024390,792,19586.3
SHP_L1_0,45.155620,18.024260,793,19638.5
SHP_L1_0,45.154860,18.023990,794,19725.6
SHP_L1_0,45.154770,18.023950,795,19736.1
SHP_L1_0,45.154620,18.023900,796,19753.2
SHP_L1_0,45.154570,18.023880,797,19759.0
SHP_L1_0,45.154490,18.023850,798,19768.2
SHP_L1_0,45.154370,18.023810,799,19781.9
SHP_L1_0,45.153880,18.023640,800,19838.0
SHP_L1_0,45.153590,18.023550,801,19871.0
SHP_L1_0,45.153550,18.023530,802,19875.7
SHP_L1_0,45.153500,18.023520,803,19881.3
SHP_L1_0,45.153410,18.023520,804,19891.3
SHP_L1_0,45.153400,18.023280,805,19910.2
SHP_L1_0,45.153390,18.022950,806,19936.1
SHP_L1_0,45.153380,18.022700,807,19955.7
SHP_L1_0,45.153370,18.022620,808,19962.1
SHP_L1_0,45.153370,18.022380,809,19980.9
SHP_L1_0,45.153370,18.022200,810,19995.0
SHP_L1_0,45.153370,18.021880,811,20020.1
SHP_L1_0,45.153400,18.021250,812,20069.6
SHP_L1_0,45.153400,18.021160,813,20076.7
SHP_L1_0,45.153400,18.021090,814,20082.2
SHP_L1_0,45.153390,18.021010,815,20088.6
SHP_L1_0,45.153390,18.020950,816,20093.3
SHP_L1_0,45.153360,18.020740,817,20110.1
SHP_L1_0,45.153350,18.020660,818,20116.4
SHP_L1_0,45.153350,18.020620,819,20119.6
SHP_L1_0,45.153350,18.020570,820,20123.5
SHP_L1_0,45.153370,18.020540,821,20126.7
SHP_L1_0,45.153370,18.020510,822,20129.1
SHP_L1_0,45.153370,18.020470,823,20132.2
SHP_L1_0,45.153360,18.020440,824,20134.8
SHP_L1_0,45.153340,18.020410,825,20138.1
SHP_L1_0,45.153320,18.020400,826,20140.4
SHP_L1_0,45.153320,18.020340,827,20145.1
SHP_L1_0,45.153320,18.020280,828,20149.8
SHP_L1_0,45.153360,18.020060,829,20167.6
SHP_L1_0,45.153380,18.019970,830,20175.0
SHP_L1_0,45.153390,18.019890,831,20181.4
SHP_L1_0,45.153400,18.019790,832,20189.3
SHP_L1_0,45.153410,18.019760,833,20191.9
SHP_L1_0,45.153430,18.019740,834,20194.7
SHP_L1_0,45.153460,18.019720,835,20198.3
SHP_L1_0,45.153480,18.019710,836,20200.7
SHP_L1_0,45.153520,18.019700,837,20205.2
SHP_L1_0,45.153620,18.019690,838,20216.4
SHP_L1_0,45.153990,18.019680,839,20257.5
SHP_L1_0,45.154040,18.019680,840,20263.1
SHP_L1_0,45.154100,18.019670,841,20269.8
SHP_L1_0,45.154130,18.019650,842,20273.5
SHP_L1_0,45.154170,18.019630,843,20278.2
SHP_L1_0,45.154190,18.019590,844,20282.0
SHP_L1_0,45.154220,18.019540,845,20287.2
SHP_L1_0,45.154240,18.019460,846,20293.8
SHP_L1_0,45.154420,18.018650,847,20360.4
SHP_L1_0,45.154450,18.018540,848,20369.7
SHP_L1_0,45.154480,18.018370,849,20383.4
SHP_L1_0,45.154590,18.017890,850,20423.0
SHP_L1_0,45.154880,18.016620,851,20527.7
SHP_L1_0,45.154900,18.016520,852,20535.8
SHP_L1_0,45.154970,18.016180,853,20563.6
SHP_L1_0,45.155090,18.015630,854,20608.7
SHP_L1_0,45.155180,18.015230,855,20641.7
SHP_L1_0,45.155190,18.015190,856,20645.0
SHP_L1_0,45.155240,18.015030,857,20658.7
SHP_L1_0,45.155270,18.014960,858,20665.1
SHP_L1_0,45.155300,18.014890,859,20671.6
SHP_L1_0,45.155320,18.014840,860,20676.1
SHP_L1_0,45.155350,18.014800,861,20680.6
SHP_L1_0,45.155380,18.014780,862,20684.3
SHP_L1_0,45.155410,18.014760,863,20688.0
SHP_L1_0,45.155440,18.014760,864,20691.4
SHP_L1_0,45.155480,18.014760,865,20695.8
SHP_L1_0,45.155680,18.014770,866,20718.1
SHP_L1_0,45.155490,18.014690,867,20740.1
SHP_L1_0,45.155450,18.014670,868,20744.8
SHP_L1_0,45.155430,18.014650,869,20747.5
SHP_L1_0,45.155400,18.014630,870,20751.2
SHP_L1_0,45.155390,18.014590,871,20754.5
SHP_L1_0,45.155370,18.014570,872,20757.3
SHP_L1_0,45.155360,18.014510,873,20762.1
SHP_L1_0,45.155350,18.014450,874,20766.9
SHP_L1_0,45.155350,18.014300,875,20778.7
SHP_L1_0,45.155350,18.014260,876,20781.8
SHP_L1_0,45.155360,18.014010,877,20801.5
SHP_L1_0,45.155360,18.013990,878,20803.0
SHP_L1_0,45.155380,18.013850,879,20814.2
SHP_L1_0,45.155420,18.013600,880,20834.3
SHP_L1_0,45.155450,18.013330,881,20855.8
SHP_L1_0,45.155500,18.012800,882,20897.7
SHP_L1_0,45.155520,18.012540,883,20918.2
SHP_L1_0,45.155560,18.012180,884,20946.8
SHP_L1_0,45.155590,18.011920,885,20967.4
SHP_L1_0,45.155620,18.011570,886,20995.1
SHP_L1_0,45.155660,18.011200,887,21024.4
SHP_L1_0,45.155670,18.011070,888,21034.7
SHP_L1_0,45.155690,18.011000,889,21040.6
SHP_L1_0,45.155700,18.010930,890,21046.2
SHP_L1_0,45.155720,18.010770,891,21059.0
SHP_L1_0,45.155730,18.010660,892,21067.7
SHP_L1_0,45.155740,18.010620,893,21071.0
SHP_L1_0,45.155750,18.010570,894,21075.1
SHP_L1_0,45.155760,18.010530,895,21078.4
SHP_L1_0,45.155780,18.010490,896,21082.2
SHP_L1_0,45.155810,18.010460,897,21086.3
SHP_L1_0,45.155840,18.010440,898,21090.0
SHP_L1_0,45.155870,18.010420,899,21093.7
SHP_L1_0,45.155910,18.010420,900,21098.1
SHP_L1_0,45.155950,18.010410,901,21102.7
SHP_L1_0,45.156070,18.010420,902,21116.0
SHP_L1_0,45.156630,18.010530,903,21178.9
SHP_L1_0,45.156670,18.010530,904,21183.3
SHP_L1_0,45.156750,18.010530,905,21192.2
SHP_L1_0,45.156840,18.010520,906,21202.3
SHP_L1_0,45.159010,18.010810,907,21444.6
SHP_L1_0,45.159450,18.010860,908,21493.7
SHP_L1_0,45.159570,18.010900,909,21507.4
SHP_L1_0,45.159590,18.010900,910,21509.6
SHP_L1_0,45.159620,18.010920,911,21513.3
SHP_L1_0,45.159640,18.010930,912,21515.7
SHP_L1_0,45.159690,18.010960,913,21521.7
SHP_L1_0,45.159700,18.010980,914,21523.6
SHP_L1_0,45.159720,18.011000,915,21526.4
SHP_L1_0,45.159740,18.011000,916,21528.6
SHP_L1_0,45.159760,18.011000,917,21530.8
SHP_L1_0,45.159770,18.011000,918,21531.9
SHP_L1_0,45.159790,18.010980,919,21534.6
SHP_L1_0,45.159820,18.010960,920,21538.3
SHP_L1_0,45.159860,18.010950,921,21542.9
SHP_L1_0,45.160210,18.010980,922,21581.8
SHP_L1_0,45.160660,18.011030,923,21632.0
SHP_L1_0,45.160920,18.011060,924,21661.0
SHP_L1_0,45.161280,18.011100,925,21701.2
SHP_L1_0,45.161430,18.011120,926,21717.9
SHP_L1_0,45.161460,18.011150,927,21722.0
SHP_L1_0,45.161510,18.011170,928,21727.8
SHP_L1_0,45.161560,18.011190,929,21733.6
SHP_L1_0,45.161750,18.011220,930,21754.8
SHP_L1_0,45.161810,18.011230,931,21761.6
SHP_L1_0,45.161840,18.011250,932,21765.2
SHP_L1_0,45.161890,18.011280,933,21771.3
SHP_L1_0,45.161930,18.011320,934,21776.7
SHP_L1_0,45.161970,18.011360,935,21782.2
SHP_L1_0,45.161990,18.011420,936,21787.4
SHP_L1_0,45.162030,18.011450,937,21792.4
SHP_L1_0,45.162060,18.011470,938,21796.1
SHP_L1_0,45.162090,18.011470,939,21799.4
SHP_L1_0,45.162110,18.011470,940,21801.6
SHP_L1_0,45.162130,18.011470,941,21803.9
SHP_L1_0,45.162170,18.011460,942,21808.4
SHP_L1_0,45.162200,18.011440,943,21812.1
SHP_L1_0,45.162220,18.011420,944,21814.8
SHP_L1_0,45.162260,18.011410,945,21819.3
SHP_L1_0,45.162300,18.011400,946,21823.8
SHP_L1_0,45.162330,18.011410,947,21827.2
SHP_L1_0,45.162360,18.011360,948,21832.4
SHP_L1_0,45.162370,18.011290,949,21838.0
SHP_L1_0,45.162370,18.011200,950,21845.1
SHP_L1_0,45.162370,18.011120,951,21851.3
SHP_L1_0,45.162360,18.011060,952,21856.2
SHP_L1_0,45.162280,18.010890,953,21872.2
SHP_L1_0,45.162260,18.010830,954,21877.4
SHP_L1_0,45.162260,18.010720,955,21886.0
SHP_L1_0,45.162330,18.009710,956,21965.6
SHP_L1P_0,45.182420,17.996540,0,0.0
SHP_L1P_0,45.182370,17.996290,1,20.4
SHP_L1P_0,45.182370,17.996160,2,30.6
SHP_L1P_0,45.182370,17.996090,3,36.0
SHP_L1P_0,45.182380,17.996020,4,41.6
SHP_L1P_0,45.182400,17.995990,5,44.9
SHP_L1P_0,45.182410,17.995950,6,48.2
SHP_L1P_0,45.182430,17.995920,7,51.4
SHP_L1P_0,45.182450,17.995900,8,54.2
SHP_L1P_0,45.182510,17.995860,9,61.5
SHP_L1P_0,45.182820,17.995730,10,97.5
SHP_L1P_0,45.183350,17.995480,11,159.6
SHP_L1P_0,45.183510,17.995400,12,178.4
SHP_L1P_0,45.183670,17.995430,13,196.4
SHP_L1P_0,45.183920,17.995450,14,224.2
SHP_L1P_0,45.184670,17.995340,15,308.1
SHP_L1P_0,45.185270,17.995560,16,377.0
SHP_L1P_0,45.185540,17.995660,17,408.0
SHP_L1P_0,45.185750,17.995890,18,437.5
SHP_L1P_0,45.185930,17.996010,19,459.6
SHP_L1P_0,45.186310,17.996140,20,503.1
SHP_L1P_0,45.186790,17.996050,21,556.9
SHP_L1P_0,45.187230,17.995790,22,609.9
SHP_L1P_0,45.188010,17.995610,23,697.8
SHP_L1P_0,45.188570,17.995280,24,765.2
SHP_L1P_0,45.188820,17.995230,25,793.3
SHP_L1P_0,45.189270,17.994880,26,850.4
SHP_L1P_0,45.189690,17.994490,27,906.2
SHP_L1P_0,45.190210,17.993760,28,987.5
SHP_L1P_0,45.190300,17.993630,29,1001.8
SHP_L1P_0,45.190440,17.993410,30,1025.0
SHP_L1P_0,45.190590,17.993290,31,1044.2
SHP_L1P_0,45.190720,17.993250,32,1059.0
SHP_L1P_0,45.190900,17.993220,33,1079.1
SHP_L1P_0,45.191020,17.993170,34,1093.0
SHP_L1P_0,45.191190,17.993020,35,1115.3
SHP_L1P_0,45.191320,17.992880,36,1133.4
SHP_L1P_0,45.191460,17.992800,37,1150.2
SHP_L1P_0,45.191730,17.992760,38,1180.4
SHP_L1P_0,45.191920,17.992800,39,1201.8
SHP_L1P_0,45.192040,17.992870,40,1216.2
SHP_L1P_0,45.192210,17.993010,41,1238.0
SHP_L1P_0,45.192320,17.993080,42,1251.4
SHP_L1P_0,45.192450,17.993120,43,1266.2
SHP_L1P_0,45.192740,17.993240,44,1299.8
SHP_L1P_0,45.192880,17.993360,45,1318.0
SHP_L1P_0,45.193050,17.993590,46,1344.1
SHP_L1P_0,45.193270,17.993950,47,1381.5
SHP_L1P_0,45.193760,17.994620,48,1457.1
SHP_L1P_0,45.193980,17.994900,49,1490.0
SHP_L1P_0,45.194130,17.995150,50,1515.7
SHP_L1P_0,45.194250,17.995420,51,1540.7
SHP_L1P_0,45.194280,17.995600,52,1555.2
SHP_L1P_0,45.194280,17.995890,53,1578.0
SHP_L1P_0,45.194270,17.996200,54,1602.3
SHP_L1P_0,45.194290,17.996470,55,1623.5
SHP_L1P_0,45.194280,17.996550,56,1629.9
SHP_L1P_0,45.194280,17.996600,57,1633.8
SHP_L1P_0,45.194160,17.996810,58,1655.0
SHP_L1P_0,45.194010,17.996980,59,1676.4
SHP_L1P_0,45.193350,17.998090,60,1790.2
SHP_L1P_0,45.192990,17.998350,61,1835.1
SHP_L1P_0,45.191950,17.999860,62,2000.5
SHP_L1P_0,45.191630,18.000170,63,2043.6
SHP_L1P_0,45.191060,18.000300,64,2107.8
SHP_L1P_0,45.190640,18.000660,65,2162.4
SHP_L1P_0,45.190370,18.001000,66,2202.5
SHP_L1P_0,45.190050,18.001120,67,2239.3
SHP_L1P_0,45.189780,18.001010,68,2270.6
SHP_L1P_0,45.189490,18.000880,69,2304.4
SHP_L1P_0,45.189280,18.000690,70,2332.1
SHP_L1P_0,45.189160,18.000640,71,2346.0
SHP_L1P_0,45.188830,18.000610,72,2382.7
SHP_L1P_0,45.188250,17.999770,73,2474.9
SHP_L1P_0,45.188020,17.999460,74,2510.2
SHP_L1P_0,45.187670,17.998810,75,2574.3
SHP_L1P_0,45.187160,17.998370,76,2640.6
SHP_L1P_0,45.186770,17.998380,77,2684.0
SHP_L1P_0,45.186200,17.998120,78,2750.6
SHP_L1P_0,45.185550,17.998000,79,2823.5
SHP_L1P_0,45.184920,17.998060,80,2893.7
SHP_L1P_0,45.184400,17.997990,81,2951.8
SHP_L1P_0,45.183730,17.997980,82,3026.3
SHP_L1P_0,45.183390,17.998020,83,3064.2
SHP_L1P_0,45.183200,17.998030,84,3085.4
SHP_L1P_0,45.183070,17.998010,85,3099.9
SHP_L1P_0,45.183050,17.998000,86,3102.3
SHP_L1P_0,45.183010,17.998020,87,3107.0
SHP_L1P_0,45.182700,17.997310,88,3172.4
SHP_L1P_0,45.182750,17.997260,89,3179.2
SHP_L1P_0,45.183250,17.997020,90,3237.9
SHP_L1P_0,45.183500,17.996880,91,3267.8
SHP_L1P_0,45.183730,17.996820,92,3293.8
SHP_L1P_0,45.183760,17.996810,93,3297.2
SHP_L1P_0,45.184150,17.996780,94,3340.7
SHP_L1P_0,45.184913,17.996721,95,3425.6
SHP_L1P_0,45.184336,17.996936,96,3492.0
SHP_L1P_0,45.184150,17.996780,97,3516.0
SHP_L1P_0,45.183760,17.996810,98,3559.4
SHP_L1P_0,45.183730,17.996820,99,3562.9
SHP_L1P_0,45.183500,17.996880,100,3588.9
SHP_L1P_0,45.183250,17.997020,101,3618.7
SHP_L1P_0,45.182750,17.997260,102,3677.4
SHP_L1P_0,45.182700,17.997310,103,3684.2
SHP_L1P_0,45.183010,17.998020,104,3749.7
SHP_L1P_0,45.183090,17.998240,105,3769.1
SHP_L1P_0,45.183140,17.998390,106,3782.1
SHP_L1P_0,45.183180,17.998580,107,3797.6
SHP_L1P_0,45.183540,18.000460,108,3950.3
SHP_L1P_0,45.183720,18.001350,109,4022.9
SHP_L1P_0,45.183770,18.001630,110,4045.5
SHP_L1P_0,45.183810,18.001990,111,4074.1
SHP_L1P_0,45.183900,18.003430,112,4187.4
SHP_L1P_0,45.183950,18.003820,113,4218.5
SHP_L1P_0,45.184020,18.004170,114,4247.0
SHP_L1P_0,45.184140,18.004820,115,4299.6
SHP_L1P_0,45.184180,18.005030,116,4316.7
SHP_L1P_0,45.184210,18.005240,117,4333.5
SHP_L1P_0,45.184250,18.005950,118,4389.3
SHP_L1P_0,45.184270,18.006570,119,4437.9
SHP_L1P_0,45.184280,18.006700,120,4448.2
SHP_L1P_0,45.184290,18.006840,121,4459.2
SHP_L1P_0,45.184300,18.006960,122,4468.7
SHP_L1P_0,45.184340,18.007110,123,4481.3
SHP_L1P_0,45.184370,18.007210,124,4489.8
SHP_L1P_0,45.184420,18.007330,125,4500.7
SHP_L1P_0,45.184490,18.007470,126,4514.2
SHP_L1P_0,45.185370,18.009140,127,4677.6
SHP_L1P_0,45.185740,18.009980,128,4755.2
SHP_L1P_0,45.185920,18.010410,129,4794.4
SHP_L1P_0,45.186170,18.010970,130,4846.4
SHP_L1P_0,45.186290,18.011270,131,4873.4
SHP_L1P_0,45.186350,18.011410,132,4886.2
SHP_L1P_0,45.186830,18.012500,133,4987.0
SHP_L1P_0,45.187020,18.012950,134,5028.1
SHP_L1P_0,45.187850,18.014920,135,5207.9
SHP_L1P_0,45.188280,18.015940,136,5301.1
SHP_L1P_0,45.188860,18.017310,137,5426.3
SHP_L1P_0,45.189400,18.018520,138,5538.6
SHP_L1P_0,45.189560,18.018900,139,5573.3
SHP_L1P_0,45.189720,18.019260,140,5606.6
SHP_L1P_0,45.189850,18.019590,141,5636.2
SHP_L1P_0,45.189950,18.019920,142,5664.4
SHP_L1P_0,45.189990,18.020100,143,5679.2
SHP_L1P_0,45.190070,18.020440,144,5707.3
SHP_L1P_0,45.190130,18.020770,145,5734.0
SHP_L1P_0,45.190180,18.021090,146,5759.7
SHP_L1P_0,45.190340,18.022690,147,5886.3
SHP_L1P_0,45.190100,18.022670,148,5913.0
SHP_L1P_0,45.190030,18.022660,149,5920.9
SHP_L1P_0,45.189090,18.022560,150,6025.7
SHP_L1P_0,45.188600,18.022320,151,6083.3
SHP_L1P_0,45.188590,18.021410,152,6154.6
SHP_L1P_0,45.188580,18.021040,153,6183.6
SHP_L1P_0,45.188520,18.020790,154,6204.3
SHP_L1P_0,45.188510,18.020750,155,6207.7
SHP_L1P_0,45.188520,18.020790,156,6211.0
SHP_L1P_0,45.188580,18.021040,157,6231.7
SHP_L1P_0,45.188590,18.021410,158,6260.7
SHP_L1P_0,45.188600,18.022320,159,6332.0
SHP_L1P_0,45.189090,18.022560,160,6389.7
SHP_L1P_0,45.190030,18.022660,161,6494.5
SHP_L1P_0,45.190100,18.022670,162,6502.3
SHP_L1P_0,45.190340,18.022690,163,6529.0
SHP_L1P_0,45.190440,18.023880,164,6623.0
SHP_L1P_0,45.190450,18.024030,165,6634.8
SHP_L1P_0,45.190460,18.024250,166,6652.0
SHP_L1P_0,45.190450,18.025180,167,6724.9
SHP_L1P_0,45.190420,18.025850,168,6777.5
SHP_L1P_0,45.190450,18.025180,169,6830.2
SHP_L1P_0,45.190460,18.024250,170,6903.0
SHP_L1P_0,45.190450,18.024030,171,6920.3
SHP_L1P_0,45.190440,18.023880,172,6932.1
SHP_L1P_0,45.190340,18.022690,173,7026.0
SHP_L1P_0,45.190180,18.021090,174,7152.7
SHP_L1P_0,45.190130,18.020770,175,7178.4
SHP_L1P_0,45.190070,18.020440,176,7205.1
SHP_L1P_0,45.189990,18.020100,177,7233.2
SHP_L1P_0,45.189950,18.019920,178,7248.0
SHP_L1P_0,45.189850,18.019590,179,7276.1
SHP_L1P_0,45.189720,18.019260,180,7305.7
SHP_L1P_0,45.189560,18.018900,181,7339.1
SHP_L1P_0,45.189400,18.018520,182,7373.8
SHP_L1P_0,45.188860,18.017310,183,7486.0
SHP_L1P_0,45.188280,18.015940,184,7611.3
SHP_L1P_0,45.187850,18.014920,185,7704.4
SHP_L1P_0,45.187020,18.012950,186,7884.3
SHP_L1P_0,45.186830,18.012500,187,7925.4
SHP_L1P_0,45.186350,18.011410,188,8026.1
SHP_L1P_0,45.186290,18.011270,189,8038.9
SHP_L1P_0,45.186170,18.010970,190,8066.0
SHP_L1P_0,45.185920,18.010410,191,8117.9
SHP_L1P_0,45.185740,18.009980,192,8157.1
SHP_L1P_0,45.185370,18.009140,193,8234.8
SHP_L1P_0,45.184490,18.007470,194,8398.2
SHP_L1P_0,45.184420,18.007330,195,8411.6
SHP_L1P_0,45.184370,18.007210,196,8422.6
SHP_L1P_0,45.184340,18.007110,197,8431.1
SHP_L1P_0,45.184300,18.006960,198,8443.6
SHP_L1P_0,45.184290,18.006840,199,8453.1
SHP_L1P_0,45.184280,18.006700,200,8464.1
SHP_L1P_0,45.184270,18.006570,201,8474.4
SHP_L1P_0,45.184250,18.005950,202,8523.0
SHP_L1P_0,45.184210,18.005240,203,8578.9
SHP_L1P_0,45.184180,18.005030,204,8595.6
SHP_L1P_0,45.184140,18.004820,205,8612.7
SHP_L1P_0,45.184020,18.004170,206,8665.4
SHP_L1P_0,45.183950,18.003820,207,8693.9
SHP_L1P_0,45.183930,18.003680,208,8705.1
SHP_L1P_0,45.183950,18.003820,209,8716.3
SHP_L1P_0,45.184020,18.004170,210,8744.8
SHP_L1P_0,45.184140,18.004820,211,8797.4
SHP_L1P_0,45.184180,18.005030,212,8814.5
SHP_L1P_0,45.184210,18.005240,213,8831.3
SHP_L1P_0,45.184250,18.005950,214,8887.1
SHP_L1P_0,45.184270,18.006570,215,8935.7
SHP_L1P_0,45.184280,18.006700,216,8946.0
SHP_L1P_0,45.184290,18.006840,217,8957.0
SHP_L1P_0,45.184300,18.006960,218,8966.5
SHP_L1P_0,45.184340,18.007110,219,8979.1
SHP_L1P_0,45.184370,18.007210,220,8987.6
SHP_L1P_0,45.184420,18.007330,221,8998.5
SHP_L1P_0,45.184490,18.007470,222,9012.0
SHP_L1P_0,45.185370,18.009140,223,9175.4
SHP_L1P_0,45.185450,18.009340,224,9193.4
SHP_L1P_0,45.185740,18.009980,225,9253.0
SHP_L1P_0,45.185920,18.010410,226,9292.2
SHP_L1P_0,45.186170,18.010970,227,9344.2
SHP_L1P_0,45.186290,18.011270,228,9371.2
SHP_L1P_0,45.186350,18.011410,229,9384.0
SHP_L1P_0,45.186830,18.012500,230,9484.8
SHP_L1P_0,45.187020,18.012950,231,9525.9
SHP_L1P_0,45.187850,18.014920,232,9705.8
SHP_L1P_0,45.188280,18.015940,233,9798.9
SHP_L1P_0,45.188860,18.017310,234,9924.1
SHP_L1P_0,45.189400,18.018520,235,10036.4
SHP_L1P_0,45.189560,18.018900,236,10071.1
SHP_L1P_0,45.189720,18.019260,237,10104.4
SHP_L1P_0,45.189850,18.019590,238,10134.0
SHP_L1P_0,45.189950,18.019920,239,10162.2
SHP_L1P_0,45.189990,18.020100,240,10177.0
SHP_L1P_0,45.190070,18.020440,241,10205.1
SHP_L1P_0,45.190130,18.020770,242,10231.8
SHP_L1P_0,45.190180,18.021090,243,10257.5
SHP_L1P_0,45.190340,18.022690,244,10384.1
SHP_L1P_0,45.190440,18.023880,245,10478.0
SHP_L1P_0,45.190450,18.024030,246,10489.8
SHP_L1P_0,45.190460,18.024250,247,10507.1
SHP_L1P_0,45.190450,18.025180,248,10580.0
SHP_L1P_0,45.190410,18.026250,249,10664.0
SHP_L1P_0,45.190350,18.027260,250,10743.4
SHP_L1P_0,45.190310,18.028030,251,10803.9
SHP_L1P_0,45.190070,18.028000,252,10830.7
SHP_L1P_0,45.188830,18.027840,253,10969.1
SHP_L1P_0,45.188470,18.027790,254,11009.4
SHP_L1P_0,45.188420,18.027780,255,11015.0
SHP_L1P_0,45.188410,18.028760,256,11091.8
SHP_L1P_0,45.188300,18.028810,257,11104.6
SHP_L1P_0,45.188240,18.028850,258,11112.0
SHP_L1P_0,45.188230,18.028860,259,11113.4
SHP_L1P_0,45.188190,18.028950,260,11121.7
SHP_L1P_0,45.188150,18.029070,261,11132.1
SHP_L1P_0,45.188140,18.029250,262,11146.3
SHP_L1P_0,45.188150,18.029430,263,11160.4
SHP_L1P_0,45.188200,18.029590,264,11174.1
SHP_L1P_0,45.188250,18.029710,265,11185.0
SHP_L1P_0,45.188330,18.029830,266,11198.0
SHP_L1P_0,45.188460,18.029930,267,11214.4
SHP_L1P_0,45.188330,18.029830,268,11230.9
SHP_L1P_0,45.188250,18.029710,269,11243.8
SHP_L1P_0,45.188200,18.029590,270,11254.7
SHP_L1P_0,45.188150,18.029430,271,11268.5
SHP_L1P_0,45.188140,18.029250,272,11282.6
SHP_L1P_0,45.188150,18.029070,273,11296.8
SHP_L1P_0,45.188190,18.028950,274,11307.2
SHP_L1P_0,45.188230,18.028860,275,11315.5
SHP_L1P_0,45.188240,18.028850,276,11316.9
SHP_L1P_0,45.188300,18.028810,277,11324.2
SHP_L1P_0,45.188410,18.028760,278,11337.1
SHP_L1P_0,45.188420,18.027780,279,11413.9
SHP_L1P_0,45.188470,18.027790,280,11419.5
SHP_L1P_0,45.188830,18.027840,281,11459.7
SHP_L1P_0,45.190070,18.028000,282,11598.2
SHP_L1P_0,45.190310,18.028030,283,11625.0
SHP_L1P_0,45.190310,18.028530,284,11664.1
SHP_L1P_0,45.190310,18.029120,285,11710.4
SHP_L1P_0,45.190770,18.029130,286,11761.5
SHP_L1P_0,45.191310,18.029180,287,11821.7
SHP_L1P_0,45.191480,18.029200,288,11840.7
SHP_L1P_0,45.191310,18.029180,289,11859.6
SHP_L1P_0,45.190770,18.029130,290,11919.8
SHP_L1P_0,45.190310,18.029120,291,11971.0
SHP_L1P_0,45.190320,18.029570,292,12006.3
SHP_L1P_0,45.190320,18.029730,293,12018.8
SHP_L1P_0,45.190300,18.030060,294,12044.7
SHP_L1P_0,45.190280,18.030260,295,12060.6
SHP_L1P_0,45.190270,18.030280,296,12062.5
SHP_L1P_0,45.190270,18.030310,297,12064.8
SHP_L1P_0,45.190240,18.030510,298,12080.9
SHP_L1P_0,45.190180,18.030870,299,12109.9
SHP_L1P_0,45.190170,18.030890,300,12111.8
SHP_L1P_0,45.190130,18.031110,301,12129.6
SHP_L1P_0,45.190090,18.031320,302,12146.6
SHP_L1P_0,45.189930,18.031820,303,12189.7
SHP_L1P_0,45.189890,18.031890,304,12196.7
SHP_L1P_0,45.189860,18.031940,305,12201.9
SHP_L1P_0,45.189820,18.031980,306,12207.3
SHP_L1P_0,45.189790,18.031990,307,12210.7
SHP_L1P_0,45.189750,18.032020,308,12215.8
SHP_L1P_0,45.189710,18.032070,309,12221.7
SHP_L1P_0,45.189690,18.032130,310,12226.9
SHP_L1P_0,45.189690,18.032190,311,12231.6
SHP_L1P_0,45.189690,18.032250,312,12236.3
SHP_L1P_0,45.189680,18.032320,313,12241.9
SHP_L1P_0,45.189660,18.032380,314,12247.1
SHP_L1P_0,45.189640,18.032450,315,12253.0
SHP_L1P_0,45.189530,18.032720,316,12277.5
SHP_L1P_0,45.189440,18.033010,317,12302.3
SHP_L1P_0,45.189290,18.033390,318,12336.4
SHP_L1P_0,45.189150,18.033710,319,12365.9
SHP_L1P_0,45.189040,18.033930,320,12387.1
SHP_L1P_0,45.189810,18.034650,321,12489.6
SHP_L1P_0,45.189040,18.033930,322,12592.2
SHP_L1P_0,45.189150,18.033710,323,12613.3
SHP_L1P_0,45.189290,18.033390,324,12642.8
SHP_L1P_0,45.189440,18.033010,325,12677.0
SHP_L1P_0,45.189600,18.032690,326,12707.7
SHP_L1P_0,45.189700,18.032500,327,12726.3
SHP_L1P_0,45.189730,18.032470,328,12730.4
SHP_L1P_0,45.189760,18.032430,329,12734.9
SHP_L1P_0,45.189790,18.032400,330,12739.0
SHP_L1P_0,45.189830,18.032410,331,12743.5
SHP_L1P_0,45.189860,18.032410,332,12746.9
SHP_L1P_0,45.189910,18.032390,333,12752.7
SHP_L1P_0,45.189950,18.032340,334,12758.6
SHP_L1P_0,45.189980,18.032280,335,12764.3
SHP_L1P_0,45.189990,18.032210,336,12769.9
SHP_L1P_0,45.189980,18.032130,337,12776.3
SHP_L1P_0,45.189960,18.032070,338,12781.5
SHP_L1P_0,45.189920,18.032020,339,12787.4
SHP_L1P_0,45.189870,18.031990,340,12793.5
SHP_L1P_0,45.189820,18.031980,341,12799.1
SHP_L1P_0,45.189790,18.031990,342,12802.5
SHP_L1P_0,45.189750,18.031980,343,12807.0
SHP_L1P_0,45.189710,18.031970,344,12811.5
SHP_L1P_0,45.189670,18.031940,345,12816.6
SHP_L1P_0,45.189510,18.031820,346,12836.7
SHP_L1P_0,45.189390,18.031730,347,12851.8
SHP_L1P_0,45.189240,18.031640,348,12869.9
SHP_L1P_0,45.189090,18.031540,349,12888.3
SHP_L1P_0,45.188920,18.031470,350,12908.0
SHP_L1P_0,45.188800,18.031430,351,12921.7
SHP_L1P_0,45.188690,18.031400,352,12934.2
SHP_L1P_0,45.188590,18.031390,353,12945.3
SHP_L1P_0,45.188500,18.031380,354,12955.4
SHP_L1P_0,45.188370,18.031380,355,12969.8
SHP_L1P_0,45.188180,18.031410,356,12991.1
SHP_L1P_0,45.188180,18.031490,357,12997.3
SHP_L1P_0,45.188170,18.031600,358,13006.0
SHP_L1P_0,45.188150,18.031660,359,13011.2
SHP_L1P_0,45.188130,18.031710,360,13015.7
SHP_L1P_0,45.187330,18.033500,361,13181.9
SHP_L1P_0,45.187290,18.033580,362,13189.5
SHP_L1P_0,45.187320,18.033690,363,13198.8
SHP_L1P_0,45.187730,18.034200,364,13259.4
SHP_L1P_0,45.187320,18.033690,365,13320.0
SHP_L1P_0,45.187290,18.033580,366,13329.3
SHP_L1P_0,45.187330,18.033500,367,13337.0
SHP_L1P_0,45.188130,18.031710,368,13503.1
SHP_L1P_0,45.188150,18.031660,369,13507.6
SHP_L1P_0,45.188170,18.031600,370,13512.8
SHP_L1P_0,45.188180,18.031490,371,13521.5
SHP_L1P_0,45.188180,18.031410,372,13527.7
SHP_L1P_0,45.188370,18.031380,373,13549.0
SHP_L1P_0,45.188500,18.031380,374,13563.5
SHP_L1P_0,45.188590,18.031390,375,13573.5
SHP_L1P_0,45.188690,18.031400,376,13584.6
SHP_L1P_0,45.188800,18.031430,377,13597.1
SHP_L1P_0,45.188920,18.031470,378,13610.8
SHP_L1P_0,45.189090,18.031540,379,13630.5
SHP_L1P_0,45.189240,18.031640,380,13648.9
SHP_L1P_0,45.189370,18.031770,381,13666.6
SHP_L1P_0,45.189490,18.031890,382,13682.9
SHP_L1P_0,45.189630,18.032030,383,13702.0
SHP_L1P_0,45.189670,18.032080,384,13707.9
SHP_L1P_0,45.189690,18.032130,385,13712.4
SHP_L1P_0,45.189690,18.032190,386,13717.1
SHP_L1P_0,45.189690,18.032250,387,13721.8
SHP_L1P_0,45.189710,18.032320,388,13727.7
SHP_L1P_0,45.189750,18.032370,389,13733.7
SHP_L1P_0,45.189790,18.032400,390,13738.7
SHP_L1P_0,45.189830,18.032410,391,13743.2
SHP_L1P_0,45.189860,18.032410,392,13746.5
SHP_L1P_0,45.189900,18.032440,393,13751.6
SHP_L1P_0,45.189930,18.032470,394,13755.7
SHP_L1P_0,45.189960,18.032530,395,13761.4
SHP_L1P_0,45.190190,18.032940,396,13802.5
SHP_L1P_0,45.190290,18.033130,397,13821.1
SHP_L1P_0,45.190480,18.033590,398,13862.8
SHP_L1P_0,45.190510,18.033670,399,13869.9
SHP_L1P_0,45.190620,18.033950,400,13895.1
SHP_L1P_0,45.191600,18.036430,401,14117.9
SHP_L1P_0,45.190620,18.033950,402,14340.7
SHP_L1P_0,45.190510,18.033670,403,14365.8
SHP_L1P_0,45.190480,18.033590,404,14372.9
SHP_L1P_0,45.190290,18.033130,405,14414.7
SHP_L1P_0,45.190220,18.032940,406,14431.5
SHP_L1P_0,45.190150,18.032760,407,14447.6
SHP_L1P_0,45.190020,18.032470,408,14474.5
SHP_L1P_0,45.190000,18.032400,409,14480.5
SHP_L1P_0,45.189980,18.032340,410,14485.7
SHP_L1P_0,45.189980,18.032280,411,14490.4
SHP_L1P_0,45.189990,18.032210,412,14496.0
SHP_L1P_0,45.189980,18.032130,413,14502.3
SHP_L1P_0,45.189980,18.032070,414,14507.0
SHP_L1P_0,45.189980,18.032010,415,14511.7
SHP_L1P_0,45.189980,18.031940,416,14517.2
SHP_L1P_0,45.189990,18.031840,417,14525.1
SHP_L1P_0,45.190090,18.031320,418,14567.4
SHP_L1P_0,45.190130,18.031110,419,14584.4
SHP_L1P_0,45.190170,18.030890,420,14602.2
SHP_L1P_0,45.190180,18.030870,421,14604.1
SHP_L1P_0,45.190240,18.030510,422,14633.1
SHP_L1P_0,45.190270,18.030310,423,14649.2
SHP_L1P_0,45.190270,18.030280,424,14651.5
SHP_L1P_0,45.190280,18.030260,425,14653.4
SHP_L1P_0,45.190300,18.030060,426,14669.3
SHP_L1P_0,45.190320,18.029730,427,14695.2
SHP_L1P_0,45.190320,18.029570,428,14707.8
SHP_L1P_0,45.190310,18.029120,429,14743.0
SHP_L1P_0,45.190310,18.028530,430,14789.3
SHP_L1P_0,45.190310,18.028030,431,14828.5
SHP_L1P_0,45.190350,18.027260,432,14889.0
SHP_L1P_0,45.190410,18.026250,433,14968.4
SHP_L1P_0,45.190450,18.025180,434,15052.4
SHP_L1P_0,45.190460,18.024250,435,15125.2
SHP_L1P_0,45.190450,18.024030,436,15142.5
SHP_L1P_0,45.190440,18.023880,437,15154.3
SHP_L1P_0,45.190340,18.022690,438,15248.2
SHP_L1P_0,45.190180,18.021090,439,15374.9
SHP_L1P_0,45.190130,18.020770,440,15400.6
SHP_L1P_0,45.190070,18.020440,441,15427.3
SHP_L1P_0,45.189990,18.020100,442,15455.4
SHP_L1P_0,45.189950,18.019920,443,15470.2
SHP_L1P_0,45.189850,18.019590,444,15498.3
SHP_L1P_0,45.189720,18.019260,445,15527.9
SHP_L1P_0,45.189560,18.018900,446,15561.3
SHP_L1P_0,45.189400,18.018520,447,15596.0
SHP_L1P_0,45.188860,18.017310,448,15708.2
SHP_L1P_0,45.188280,18.015940,449,15833.5
SHP_L1P_0,45.187850,18.014920,450,15926.6
SHP_L1P_0,45.187020,18.012950,451,16106.5
SHP_L1P_0,45.186830,18.012500,452,16147.6
SHP_L1P_0,45.186350,18.011410,453,16248.3
SHP_L1P_0,45.186290,18.011270,454,16261.1
SHP_L1P_0,45.186170,18.010970,455,16288.2
SHP_L1P_0,45.185920,18.010410,456,16340.1
SHP_L1P_0,45.185740,18.009980,457,16379.3
SHP_L1P_0,45.185450,18.009340,458,16439.0
SHP_L2_0,45.162330,18.009710,0,0.0
SHP_L2_0,45.162260,18.010720,1,79.6
SHP_L2_0,45.162260,18.010830,2,88.2
SHP_L2_0,45.162280,18.010890,3,93.4
SHP_L2_0,45.162360,18.011060,4,109.4
SHP_L2_0,45.162370,18.011120,5,114.3
SHP_L2_0,45.162370,18.011200,6,120.5
SHP_L2_0,45.162370,18.011290,7,127.6
SHP_L2_0,45.162360,18.011360,8,133.2
SHP_L2_0,45.162330,18.011410,9,138.3
SHP_L2_0,45.162310,18.011460,10,142.8
SHP_L2_0,45.162280,18.011500,11,147.4
SHP_L2_0,45.162250,18.011540,12,152.0
SHP_L2_0,45.162220,18.011560,13,155.7
SHP_L2_0,45.162200,18.011600,14,159.5
SHP_L2_0,45.162130,18.011590,15,167.3
SHP_L2_0,45.162100,18.011580,16,170.8
SHP_L2_0,45.162110,18.011520,17,175.6
SHP_L2_0,45.162110,18.011470,18,179.5
SHP_L2_0,45.162120,18.011440,19,182.1
SHP_L2_0,45.162140,18.011410,20,185.4
SHP_L2_0,45.162160,18.011380,21,188.6
SHP_L2_0,45.162190,18.011350,22,192.7
SHP_L2_0,45.162210,18.011330,23,195.4
SHP_L2_0,45.162230,18.011290,24,199.3
SHP_L2_0,45.162240,18.011250,25,202.6
SHP_L2_0,45.162240,18.011200,26,206.5
SHP_L2_0,45.162240,18.011150,27,210.4
SHP_L2_0,45.162220,18.011110,28,214.3
SHP_L2_0,45.162210,18.011080,29,216.9
SHP_L2_0,45.162190,18.011050,30,220.1
SHP_L2_0,45.162150,18.011010,31,225.5
SHP_L2_0,45.162130,18.011000,32,227.9
SHP_L2_0,45.162090,18.010990,33,232.4
SHP_L2_0,45.162050,18.010980,34,236.9
SHP_L2_0,45.162000,18.011000,35,242.7
SHP_L2_0,45.161960,18.011040,36,248.2
SHP_L2_0,45.161920,18.011080,37,253.6
SHP_L2_0,45.161890,18.011110,38,257.7
SHP_L2_0,45.161850,18.011130,39,262.4
SHP_L2_0,45.161810,18.011130,40,266.8
SHP_L2_0,45.161770,18.011130,41,271.3
SHP_L2_0,45.161600,18.011110,42,290.3
SHP_L2_0,45.161530,18.011100,43,298.1
SHP_L2_0,45.161480,18.011110,44,303.7
SHP_L2_0,45.161430,18.011120,45,309.3
SHP_L2_0,45.161280,18.011100,46,326.1
SHP_L2_0,45.160920,18.011060,47,366.2
SHP_L2_0,45.160660,18.011030,48,395.2
SHP_L2_0,45.160210,18.010980,49,445.4
SHP_L2_0,45.159870,18.010880,50,484.0
SHP_L2_0,45.159850,18.010880,51,486.3
SHP_L2_0,45.159820,18.010860,52,489.9
SHP_L2_0,45.159790,18.010830,53,494.0
SHP_L2_0,45.159770,18.010820,54,496.4
SHP_L2_0,45.159760,18.010810,55,497.7
SHP_L2_0,45.159740,18.010810,56,500.0
SHP_L2_0,45.159720,18.010810,57,502.2
SHP_L2_0,45.159700,18.010830,58,504.9
SHP_L2_0,45.159690,18.010840,59,506.3
SHP_L2_0,45.159640,18.010850,60,511.9
SHP_L2_0,45.159620,18.010860,61,514.2
SHP_L2_0,45.159570,18.010860,62,519.8
SHP_L2_0,45.159450,18.010860,63,533.1
SHP_L2_0,45.159010,18.010810,64,582.2
SHP_L2_0,45.156840,18.010520,65,824.6
SHP_L2_0,45.156750,18.010480,66,835.1
SHP_L2_0,45.156680,18.010460,67,843.0
SHP_L2_0,45.156630,18.010440,68,848.8
SHP_L2_0,45.156300,18.010390,69,885.7
SHP_L2_0,45.156000,18.010340,70,919.3
SHP_L2_0,45.155880,18.010320,71,932.7
SHP_L2_0,45.155860,18.010310,72,935.1
SHP_L2_0,45.155820,18.010290,73,939.8
SHP_L2_0,45.155800,18.010260,74,943.0
SHP_L2_0,45.155770,18.010230,75,947.1
SHP_L2_0,45.155740,18.010220,76,950.5
SHP_L2_0,45.155710,18.010220,77,953.9
SHP_L2_0,45.155670,18.010220,78,958.3
SHP_L2_0,45.155630,18.010200,79,963.0
SHP_L2_0,45.155340,18.010050,80,997.4
SHP_L2_0,45.155530,18.010220,81,1022.3
SHP_L2_0,45.155570,18.010260,82,1027.8
SHP_L2_0,45.155610,18.010310,83,1033.7
SHP_L2_0,45.155630,18.010330,84,1036.4
SHP_L2_0,45.155630,18.010360,85,1038.8
SHP_L2_0,45.155640,18.010410,86,1042.9
SHP_L2_0,45.155660,18.010450,87,1046.7
SHP_L2_0,45.155670,18.010510,88,1051.5
SHP_L2_0,45.155680,18.010580,89,1057.1
SHP_L2_0,45.155680,18.010650,90,1062.6
SHP_L2_0,45.155670,18.010740,91,1069.8
SHP_L2_0,45.155670,18.010840,92,1077.6
SHP_L2_0,45.155670,18.010920,93,1083.9
SHP_L2_0,45.155670,18.010980,94,1088.6
SHP_L2_0,45.155670,18.010990,95,1089.4
SHP_L2_0,45.155670,18.011000,96,1090.2
SHP_L2_0,45.155670,18.011070,97,1095.7
SHP_L2_0,45.155660,18.011200,98,1105.9
SHP_L2_0,45.155620,18.011570,99,1135.3
SHP_L2_0,45.155590,18.011920,100,1162.9
SHP_L2_0,45.155560,18.012180,101,1183.6
SHP_L2_0,45.155520,18.012540,102,1212.1
SHP_L2_0,45.155500,18.012800,103,1232.6
SHP_L2_0,45.155450,18.013330,104,1274.6
SHP_L2_0,45.155420,18.013600,105,1296.0
SHP_L2_0,45.155380,18.013850,106,1316.1
SHP_L2_0,45.155360,18.013990,107,1327.3
SHP_L2_0,45.155360,18.014010,108,1328.9
SHP_L2_0,45.155300,18.014280,109,1351.1
SHP_L2_0,45.155290,18.014350,110,1356.7
SHP_L2_0,45.155290,18.014420,111,1362.2
SHP_L2_0,45.155280,18.014490,112,1367.8
SHP_L2_0,45.155280,18.014540,113,1371.7
SHP_L2_0,45.155270,18.014570,114,1374.3
SHP_L2_0,45.155250,18.014600,115,1377.5
SHP_L2_0,45.155230,18.014630,116,1380.8
SHP_L2_0,45.155230,18.014670,117,1383.9
SHP_L2_0,45.155230,18.014710,118,1387.0
SHP_L2_0,45.155240,18.014750,119,1390.4
SHP_L2_0,45.155240,18.014810,120,1395.1
SHP_L2_0,45.155240,18.014870,121,1399.8
SHP_L2_0,45.155230,18.014950,122,1406.1
SHP_L2_0,45.155190,18.015190,123,1425.5
SHP_L2_0,45.155180,18.015230,124,1428.8
SHP_L2_0,45.155090,18.015630,125,1461.7
SHP_L2_0,45.154970,18.016180,126,1506.9
SHP_L2_0,45.154900,18.016520,127,1534.7
SHP_L2_0,45.154880,18.016620,128,1542.8
SHP_L2_0,45.154590,18.017890,129,1647.5
SHP_L2_0,45.154480,18.018370,130,1687.1
SHP_L2_0,45.154450,18.018540,131,1700.8
SHP_L2_0,45.154420,18.018650,132,1710.0
SHP_L2_0,45.154240,18.019460,133,1776.6
SHP_L2_0,45.154220,18.019540,134,1783.3
SHP_L2_0,45.154190,18.019590,135,1788.4
SHP_L2_0,45.154170,18.019630,136,1792.3
SHP_L2_0,45.154130,18.019650,137,1797.0
SHP_L2_0,45.154100,18.019670,138,1800.7
SHP_L2_0,45.154040,18.019680,139,1807.4
SHP_L2_0,45.153990,18.019680,140,1813.0
SHP_L2_0,45.153620,18.019690,141,1854.1
SHP_L2_0,45.153520,18.019700,142,1865.3
SHP_L2_0,45.153480,18.019710,143,1869.8
SHP_L2_0,45.153460,18.019720,144,1872.1
SHP_L2_0,45.153430,18.019740,145,1875.8
SHP_L2_0,45.153410,18.019760,146,1878.5
SHP_L2_0,45.153400,18.019790,147,1881.2
SHP_L2_0,45.153360,18.019860,148,1888.2
SHP_L2_0,45.153330,18.019940,149,1895.3
SHP_L2_0,45.153310,18.020040,150,1903.5
SHP_L2_0,45.153260,18.020310,151,1925.4
SHP_L2_0,45.153240,18.020410,152,1933.5
SHP_L2_0,45.153230,18.020430,153,1935.4
SHP_L2_0,45.153220,18.020460,154,1938.0
SHP_L2_0,45.153210,18.020500,155,1941.4
SHP_L2_0,45.153210,18.020530,156,1943.7
SHP_L2_0,45.153220,18.020550,157,1945.6
SHP_L2_0,45.153230,18.020580,158,1948.2
SHP_L2_0,45.153250,18.020590,159,1950.6
SHP_L2_0,45.153290,18.020680,160,1958.9
SHP_L2_0,45.153320,18.020760,161,1966.0
SHP_L2_0,45.153390,18.020950,162,1982.9
SHP_L2_0,45.153390,18.021010,163,1987.6
SHP_L2_0,45.153400,18.021090,164,1993.9
SHP_L2_0,45.153400,18.021160,165,1999.4
SHP_L2_0,45.153400,18.021250,166,2006.5
SHP_L2_0,45.153370,18.021880,167,2056.0
SHP_L2_0,45.153370,18.022200,168,2081.1
SHP_L2_0,45.153370,18.022380,169,2095.2
SHP_L2_0,45.153370,18.022620,170,2114.0
SHP_L2_0,45.153380,18.022700,171,2120.4
SHP_L2_0,45.153390,18.022950,172,2140.0
SHP_L2_0,45.153400,18.023280,173,2165.9
SHP_L2_0,45.153410,18.023520,174,2184.8
SHP_L2_0,45.153500,18.023520,175,2194.8
SHP_L2_0,45.153550,18.023530,176,2200.4
SHP_L2_0,45.153590,18.023550,177,2205.1
SHP_L2_0,45.153880,18.023640,178,2238.1
SHP_L2_0,45.154370,18.023810,179,2294.2
SHP_L2_0,45.154490,18.023850,180,2307.9
SHP_L2_0,45.154570,18.023880,181,2317.1
SHP_L2_0,45.154620,18.023900,182,2322.9
SHP_L2_0,45.154770,18.023950,183,2340.0
SHP_L2_0,45.154860,18.023990,184,2350.5
SHP_L2_0,45.155620,18.024260,185,2437.6
SHP_L2_0,45.156080,18.024390,186,2489.8
SHP_L2_0,45.156160,18.024400,187,2498.7
SHP_L2_0,45.156220,18.024400,188,2505.4
SHP_L2_0,45.156290,18.024400,189,2513.2
SHP_L2_0,45.156380,18.024380,190,2523.3
SHP_L2_0,45.157900,18.023700,191,2700.5
SHP_L2_0,45.158390,18.023420,192,2759.3
SHP_L2_0,45.158510,18.023400,193,2772.7
SHP_L2_0,45.158570,18.023400,194,2779.4
SHP_L2_0,45.158610,18.023420,195,2784.1
SHP_L2_0,45.158620,18.023440,196,2786.0
SHP_L2_0,45.158640,18.023440,197,2788.3
SHP_L2_0,45.158660,18.023440,198,2790.5
SHP_L2_0,45.158680,18.023430,199,2792.8
SHP_L2_0,45.158700,18.023420,200,2795.2
SHP_L2_0,45.158710,18.023400,201,2797.1
SHP_L2_0,45.158720,18.023370,202,2799.7
SHP_L2_0,45.158720,18.023340,203,2802.1
SHP_L2_0,45.158710,18.023310,204,2804.7
SHP_L2_0,45.158700,18.023280,205,2807.3
SHP_L2_0,45.158690,18.023270,206,2808.6
SHP_L2_0,45.158680,18.023260,207,2810.0
SHP_L2_0,45.158660,18.023200,208,2815.2
SHP_L2_0,45.158610,18.023080,209,2826.1
SHP_L2_0,45.158570,18.022980,210,2835.1
SHP_L2_0,45.158520,18.022900,211,2843.5
SHP_L2_0,45.158390,18.022520,212,2876.6
SHP_L2_0,45.158340,18.022410,213,2886.9
SHP_L2_0,45.158040,18.021640,214,2955.9
SHP_L2_0,45.157960,18.021430,215,2974.6
SHP_L2_0,45.157900,18.021270,216,2988.8
SHP_L2_0,45.157990,18.021220,217,2999.6
SHP_L2_0,45.158740,18.020790,218,3089.5
SHP_L2_0,45.159300,18.020470,219,3156.6
SHP_L2_0,45.160080,18.020030,220,3250.0
SHP_L2_0,45.160450,18.019810,221,3294.6
SHP_L2_0,45.160530,18.019780,222,3303.8
SHP_L2_0,45.160600,18.019770,223,3311.6
SHP_L2_0,45.160660,18.019770,224,3318.3
SHP_L2_0,45.160730,18.019790,225,3326.2
SHP_L2_0,45.160800,18.019810,226,3334.2
SHP_L2_0,45.160860,18.019840,227,3341.3
SHP_L2_0,45.160920,18.019870,228,3348.3
SHP_L2_0,45.160990,18.019900,229,3356.5
SHP_L2_0,45.161080,18.019910,230,3366.5
SHP_L2_0,45.161150,18.019930,231,3374.4
SHP_L2_0,45.161200,18.019950,232,3380.2
SHP_L2_0,45.161230,18.019970,233,3383.9
SHP_L2_0,45.161270,18.020010,234,3389.3
SHP_L2_0,45.161280,18.020040,235,3391.9
SHP_L2_0,45.161300,18.020070,236,3395.2
SHP_L2_0,45.161330,18.020090,237,3398.9
SHP_L2_0,45.161370,18.020100,238,3403.4
SHP_L2_0,45.161410,18.020090,239,3407.9
SHP_L2_0,45.161440,18.020060,240,3412.0
SHP_L2_0,45.161460,18.020030,241,3415.2
SHP_L2_0,45.161470,18.019980,242,3419.3
SHP_L2_0,45.161480,18.019930,243,3423.4
SHP_L2_0,45.161470,18.019880,244,3427.4
SHP_L2_0,45.161450,18.019840,245,3431.3
SHP_L2_0,45.161430,18.019810,246,3434.5
SHP_L2_0,45.161410,18.019760,247,3439.0
SHP_L2_0,45.161390,18.019700,248,3444.2
SHP_L2_0,45.161380,18.019640,249,3449.1
SHP_L2_0,45.161370,18.019560,250,3455.4
SHP_L2_0,45.161410,18.019000,251,3499.6
SHP_L2_0,45.161470,18.018170,252,3565.0
SHP_L2_0,45.161470,18.018060,253,3573.6
SHP_L2_0,45.161480,18.017910,254,3585.4
SHP_L2_0,45.161510,18.017700,255,3602.2
SHP_L2_0,45.161540,18.017510,256,3617.5
SHP_L2_0,45.161550,18.017320,257,3632.4
SHP_L2_0,45.161560,18.016860,258,3668.5
SHP_L2_0,45.161570,18.016600,259,3688.9
SHP_L2_0,45.161580,18.016540,260,3693.8
SHP_L2_0,45.161590,18.016500,261,3697.1
SHP_L2_0,45.161620,18.016470,262,3701.2
SHP_L2_0,45.161650,18.016440,263,3705.2
SHP_L2_0,45.161680,18.016400,264,3709.8
SHP_L2_0,45.161700,18.016350,265,3714.3
SHP_L2_0,45.161710,18.016300,266,3718.4
SHP_L2_0,45.161710,18.016250,267,3722.3
SHP_L2_0,45.161700,18.016200,268,3726.4
SHP_L2_0,45.161680,18.016160,269,3730.3
SHP_L2_0,45.161650,18.016120,270,3734.8
SHP_L2_0,45.161620,18.016100,271,3738.5
SHP_L2_0,45.161580,18.016080,272,3743.2
SHP_L2_0,45.161530,18.016090,273,3748.8
SHP_L2_0,45.161490,18.016120,274,3753.9
SHP_L2_0,45.161480,18.016130,275,3755.2
SHP_L2_0,45.161450,18.016150,276,3758.9
SHP_L2_0,45.161430,18.016150,277,3761.1
SHP_L2_0,45.161400,18.016140,278,3764.6
SHP_L2_0,45.161360,18.016130,279,3769.1
SHP_L2_0,45.161280,18.016100,280,3778.3
SHP_L2_0,45.161240,18.016080,281,3783.0
SHP_L2_0,45.161200,18.016070,282,3787.5
SHP_L2_0,45.161140,18.016070,283,3794.2
SHP_L2_0,45.160610,18.015840,284,3855.8
SHP_L2_0,45.160600,18.015840,285,3856.9
SHP_L2_0,45.160610,18.015840,286,3858.1
SHP_L2_0,45.161140,18.016070,287,3919.7
SHP_L2_0,45.161200,18.016120,288,3927.4
SHP_L2_0,45.161240,18.016150,289,3932.5
SHP_L2_0,45.161350,18.016210,290,3945.6
SHP_L2_0,45.161380,18.016230,291,3949.2
SHP_L2_0,45.161400,18.016260,292,3952.5
SHP_L2_0,45.161420,18.016280,293,3955.2
SHP_L2_0,45.161430,18.016310,294,3957.8
SHP_L2_0,45.161440,18.016370,295,3962.6
SHP_L2_0,45.161470,18.016410,296,3967.2
SHP_L2_0,45.161500,18.016450,297,3971.8
SHP_L2_0,45.161540,18.016470,298,3976.5
SHP_L2_0,45.161580,18.016480,299,3981.0
SHP_L2_0,45.161620,18.016470,300,3985.5
SHP_L2_0,45.161650,18.016440,301,3989.6
SHP_L2_0,45.161700,18.016420,302,3995.4
SHP_L2_0,45.161730,18.016420,303,3998.7
SHP_L2_0,45.161780,18.016430,304,4004.4
SHP_L2_0,45.161870,18.016460,305,4014.6
SHP_L2_0,45.162260,18.016610,306,4059.6
SHP_L2_0,45.162310,18.016630,307,4065.3
SHP_L2_0,45.162390,18.016660,308,4074.5
SHP_L2_0,45.162460,18.016680,309,4082.5
SHP_L2_0,45.162550,18.016690,310,4092.5
SHP_L2_0,45.162660,18.016700,311,4104.8
SHP_L2_0,45.163160,18.016900,312,4162.5
SHP_L2_0,45.163530,18.017060,313,4205.6
SHP_L2_0,45.163690,18.017190,314,4226.1
SHP_L2_0,45.163800,18.017260,315,4239.5
SHP_L2_0,45.163880,18.017290,316,4248.7
SHP_L2_0,45.164210,18.017420,317,4286.7
SHP_L2_0,45.164260,18.017440,318,4292.5
SHP_L2_0,45.164290,18.017460,319,4296.2
SHP_L2_0,45.164320,18.017500,320,4300.8
SHP_L2_0,45.164330,18.017540,321,4304.1
SHP_L2_0,45.164350,18.017570,322,4307.4
SHP_L2_0,45.164380,18.017590,323,4311.0
SHP_L2_0,45.164410,18.017610,324,4314.7
SHP_L2_0,45.164440,18.017600,325,4318.2
SHP_L2_0,45.164470,18.017590,326,4321.6
SHP_L2_0,45.164480,18.017570,327,4323.5
SHP_L2_0,45.164530,18.017560,328,4329.1
SHP_L2_0,45.164570,18.017550,329,4333.6
SHP_L2_0,45.164720,18.017590,330,4350.6
SHP_L2_0,45.164920,18.017650,331,4373.3
SHP_L2_0,45.165060,18.017700,332,4389.4
SHP_L2_0,45.165620,18.017930,333,4454.2
SHP_L2_0,45.166020,18.018100,334,4500.6
SHP_L2_0,45.166310,18.018230,335,4534.5
SHP_L2_0,45.166390,18.018260,336,4543.7
SHP_L2_0,45.166460,18.018280,337,4551.6
SHP_L2_0,45.167060,18.018340,338,4618.5
SHP_L2_0,45.167190,18.018350,339,4633.0
SHP_L2_0,45.167710,18.018410,340,4691.0
SHP_L2_0,45.167900,18.018430,341,4712.2
SHP_L2_0,45.168410,18.018480,342,4769.0
SHP_L2_0,45.168610,18.018500,343,4791.3
SHP_L2_0,45.170860,18.018690,344,5041.9
SHP_L2_0,45.171060,18.018720,345,5064.3
SHP_L2_0,45.171640,18.018720,346,5128.8
SHP_L2_0,45.171990,18.018700,347,5167.7
SHP_L2_0,45.172860,18.018670,348,5264.5
SHP_L2_0,45.172870,18.018670,349,5265.6
SHP_L2_0,45.173050,18.018660,350,5285.7
SHP_L2_0,45.173250,18.018640,351,5307.9
SHP_L2_0,45.173470,18.018550,352,5333.4
SHP_L2_0,45.173590,18.018510,353,5347.1
SHP_L2_0,45.173870,18.018400,354,5379.4
SHP_L2_0,45.173940,18.018370,355,5387.6
SHP_L2_0,45.173990,18.018360,356,5393.2
SHP_L2_0,45.174130,18.018320,357,5409.0
SHP_L2_0,45.174230,18.018320,358,5420.2
SHP_L2_0,45.174320,18.018310,359,5430.2
SHP_L2_0,45.174580,18.018330,360,5459.2
SHP_L2_0,45.174880,18.018350,361,5492.6
SHP_L2_0,45.174990,18.018370,362,5504.9
SHP_L2_0,45.175110,18.018370,363,5518.2
SHP_L2_0,45.176140,18.018450,364,5632.9
SHP_L2_0,45.176150,18.018450,365,5634.0
SHP_L2_0,45.176230,18.018460,366,5643.0
SHP_L2_0,45.176400,18.018480,367,5661.9
SHP_L2_0,45.176600,18.018530,368,5684.5
SHP_L2_0,45.176780,18.018600,369,5705.3
SHP_L2_0,45.176950,18.018700,370,5725.7
SHP_L2_0,45.177220,18.018920,371,5760.4
SHP_L2_0,45.179090,18.020470,372,6001.2
SHP_L2_0,45.179410,18.020730,373,6042.2
SHP_L2_0,45.179830,18.021090,374,6096.8
SHP_L2_0,45.180170,18.021360,375,6140.1
SHP_L2_0,45.180480,18.021620,376,6180.1
SHP_L2_0,45.180880,18.021950,377,6231.6
SHP_L2_0,45.181010,18.022060,378,6248.4
SHP_L2_0,45.181170,18.022190,379,6268.9
SHP_L2_0,45.182490,18.023270,380,6438.3
SHP_L2_0,45.182650,18.023410,381,6459.2
SHP_L2_0,45.183570,18.024160,382,6577.2
SHP_L2_0,45.183690,18.024230,383,6591.7
SHP_L2_0,45.184030,18.024510,384,6635.4
SHP_L2_0,45.184310,18.024750,385,6671.8
SHP_L2_0,45.184870,18.025210,386,6743.7
SHP_L2_0,45.185140,18.025410,387,6777.6
SHP_L2_0,45.185210,18.025510,388,6788.6
SHP_L2_0,45.186510,18.026580,389,6955.7
SHP_L2_0,45.187590,18.027460,390,7094.2
SHP_L2_0,45.187890,18.027640,391,7130.4
SHP_L2_0,45.188180,18.027740,392,7163.6
SHP_L2_0,45.188420,18.027780,393,7190.5
SHP_L2_0,45.188470,18.027790,394,7196.1
SHP_L2_0,45.188830,18.027840,395,7236.3
SHP_L2_0,45.190070,18.028000,396,7374.8
SHP_L2_0,45.190310,18.028030,397,7401.6
SHP_L2_0,45.190310,18.028530,398,7440.8
SHP_L2_0,45.190310,18.029120,399,7487.0
SHP_L2_0,45.190320,18.029570,400,7522.3
SHP_L2_0,45.190310,18.029120,401,7557.5
SHP_L2_0,45.190310,18.028530,402,7603.8
SHP_L2_0,45.190310,18.028030,403,7643.0
SHP_L2_0,45.190350,18.027260,404,7703.5
SHP_L2_0,45.190410,18.026250,405,7782.9
SHP_L2_0,45.190450,18.025180,406,7866.9
SHP_L2_0,45.190460,18.024250,407,7939.8
SHP_L2_0,45.190450,18.024030,408,7957.0
SHP_L2_0,45.190440,18.023880,409,7968.8
SHP_L2_0,45.190340,18.022690,410,8062.8
SHP_L2_0,45.190180,18.021090,411,8189.4
SHP_L2_0,45.190130,18.020770,412,8215.1
SHP_L2_0,45.190070,18.020440,413,8241.8
SHP_L2_0,45.189990,18.020100,414,8269.9
SHP_L2_0,45.189950,18.019920,415,8284.7
SHP_L2_0,45.189850,18.019590,416,8312.8
SHP_L2_0,45.189720,18.019260,417,8342.4
SHP_L2_0,45.189560,18.018900,418,8375.8
SHP_L2_0,45.189400,18.018520,419,8410.5
SHP_L2_0,45.188860,18.017310,420,8522.7
SHP_L2_0,45.188280,18.015940,421,8648.0
SHP_L2_0,45.187850,18.014920,422,8741.1
SHP_L2_0,45.187020,18.012950,423,8921.0
SHP_L2_0,45.186830,18.012500,424,8962.1
SHP_L2_0,45.186350,18.011410,425,9062.8
SHP_L2_0,45.186290,18.011270,426,9075.7
SHP_L2_0,45.186170,18.010970,427,9102.7
SHP_L2_0,45.185920,18.010410,428,9154.6
SHP_L2_0,45.185740,18.009980,429,9193.8
SHP_L2_0,45.185450,18.009320,430,9254.8
SHP_L2_0,45.185740,18.009980,431,9315.7
SHP_L2_0,45.185920,18.010410,432,9354.9
SHP_L2_0,45.186170,18.010970,433,9406.9
SHP_L2_0,45.186290,18.011270,434,9433.9
SHP_L2_0,45.186350,18.011410,435,9446.8
SHP_L2_0,45.186830,18.012500,436,9547.5
SHP_L2_0,45.187020,18.012950,437,9588.6
SHP_L2_0,45.187850,18.014920,438,9768.5
SHP_L2_0,45.188280,18.015940,439,9861.6
SHP_L2_0,45.188860,18.017310,440,9986.9
SHP_L2_0,45.189400,18.018520,441,10099.1
SHP_L2_0,45.188860,18.017310,442,10211.3
SHP_L2_0,45.188280,18.015940,443,10336.6
SHP_L2_0,45.187850,18.014920,444,10429.7
SHP_L2_0,45.187020,18.012950,445,10609.6
SHP_L2_0,45.186830,18.012500,446,10650.7
SHP_L2_0,45.186350,18.011410,447,10751.4
SHP_L2_0,45.186290,18.011270,448,10764.3
SHP_L2_0,45.186170,18.010970,449,10791.3
SHP_L2_0,45.185920,18.010410,450,10843.3
SHP_L2_0,45.185740,18.009980,451,10882.5
SHP_L2_0,45.185370,18.009140,452,10960.1
SHP_L2_0,45.184490,18.007470,453,11123.5
SHP_L2_0,45.184420,18.007330,454,11137.0
SHP_L2_0,45.184370,18.007210,455,11147.9
SHP_L2_0,45.184340,18.007110,456,11156.4
SHP_L2_0,45.184300,18.006960,457,11169.0
SHP_L2_0,45.184290,18.006840,458,11178.4
SHP_L2_0,45.184280,18.006700,459,11189.5
SHP_L2_0,45.184270,18.006570,460,11199.7
SHP_L2_0,45.184250,18.005950,461,11248.4
SHP_L2_0,45.184210,18.005240,462,11304.2
SHP_L2_0,45.184180,18.005030,463,11321.0
SHP_L2_0,45.184140,18.004820,464,11338.0
SHP_L2_0,45.184020,18.004170,465,11390.7
SHP_L2_0,45.183950,18.003820,466,11419.2
SHP_L2_0,45.183900,18.003430,467,11450.3
SHP_L2_0,45.183810,18.001990,468,11563.6
SHP_L2_0,45.183770,18.001630,469,11592.1
SHP_L2_0,45.183720,18.001350,470,11614.8
SHP_L2_0,45.183540,18.000460,471,11687.3
SHP_L2_0,45.183180,17.998580,472,11840.0
SHP_L2_0,45.183140,17.998390,473,11855.6
SHP_L2_0,45.183090,17.998240,474,11868.6
SHP_L2_0,45.183010,17.998020,475,11888.0
SHP_L2_0,45.182700,17.997310,476,11953.4
SHP_L2_0,45.182540,17.996940,477,11987.4
SHP_L2_0,45.182500,17.996830,478,11997.2
SHP_L2_0,45.182460,17.996700,479,12008.3
SHP_L2_0,45.182420,17.996540,480,12021.6
SHP_L2_0,45.182370,17.996290,481,12041.9
SHP_L2_0,45.182370,17.996160,482,12052.1
SHP_L2_0,45.182370,17.996090,483,12057.6
SHP_L2_0,45.182380,17.996020,484,12063.2
SHP_L2_0,45.182400,17.995990,485,12066.5
SHP_L2_0,45.182410,17.995950,486,12069.8
SHP_L2_0,45.182410,17.995920,487,12072.1
SHP_L2_0,45.182400,17.995880,488,12075.5
SHP_L2_0,45.182380,17.995850,489,12078.7
SHP_L2_0,45.182360,17.995830,490,12081.4
SHP_L2_0,45.182340,17.995780,491,12085.9
SHP_L2_0,45.182310,17.995710,492,12092.3
SHP_L2_0,45.182280,17.995600,493,12101.6
SHP_L2_0,45.182180,17.994800,494,12165.3
SHP_L2_0,45.182020,17.993610,495,12260.2
SHP_L2_0,45.181840,17.992260,496,12367.9
SHP_L2_0,45.181830,17.992220,497,12371.2
SHP_L2_0,45.181840,17.992260,498,12374.5
SHP_L2_0,45.182020,17.993610,499,12482.2
SHP_L2_0,45.182180,17.994800,500,12577.2
SHP_L2_0,45.182280,17.995600,501,12640.9
SHP_L2_0,45.182290,17.995680,502,12647.2
SHP_L2_0,45.182290,17.995750,503,12652.7
SHP_L2_0,45.182280,17.995800,504,12656.8
SHP_L2_0,45.182270,17.995860,505,12661.6
SHP_L2_0,45.182250,17.995890,506,12664.9
SHP_L2_0,45.182210,17.995950,507,12671.3
SHP_L2_0,45.182180,17.996000,508,12676.5
SHP_L2_0,45.182130,17.996040,509,12682.9
SHP_L2_0,45.182190,17.996030,510,12689.6
SHP_L2_0,45.182240,17.996020,511,12695.2
SHP_L2_0,45.182280,17.996020,512,12699.6
SHP_L2_0,45.182290,17.996030,513,12701.0
SHP_L2_0,45.182310,17.996070,514,12704.8
SHP_L2_0,45.182330,17.996120,515,12709.4
SHP_L2_0,45.182370,17.996290,516,12723.4
SHP_L2_0,45.182420,17.996540,517,12743.8
SHP_L2_0,45.182420,17.996550,518,12744.5
SHP_L2_0,45.182460,17.996700,519,12757.1
SHP_L2_0,45.182500,17.996830,520,12768.2
SHP_L2_0,45.182540,17.996940,521,12777.9
SHP_L2_0,45.182700,17.997310,522,12812.0
SHP_L2_0,45.183010,17.998020,523,12877.4
SHP_L2_0,45.183090,17.998240,524,12896.8
SHP_L2_0,45.183140,17.998390,525,12909.8
SHP_L2_0,45.183180,17.998580,526,12925.4
SHP_L2_0,45.183540,18.000460,527,13078.1
SHP_L2_0,45.183720,18.001350,528,13150.6
SHP_L2_0,45.183770,18.001630,529,13173.3
SHP_L2_0,45.183810,18.001990,530,13201.8
SHP_L2_0,45.183900,18.003430,531,13315.1
SHP_L2_0,45.183940,18.003770,532,13342.1
SHP_L2_0,45.183900,18.003430,533,13369.2
SHP_L2_0,45.183810,18.001990,534,13482.5
SHP_L2_0,45.183770,18.001630,535,13511.0
SHP_L2_0,45.183720,18.001350,536,13533.7
SHP_L2_0,45.183540,18.000460,537,13606.2
SHP_L2_0,45.183180,17.998580,538,13758.9
SHP_L2_0,45.183140,17.998390,539,13774.4
SHP_L2_0,45.183090,17.998240,540,13787.5
SHP_L2_0,45.183010,17.998020,541,13806.9
SHP_L2_0,45.182700,17.997310,542,13872.3
SHP_L2_0,45.182540,17.996940,543,13906.3
SHP_L2_0,45.182500,17.996830,544,13916.0
SHP_L2_0,45.182460,17.996700,545,13927.2
SHP_L2_0,45.182420,17.996540,546,13940.5
SHP_L2_0,45.182370,17.996290,547,13960.8
SHP_L2_0,45.182370,17.996160,548,13971.0
SHP_L2_0,45.182370,17.996090,549,13976.5
SHP_L2_0,45.182380,17.996020,550,13982.1
SHP_L2_0,45.182400,17.995990,551,13985.3
SHP_L2_0,45.182410,17.995950,552,13988.7
SHP_L2_0,45.182410,17.995920,553,13991.0
SHP_L2_0,45.182400,17.995880,554,13994.3
SHP_L2_0,45.182380,17.995850,555,13997.6
SHP_L2_0,45.182360,17.995830,556,14000.3
SHP_L2_0,45.182340,17.995780,557,14004.8
SHP_L2_0,45.182310,17.995710,558,14011.2
SHP_L2_0,45.182280,17.995600,559,14020.5
SHP_L2_0,45.182180,17.994800,560,14084.1
SHP_L2_0,45.182020,17.993610,561,14179.1
SHP_L2_0,45.181840,17.992260,562,14286.8
SHP_L2_0,45.181830,17.992220,563,14290.1
SHP_L2_0,45.181720,17.991350,564,14359.4
SHP_L2_0,45.181830,17.992220,565,14428.7
SHP_L2_0,45.181840,17.992260,566,14432.0
SHP_L2_0,45.182020,17.993610,567,14539.7
SHP_L2_0,45.182180,17.994800,568,14634.6
SHP_L2_0,45.182280,17.995600,569,14698.3
SHP_L2_0,45.182290,17.995680,570,14704.7
SHP_L2_0,45.182290,17.995750,571,14710.2
SHP_L2_0,45.182280,17.995800,572,14714.2
SHP_L2_0,45.182270,17.995860,573,14719.1
SHP_L2_0,45.182250,17.995890,574,14722.3
SHP_L2_0,45.182210,17.995950,575,14728.8
SHP_L2_0,45.182180,17.996000,576,14733.9
SHP_L2_0,45.182130,17.996040,577,14740.3
SHP_L2_0,45.182090,17.996060,578,14745.0
SHP_L2_0,45.181040,17.996610,579,14869.5
SHP_L2_0,45.180610,17.996840,580,14920.6
SHP_L2_0,45.180230,17.997070,581,14966.5
SHP_L2_0,45.178550,17.998120,582,15170.6
SHP_L2_0,45.178510,17.998240,583,15181.0
SHP_L2_0,45.178280,17.998640,584,15221.5
SHP_L2_0,45.178250,17.998710,585,15227.9
SHP_L2_0,45.178190,17.998800,586,15237.6
SHP_L2_0,45.177940,17.999180,587,15278.4
SHP_L2_0,45.177850,17.999320,588,15293.2
SHP_L2_0,45.177810,17.999370,589,15299.2
SHP_L2_0,45.177760,17.999460,590,15308.1
SHP_L2_0,45.177520,17.999730,591,15342.2
SHP_L2_0,45.176870,18.000200,592,15423.3
SHP_L2_0,45.176830,18.000240,593,15428.8
SHP_L2_0,45.176780,18.000270,594,15434.8
SHP_L2_0,45.176720,18.000310,595,15442.2
SHP_L2_0,45.176120,18.000760,596,15517.6
SHP_L2_0,45.175860,18.000950,597,15550.2
SHP_L2_0,45.175800,18.000990,598,15557.5
SHP_L2_0,45.175760,18.001030,599,15563.0
SHP_L2_0,45.175630,18.001130,600,15579.4
SHP_L2_0,45.175020,18.001580,601,15655.9
SHP_L2_0,45.173910,18.002400,602,15795.0
SHP_L2_0,45.173890,18.002420,603,15797.8
SHP_L2_0,45.173530,18.002670,604,15842.3
SHP_L2_0,45.173310,18.002780,605,15868.3
SHP_L2_0,45.173100,18.002860,606,15892.4
SHP_L2_0,45.173040,18.002880,607,15899.3
SHP_L2_0,45.172970,18.002900,608,15907.2
SHP_L2_0,45.172630,18.002960,609,15945.3
SHP_L2_0,45.172490,18.002980,610,15961.0
SHP_L2_0,45.172500,18.003050,611,15966.6
SHP_L2_0,45.171860,18.003170,612,16038.4
SHP_L2_0,45.171210,18.003280,613,16111.2
SHP_L2_0,45.171040,18.003320,614,16130.3
SHP_L2_0,45.170250,18.003480,615,16219.0
SHP_L2_0,45.170200,18.003490,616,16224.7
SHP_L2_0,45.169780,18.003560,617,16271.7
SHP_L2_0,45.169440,18.003640,618,16310.0
SHP_L2_0,45.168700,18.003770,619,16392.9
SHP_L2_0,45.168380,18.003820,620,16428.7
SHP_L2_0,45.168270,18.003820,621,16441.0
SHP_L2_0,45.168170,18.003820,622,16452.1
SHP_L2_0,45.168080,18.003830,623,16462.1
SHP_L2_0,45.167990,18.003820,624,16472.1
SHP_L2_0,45.167960,18.003810,625,16475.6
SHP_L2_0,45.167820,18.003780,626,16491.3
SHP_L2_0,45.167240,18.003640,627,16556.7
SHP_L2_0,45.167230,18.003740,628,16564.7
SHP_L2_0,45.167280,18.003750,629,16570.3
SHP_L2_0,45.167740,18.003850,630,16622.0
SHP_L2_0,45.167760,18.003850,631,16624.2
SHP_L2_0,45.167810,18.003860,632,16629.9
SHP_L2_0,45.167850,18.003860,633,16634.3
SHP_L2_0,45.167990,18.003890,634,16650.0
SHP_L2_0,45.168030,18.003900,635,16654.6
SHP_L2_0,45.168090,18.003900,636,16661.2
SHP_L2_0,45.168140,18.003900,637,16666.8
SHP_L2_0,45.168280,18.003890,638,16682.4
SHP_L2_0,45.168400,18.003890,639,16695.7
SHP_L2_0,45.168630,18.003850,640,16721.5
SHP_L2_0,45.168710,18.003840,641,16730.4
SHP_L2_0,45.168790,18.003820,642,16739.5
SHP_L2_0,45.169360,18.003710,643,16803.4
SHP_L2_0,45.169450,18.003700,644,16813.5
SHP_L2_0,45.169500,18.003690,645,16819.1
SHP_L2_0,45.170160,18.003570,646,16893.1
SHP_L2_0,45.170260,18.003550,647,16904.3
SHP_L2_0,45.170320,18.003530,648,16911.1
SHP_L2_0,45.170830,18.003440,649,16968.3
SHP_L2_0,45.170970,18.003410,650,16984.0
SHP_L2_0,45.171040,18.003390,651,16992.0
SHP_L2_0,45.171140,18.003380,652,17003.1
SHP_L2_0,45.171780,18.003260,653,17074.9
SHP_L2_0,45.171870,18.003240,654,17085.0
SHP_L2_0,45.171930,18.003230,655,17091.8
SHP_L2_0,45.172510,18.003120,656,17156.8
SHP_L2_0,45.172590,18.003110,657,17165.8
SHP_L2_0,45.172650,18.003100,658,17172.5
SHP_L2_0,45.173140,18.002990,659,17227.6
SHP_L2_0,45.173360,18.002900,660,17253.1
SHP_L2_0,45.173700,18.002700,661,17294.0
SHP_L2_0,45.173850,18.002580,662,17313.2
SHP_L2_0,45.173890,18.002560,663,17317.9
SHP_L2_0,45.173930,18.002530,664,17322.9
SHP_L2_0,45.174500,18.002120,665,17394.0
SHP_L2_0,45.174770,18.001910,666,17428.2
SHP_L2_0,45.174950,18.001780,667,17450.7
SHP_L2_0,45.175150,18.001630,668,17475.8
SHP_L2_0,45.175260,18.001550,669,17489.6
SHP_L2_0,45.175240,18.001490,670,17494.8
SHP_L2_0,45.174120,18.002310,671,17634.9
SHP_L2_0,45.173910,18.002470,672,17661.4
SHP_L2_0,45.173900,18.002470,673,17662.5
SHP_L2_0,45.173870,18.002500,674,17666.6
SHP_L2_0,45.173580,18.002710,675,17702.8
SHP_L2_0,45.173310,18.002850,676,17734.8
SHP_L2_0,45.173050,18.002930,677,17764.4
SHP_L2_0,45.172580,18.003040,678,17817.4
SHP_L2_0,45.172500,18.003050,679,17826.3
SHP_L2_0,45.171860,18.003170,680,17898.1
SHP_L2_0,45.171210,18.003280,681,17970.9
SHP_L2_0,45.171040,18.003320,682,17990.0
SHP_L2_0,45.170250,18.003480,683,18078.8
SHP_L2_0,45.170200,18.003490,684,18084.4
SHP_L2_0,45.169780,18.003560,685,18131.4
SHP_L2_0,45.169440,18.003640,686,18169.7
SHP_L2_0,45.168700,18.003770,687,18252.6
SHP_L2_0,45.168380,18.003820,688,18288.4
SHP_L2_0,45.168270,18.003820,689,18300.7
SHP_L2_0,45.168170,18.003820,690,18311.8
SHP_L2_0,45.168080,18.003830,691,18321.8
SHP_L2_0,45.167990,18.003820,692,18331.9
SHP_L2_0,45.167960,18.003810,693,18335.3
SHP_L2_0,45.167820,18.003780,694,18351.0
SHP_L2_0,45.167240,18.003640,695,18416.4
SHP_L2_0,45.167230,18.003740,696,18424.4
SHP_L2_0,45.167180,18.004370,697,18474.1
SHP_L2_0,45.167130,18.004980,698,18522.2
SHP_L2_0,45.167070,18.005640,699,18574.4
SHP_L2_0,45.167050,18.005830,700,18589.4
SHP_L2_0,45.167010,18.006470,701,18639.8
SHP_L2_0,45.167000,18.006620,702,18651.6
SHP_L2_0,45.166120,18.006480,703,18750.1
SHP_L2_0,45.166050,18.007170,704,18804.7
SHP_L2_0,45.165940,18.008600,705,18917.5
SHP_L2_0,45.165700,18.012000,706,19185.4
SHP_L2_0,45.165700,18.012040,707,19188.5
SHP_L2_0,45.165630,18.013760,708,19323.6
SHP_L2_0,45.165650,18.013930,709,19337.1
SHP_L2_0,45.165630,18.013760,710,19350.6
SHP_L2_0,45.165700,18.012040,711,19485.7
SHP_L2_0,45.165700,18.012000,712,19488.8
SHP_L2_0,45.165830,18.010150,713,19634.6
SHP_L2_0,45.165940,18.008600,714,19756.7
SHP_L2_0,45.166050,18.007170,715,19869.5
SHP_L2_0,45.166120,18.006480,716,19924.2
SHP_L2_0,45.166250,18.004440,717,20084.7
SHP_L2_0,45.166280,18.004370,718,20091.2
SHP_L2_0,45.166320,18.004320,719,20097.1
SHP_L2_0,45.166370,18.004280,720,20103.5
SHP_L2_0,45.166440,18.004250,721,20111.6
SHP_L2_0,45.166570,18.004260,722,20126.1
SHP_L2_0,45.167180,18.004370,723,20194.5
SHP_L2_0,45.167230,18.003740,724,20244.2
SHP_L2_0,45.167240,18.003640,725,20252.1
SHP_L2_0,45.167280,18.003580,726,20258.6
SHP_L2_0,45.167210,18.003560,727,20266.5
SHP_L2_0,45.167000,18.003510,728,20290.2
SHP_L2_0,45.166860,18.003480,729,20305.9
SHP_L2_0,45.166760,18.003450,730,20317.3
SHP_L2_0,45.166770,18.003390,731,20322.1
SHP_L2_0,45.166760,18.002710,732,20375.4
SHP_L2_0,45.166760,18.002300,733,20407.6
SHP_L2_0,45.166740,18.001720,734,20453.1
SHP_L2_0,45.166730,18.001280,735,20487.6
SHP_L2_0,45.166700,18.001080,736,20503.6
SHP_L2_0,45.166650,18.000860,737,20521.8
SHP_L2_0,45.166590,18.000700,738,20536.0
SHP_L2_0,45.166550,18.000600,739,20545.0
SHP_L2_0,45.166410,18.000390,740,20567.6
SHP_L2_0,45.166280,18.000260,741,20585.3
SHP_L2_0,45.165930,18.000000,742,20629.3
SHP_L2_0,45.165650,17.999790,743,20664.5
SHP_L2_0,45.165420,17.999620,744,20693.3
SHP_L2_0,45.165360,17.999580,745,20700.7
SHP_L2_0,45.165130,17.999410,746,20729.5
SHP_L2_0,45.165100,17.999390,747,20733.2
SHP_L2_0,45.165040,17.999350,748,20740.6
SHP_L2_0,45.164960,17.999520,749,20756.6
SHP_L2_0,45.164860,17.999700,750,20774.6
SHP_L2_0,45.164800,17.999780,751,20783.7
SHP_L2_0,45.164750,17.999830,752,20790.5
SHP_L2_0,45.164700,17.999880,753,20797.3
SHP_L2_0,45.164640,17.999910,754,20804.4
SHP_L2_0,45.164590,17.999920,755,20810.0
SHP_L2_0,45.164520,17.999930,756,20817.9
SHP_L2_0,45.164290,17.999910,757,20843.5
SHP_L2_0,45.164190,17.999920,758,20854.6
SHP_L2_0,45.164130,17.999940,759,20861.5
SHP_L2_0,45.164080,17.999990,760,20868.3
SHP_L2_0,45.164040,18.000050,761,20874.8
SHP_L2_0,45.164010,18.000120,762,20881.2
SHP_L2_0,45.164000,18.000210,763,20888.3
SHP_L2_0,45.164000,18.000300,764,20895.4
SHP_L2_0,45.164020,18.000470,765,20908.9
SHP_L2_0,45.164040,18.000590,766,20918.6
SHP_L2_0,45.164080,18.000750,767,20931.9
SHP_L2_0,45.164100,18.000870,768,20941.5
SHP_L2_0,45.164100,18.000970,769,20949.4
SHP_L2_0,45.164090,18.001050,770,20955.7
SHP_L2_0,45.164050,18.001120,771,20962.8
SHP_L2_0,45.163510,18.002100,772,21060.3
SHP_L2_0,45.163410,18.002290,773,21078.9
SHP_L2_0,45.163130,18.002900,774,21136.0
SHP_L2_0,45.163080,18.002980,775,21144.4
SHP_L2_0,45.163060,18.003020,776,21148.2
SHP_L2_0,45.163030,18.003050,777,21152.3
SHP_L2_0,45.162940,18.003100,778,21163.0
SHP_L2_0,45.162880,18.003120,779,21169.9
SHP_L2_0,45.162850,18.003130,780,21173.3
SHP_L2_0,45.162820,18.003130,781,21176.7
SHP_L2_0,45.162790,18.003120,782,21180.1
SHP_L2_0,45.162760,18.003110,783,21183.5
SHP_L2_0,45.162740,18.003090,784,21186.2
SHP_L2_0,45.162690,18.003050,785,21192.6
SHP_L2_0,45.162640,18.003040,786,21198.2
SHP_L2_0,45.162580,18.003050,787,21204.9
SHP_L2_0,45.162540,18.003070,788,21209.7
SHP_L2_0,45.162500,18.003110,789,21215.1
SHP_L2_0,45.162460,18.003160,790,21221.0
SHP_L2_0,45.162440,18.003230,791,21227.0
SHP_L2_0,45.162420,18.003300,792,21232.9
SHP_L2_0,45.162420,18.003380,793,21239.1
SHP_L2_0,45.162440,18.003470,794,21246.5
SHP_L2_0,45.162480,18.003540,795,21253.6
SHP_L2_0,45.162530,18.003600,796,21260.9
SHP_L2_0,45.162550,18.003650,797,21265.4
SHP_L2_0,45.162560,18.003700,798,21269.5
SHP_L2_0,45.162560,18.003750,799,21273.4
SHP_L2_0,45.162550,18.004170,800,21306.3
SHP_L2_0,45.162530,18.004550,801,21336.2
SHP_L2_0,45.162520,18.004800,802,21355.8
SHP_L2_0,45.162490,18.005240,803,21390.5
SHP_L2_0,45.162420,18.006310,804,21474.8
SHP_L2_0,45.162250,18.008510,805,21648.3
SHP_L2_0,45.162080,18.010540,806,21808.6
SHP_L2_0,45.162090,18.010710,807,21821.9
SHP_L2_0,45.162080,18.010820,808,21830.6
SHP_L2_0,45.162080,18.010860,809,21833.8
SHP_L2_0,45.162070,18.010900,810,21837.1
SHP_L2_0,45.162070,18.010940,811,21840.2
SHP_L2_0,45.162050,18.010980,812,21844.1
SHP_L2_0,45.162040,18.011030,813,21848.1
SHP_L2_0,45.162020,18.011070,814,21852.0
SHP_L2_0,45.161990,18.011090,815,21855.7
SHP_L2_0,45.161970,18.011120,816,21858.9
SHP_L2_0,45.161950,18.011160,817,21862.8
SHP_L2_0,45.161940,18.011200,818,21866.1
SHP_L2_0,45.161940,18.011260,819,21870.8
SHP_L2_0,45.161950,18.011310,820,21874.9
SHP_L2_0,45.161970,18.011360,821,21879.4
SHP_L2_0,45.161990,18.011420,822,21884.6
SHP_L2_0,45.162010,18.011460,823,21888.4
SHP_L2_0,45.162010,18.011510,824,21892.3
SHP_L2_0,45.162010,18.011570,825,21897.0
SHP_L2_0,45.162010,18.011670,826,21904.9
SHP_L2_0,45.161990,18.011760,827,21912.3
SHP_L2_0,45.161980,18.011840,828,21918.7
SHP_L2_0,45.161820,18.013320,829,22036.0
SHP_L2_0,45.161760,18.013900,830,22082.0
SHP_L2_0,45.161710,18.014400,831,22121.6
SHP_L2_0,45.161670,18.014730,832,22147.9
SHP_L2_0,45.161630,18.015040,833,22172.6
SHP_L2_0,45.161610,18.015210,834,22186.1
SHP_L2_0,45.161570,18.015640,835,22220.1
SHP_L2_0,45.161540,18.015950,836,22244.6
SHP_L2_0,45.161530,18.016020,837,22250.2
SHP_L2_0,45.161520,18.016070,838,22254.3
SHP_L2_0,45.161490,18.016120,839,22259.4
SHP_L2_0,45.161480,18.016130,840,22260.8
SHP_L2_0,45.161450,18.016150,841,22264.5
SHP_L2_0,45.161430,18.016150,842,22266.7
SHP_L2_0,45.161400,18.016140,843,22270.1
SHP_L2_0,45.161360,18.016130,844,22274.7
SHP_L2_0,45.161280,18.016100,845,22283.9
SHP_L2_0,45.161240,18.016080,846,22288.6
SHP_L2_0,45.161200,18.016070,847,22293.1
SHP_L2_0,45.161140,18.016070,848,22299.8
SHP_L2_0,45.160610,18.015840,849,22361.4
SHP_L2_0,45.160600,18.015840,850,22362.5
SHP_L2_0,45.160610,18.015840,851,22363.6
SHP_L2_0,45.161140,18.016070,852,22425.2
SHP_L2_0,45.161200,18.016120,853,22433.0
SHP_L2_0,45.161240,18.016150,854,22438.0
SHP_L2_0,45.161350,18.016210,855,22451.1
SHP_L2_0,45.161380,18.016230,856,22454.8
SHP_L2_0,45.161400,18.016260,857,22458.0
SHP_L2_0,45.161420,18.016280,858,22460.8
SHP_L2_0,45.161430,18.016310,859,22463.4
SHP_L2_0,45.161440,18.016370,860,22468.2
SHP_L2_0,45.161470,18.016410,861,22472.8
SHP_L2_0,45.161500,18.016450,862,22477.4
SHP_L2_0,45.161510,18.016490,863,22480.7
SHP_L2_0,45.161510,18.016530,864,22483.8
SHP_L2_0,45.161510,18.016590,865,22488.5
SHP_L2_0,45.161500,18.016860,866,22509.7
SHP_L2_0,45.161490,18.017190,867,22535.6
SHP_L2_0,45.161480,18.017520,868,22561.5
SHP_L2_0,45.161480,18.017660,869,22572.5
SHP_L2_0,45.161480,18.017780,870,22581.9
SHP_L2_0,45.161480,18.017910,871,22592.1
SHP_L2_0,45.161470,18.018060,872,22603.9
SHP_L2_0,45.161470,18.018170,873,22612.5
SHP_L2_0,45.161410,18.019000,874,22678.0
SHP_L2_0,45.161370,18.019560,875,22722.1
SHP_L2_0,45.161360,18.019630,876,22727.7
SHP_L2_0,45.161360,18.019640,877,22728.5
SHP_L2_0,45.161350,18.019700,878,22733.3
SHP_L2_0,45.161330,18.019750,879,22737.8
SHP_L2_0,45.161300,18.019810,880,22743.6
SHP_L2_0,45.161280,18.019840,881,22746.8
SHP_L2_0,45.161270,18.019880,882,22750.1
SHP_L2_0,45.161260,18.019920,883,22753.5
SHP_L2_0,45.161260,18.019970,884,22757.4
SHP_L2_0,45.161270,18.020010,885,22760.7
SHP_L2_0,45.161280,18.020040,886,22763.3
SHP_L2_0,45.161300,18.020070,887,22766.6
SHP_L2_0,45.161310,18.020120,888,22770.6
SHP_L2_0,45.161310,18.020160,889,22773.8
SHP_L2_0,45.161310,18.020220,890,22778.5
SHP_L2_0,45.161270,18.020650,891,22812.5
SHP_L2_0,45.161170,18.022020,892,22920.5
SHP_L2_0,45.161160,18.022240,893,22937.7
SHP_L2_0,45.161150,18.022380,894,22948.8
SHP_L2_0,45.161150,18.022520,895,22959.8
SHP_L2_0,45.161120,18.023290,896,23020.2
SHP_L2_0,45.161070,18.023300,897,23025.8
SHP_L2_0,45.161000,18.023300,898,23033.6
SHP_L2_0,45.160560,18.023340,899,23082.6
SHP_L2_0,45.160430,18.023350,900,23097.1
SHP_L2_0,45.160310,18.023400,901,23111.0
SHP_L2_0,45.160040,18.023530,902,23142.7
SHP_L2_0,45.159160,18.023920,903,23245.3
SHP_L2_0,45.159030,18.023970,904,23260.2
SHP_L2_0,45.158980,18.023970,905,23265.8
SHP_L2_0,45.158970,18.023970,906,23266.9
SHP_L2_0,45.158950,18.023970,907,23269.1
SHP_L2_0,45.158940,18.023960,908,23270.5
SHP_L2_0,45.158930,18.023940,909,23272.4
SHP_L2_0,45.158910,18.023910,910,23275.6
SHP_L2_0,45.158880,18.023830,911,23282.8
SHP_L2_0,45.158800,18.023600,912,23302.9
SHP_L2_0,45.158750,18.023480,913,23313.8
SHP_L2_0,45.158730,18.023420,914,23319.0
SHP_L2_0,45.158720,18.023370,915,23323.1
SHP_L2_0,45.158720,18.023340,916,23325.4
SHP_L2_0,45.158710,18.023310,917,23328.0
SHP_L2_0,45.158700,18.023280,918,23330.6
SHP_L2_0,45.158690,18.023270,919,23332.0
SHP_L2_0,45.158680,18.023260,920,23333.3
SHP_L2_0,45.158660,18.023200,921,23338.6
SHP_L2_0,45.158610,18.023080,922,23349.5
SHP_L2_0,45.158570,18.022980,923,23358.5
SHP_L2_0,45.158520,18.022900,924,23366.9
SHP_L2_0,45.158590,18.023140,925,23387.2
SHP_L2_0,45.158600,18.023220,926,23393.6
SHP_L2_0,45.158600,18.023290,927,23399.1
SHP_L2_0,45.158590,18.023320,928,23401.7
SHP_L2_0,45.158390,18.023420,929,23425.3
SHP_L2_0,45.157900,18.023700,930,23484.0
SHP_L2_0,45.156380,18.024380,931,23661.3
SHP_L2_0,45.156290,18.024400,932,23671.4
SHP_L2_0,45.156220,18.024400,933,23679.2
SHP_L2_0,45.156160,18.024400,934,23685.8
SHP_L2_0,45.156080,18.024390,935,23694.8
SHP_L2_0,45.155620,18.024260,936,23746.9
SHP_L2_0,45.154860,18.023990,937,23834.0
SHP_L2_0,45.154770,18.023950,938,23844.5
SHP_L2_0,45.154620,18.023900,939,23861.7
SHP_L2_0,45.154570,18.023880,940,23867.4
SHP_L2_0,45.154490,18.023850,941,23876.6
SHP_L2_0,45.154370,18.023810,942,23890.3
SHP_L2_0,45.153880,18.023640,943,23946.4
SHP_L2_0,45.153590,18.023550,944,23979.5
SHP_L2_0,45.153550,18.023530,945,23984.2
SHP_L2_0,45.153500,18.023520,946,23989.8
SHP_L2_0,45.153410,18.023520,947,23999.8
SHP_L2_0,45.153400,18.023280,948,24018.6
SHP_L2_0,45.153390,18.022950,949,24044.5
SHP_L2_0,45.153380,18.022700,950,24064.2
SHP_L2_0,45.153370,18.022620,951,24070.5
SHP_L2_0,45.153370,18.022380,952,24089.4
SHP_L2_0,45.153370,18.022200,953,24103.5
SHP_L2_0,45.153370,18.021880,954,24128.6
SHP_L2_0,45.153400,18.021250,955,24178.1
SHP_L2_0,45.153400,18.021160,956,24185.1
SHP_L2_0,45.153400,18.021090,957,24190.6
SHP_L2_0,45.153390,18.021010,958,24197.0
SHP_L2_0,45.153390,18.020950,959,24201.7
SHP_L2_0,45.153360,18.020740,960,24218.5
SHP_L2_0,45.153350,18.020660,961,24224.9
SHP_L2_0,45.153350,18.020620,962,24228.0
SHP_L2_0,45.153350,18.020570,963,24231.9
SHP_L2_0,45.153370,18.020540,964,24235.2
SHP_L2_0,45.153370,18.020510,965,24237.5
SHP_L2_0,45.153370,18.020470,966,24240.7
SHP_L2_0,45.153360,18.020440,967,24243.3
SHP_L2_0,45.153340,18.020410,968,24246.5
SHP_L2_0,45.153320,18.020400,969,24248.9
SHP_L2_0,45.153320,18.020340,970,24253.6
SHP_L2_0,45.153320,18.020280,971,24258.3
SHP_L2_0,45.153360,18.020060,972,24276.1
SHP_L2_0,45.153380,18.019970,973,24283.5
SHP_L2_0,45.153390,18.019890,974,24289.9
SHP_L2_0,45.153400,18.019790,975,24297.8
SHP_L2_0,45.153410,18.019760,976,24300.4
SHP_L2_0,45.153430,18.019740,977,24303.1
SHP_L2_0,45.153460,18.019720,978,24306.8
SHP_L2_0,45.153480,18.019710,979,24309.2
SHP_L2_0,45.153520,18.019700,980,24313.7
SHP_L2_0,45.153620,18.019690,981,24324.8
SHP_L2_0,45.153990,18.019680,982,24366.0
SHP_L2_0,45.154040,18.019680,983,24371.5
SHP_L2_0,45.154100,18.019670,984,24378.2
SHP_L2_0,45.154130,18.019650,985,24381.9
SHP_L2_0,45.154170,18.019630,986,24386.6
SHP_L2_0,45.154190,18.019590,987,24390.5
SHP_L2_0,45.154220,18.019540,988,24395.6
SHP_L2_0,45.154240,18.019460,989,24402.3
SHP_L2_0,45.154420,18.018650,990,24468.9
SHP_L2_0,45.154450,18.018540,991,24478.1
SHP_L2_0,45.154480,18.018370,992,24491.9
SHP_L2_0,45.154590,18.017890,993,24531.5
SHP_L2_0,45.154880,18.016620,994,24636.1
SHP_L2_0,45.154900,18.016520,995,24644.3
SHP_L2_0,45.154970,18.016180,996,24672.1
SHP_L2_0,45.155090,18.015630,997,24717.2
SHP_L2_0,45.155180,18.015230,998,24750.1
SHP_L2_0,45.155190,18.015190,999,24753.5
SHP_L2_0,45.155240,18.015030,1000,24767.2
SHP_L2_0,45.155270,18.014960,1001,24773.6
SHP_L2_0,45.155300,18.014890,1002,24780.0
SHP_L2_0,45.155320,18.014840,1003,24784.5
SHP_L2_0,45.155350,18.014800,1004,24789.1
SHP_L2_0,45.155380,18.014780,1005,24792.8
SHP_L2_0,45.155410,18.014760,1006,24796.5
SHP_L2_0,45.155440,18.014760,1007,24799.8
SHP_L2_0,45.155480,18.014760,1008,24804.3
SHP_L2_0,45.155680,18.014770,1009,24826.5
SHP_L2_0,45.155490,18.014690,1010,24848.6
SHP_L2_0,45.155450,18.014670,1011,24853.3
SHP_L2_0,45.155430,18.014650,1012,24856.0
SHP_L2_0,45.155400,18.014630,1013,24859.7
SHP_L2_0,45.155390,18.014590,1014,24863.0
SHP_L2_0,45.155370,18.014570,1015,24865.7
SHP_L2_0,45.155360,18.014510,1016,24870.6
SHP_L2_0,45.155350,18.014450,1017,24875.4
SHP_L2_0,45.155350,18.014300,1018,24887.2
SHP_L2_0,45.155350,18.014260,1019,24890.3
SHP_L2_0,45.155360,18.014010,1020,24909.9
SHP_L2_0,45.155360,18.013990,1021,24911.5
SHP_L2_0,45.155380,18.013850,1022,24922.7
SHP_L2_0,45.155420,18.013600,1023,24942.8
SHP_L2_0,45.155450,18.013330,1024,24964.2
SHP_L2_0,45.155500,18.012800,1025,25006.2
SHP_L2_0,45.155520,18.012540,1026,25026.7
SHP_L2_0,45.155560,18.012180,1027,25055.2
SHP_L2_0,45.155590,18.011920,1028,25075.9
SHP_L2_0,45.155620,18.011570,1029,25103.6
SHP_L2_0,45.155660,18.011200,1030,25132.9
SHP_L2_0,45.155670,18.011070,1031,25143.2
SHP_L2_0,45.155690,18.011000,1032,25149.1
SHP_L2_0,45.155700,18.010930,1033,25154.7
SHP_L2_0,45.155720,18.010770,1034,25167.4
SHP_L2_0,45.155730,18.010660,1035,25176.1
SHP_L2_0,45.155680,18.010650,1036,25181.7
SHP_L2_0,45.155670,18.010740,1037,25188.9
SHP_L2_0,45.155670,18.010840,1038,25196.7
SHP_L2_0,45.155670,18.010920,1039,25203.0
SHP_L2_0,45.155670,18.010980,1040,25207.7
SHP_L2_0,45.155670,18.010990,1041,25208.5
SHP_L2_0,45.155670,18.011000,1042,25209.3
SHP_L2_0,45.155670,18.011070,1043,25214.8
SHP_L2_0,45.155660,18.011200,1044,25225.0
SHP_L2_0,45.155620,18.011570,1045,25254.4
SHP_L2_0,45.155590,18.011920,1046,25282.0
SHP_L2_0,45.155560,18.012180,1047,25302.7
SHP_L2_0,45.155580,18.012270,1048,25310.1
SHP_L2_0,45.155590,18.012300,1049,25312.7
SHP_L2_0,45.155610,18.012350,1050,25317.2
SHP_L2_0,45.155650,18.012380,1051,25322.2
SHP_L2_0,45.155690,18.012410,1052,25327.2
SHP_L2_0,45.155720,18.012420,1053,25330.7
SHP_L2_0,45.156560,18.012540,1054,25424.5
SHP_L2_0,45.157750,18.012710,1055,25557.5
SHP_L2_0,45.158590,18.012830,1056,25651.4
SHP_L2_0,45.159410,18.012940,1057,25743.0
SHP_L2_0,45.159570,18.012970,1058,25760.9
SHP_L2_0,45.159480,18.014040,1059,25845.4
SHP_L2_0,45.159420,18.015190,1060,25935.8
SHP_L2_0,45.159410,18.015350,1061,25948.4
SHP_L2_0,45.159490,18.015380,1062,25957.6
SHP_L2_0,45.159660,18.015430,1063,25976.9
SHP_L2_0,45.160300,18.015710,1064,26051.4
SHP_L2_0,45.160600,18.015840,1065,26086.3
SHP_L2_0,45.160610,18.015840,1066,26087.4
SHP_L2_0,45.161140,18.016070,1067,26149.0
SHP_L2_0,45.161200,18.016120,1068,26156.8
SHP_L2_0,45.161240,18.016150,1069,26161.8
SHP_L2_0,45.161350,18.016210,1070,26174.9
SHP_L2_0,45.161380,18.016230,1071,26178.6
SHP_L2_0,45.161400,18.016260,1072,26181.8
SHP_L2_0,45.161420,18.016280,1073,26184.6
SHP_L2_0,45.161430,18.016310,1074,26187.2
SHP_L2_0,45.161440,18.016370,1075,26192.0
SHP_L2_0,45.161470,18.016410,1076,26196.6
SHP_L2_0,45.161500,18.016450,1077,26201.2
SHP_L2_0,45.161540,18.016470,1078,26205.9
SHP_L2_0,45.161580,18.016480,1079,26210.4
SHP_L2_0,45.161620,18.016470,1080,26214.9
SHP_L2_0,45.161650,18.016440,1081,26219.0
SHP_L2_0,45.161700,18.016420,1082,26224.8
SHP_L2_0,45.161730,18.016420,1083,26228.1
SHP_L2_0,45.161780,18.016430,1084,26233.7
SHP_L2_0,45.161870,18.016460,1085,26244.0
SHP_L2_0,45.162260,18.016610,1086,26288.9
SHP_L2_0,45.162310,18.016630,1087,26294.7
SHP_L2_0,45.162390,18.016660,1088,26303.9
SHP_L2_0,45.162460,18.016680,1089,26311.8
SHP_L2_0,45.162550,18.016690,1090,26321.9
SHP_L2_0,45.162660,18.016700,1091,26334.1
SHP_L2_0,45.163160,18.016900,1092,26391.9
SHP_L2_0,45.163530,18.017060,1093,26434.9
SHP_L2_0,45.163690,18.017190,1094,26455.4
SHP_L2_0,45.163800,18.017260,1095,26468.8
SHP_L2_0,45.163880,18.017290,1096,26478.0
SHP_L2_0,45.164210,18.017420,1097,26516.1
SHP_L2_0,45.164260,18.017440,1098,26521.9
SHP_L2_0,45.164290,18.017460,1099,26525.6
SHP_L2_0,45.164320,18.017500,1100,26530.2
SHP_L2_0,45.164330,18.017540,1101,26533.5
SHP_L2_0,45.164350,18.017570,1102,26536.7
SHP_L2_0,45.164380,18.017590,1103,26540.4
SHP_L2_0,45.164410,18.017610,1104,26544.1
SHP_L2_0,45.164440,18.017600,1105,26547.5
SHP_L2_0,45.164470,18.017590,1106,26550.9
SHP_L2_0,45.164480,18.017570,1107,26552.9
SHP_L2_0,45.164530,18.017560,1108,26558.5
SHP_L2_0,45.164570,18.017550,1109,26563.0
SHP_L2_0,45.164720,18.017590,1110,26580.0
SHP_L2_0,45.164920,18.017650,1111,26602.7
SHP_L2_0,45.165060,18.017700,1112,26618.8
SHP_L2_0,45.165620,18.017930,1113,26683.6
SHP_L2_0,45.166020,18.018100,1114,26730.0
SHP_L2_0,45.166310,18.018230,1115,26763.8
SHP_L2_0,45.166390,18.018260,1116,26773.0
SHP_L2_0,45.166460,18.018280,1117,26781.0
SHP_L2_0,45.167060,18.018340,1118,26847.9
SHP_L2_0,45.167190,18.018350,1119,26862.3
SHP_L2_0,45.167710,18.018410,1120,26920.3
SHP_L2_0,45.167900,18.018430,1121,26941.5
SHP_L2_0,45.168410,18.018480,1122,26998.4
SHP_L2_0,45.168610,18.018500,1123,27020.7
SHP_L2_0,45.170860,18.018690,1124,27271.3
SHP_L2_0,45.171060,18.018720,1125,27293.7
SHP_L2_0,45.171640,18.018720,1126,27358.2
SHP_L2_0,45.171990,18.018700,1127,27397.1
SHP_L2_0,45.172860,18.018670,1128,27493.9
SHP_L2_0,45.172870,18.018670,1129,27495.0
SHP_L2_0,45.173050,18.018660,1130,27515.0
SHP_L2_0,45.173250,18.018640,1131,27537.3
SHP_L2_0,45.173470,18.018550,1132,27562.8
SHP_L2_0,45.173590,18.018510,1133,27576.5
SHP_L2_0,45.173870,18.018400,1134,27608.8
SHP_L2_0,45.173940,18.018370,1135,27616.9
SHP_L2_0,45.173990,18.018360,1136,27622.5
SHP_L2_0,45.174130,18.018320,1137,27638.4
SHP_L2_0,45.174230,18.018320,1138,27649.5
SHP_L2_0,45.174320,18.018310,1139,27659.6
SHP_L2_0,45.174580,18.018330,1140,27688.5
SHP_L2_0,45.174880,18.018350,1141,27721.9
SHP_L2_0,45.174990,18.018370,1142,27734.2
SHP_L2_0,45.175110,18.018370,1143,27747.6
SHP_L2_0,45.176140,18.018450,1144,27862.3
SHP_L2_0,45.176150,18.018450,1145,27863.4
SHP_L2_0,45.176230,18.018460,1146,27872.3
SHP_L2_0,45.176400,18.018480,1147,27891.3
SHP_L2_0,45.176600,18.018530,1148,27913.9
SHP_L2_0,45.176780,18.018600,1149,27934.6
SHP_L2_0,45.176950,18.018700,1150,27955.1
SHP_L2_0,45.177220,18.018920,1151,27989.7
SHP_L2_0,45.179090,18.020470,1152,28230.5
SHP_L2_0,45.179410,18.020730,1153,28271.6
SHP_L2_0,45.179830,18.021090,1154,28326.1
SHP_L2_0,45.180170,18.021360,1155,28369.4
SHP_L2_0,45.180480,18.021620,1156,28409.5
SHP_L2_0,45.180880,18.021950,1157,28460.9
SHP_L2_0,45.181010,18.022060,1158,28477.8
SHP_L2_0,45.181170,18.022190,1159,28498.3
SHP_L2_0,45.182490,18.023270,1160,28667.7
SHP_L2_0,45.182650,18.023410,1161,28688.6
SHP_L2_0,45.183570,18.024160,1162,28806.6
SHP_L2_0,45.183690,18.024230,1163,28821.0
SHP_L2_0,45.184030,18.024510,1164,28864.7
SHP_L2_0,45.184310,18.024750,1165,28901.1
SHP_L2_0,45.184870,18.025210,1166,28973.1
SHP_L2_0,45.185140,18.025410,1167,29006.9
SHP_L2_0,45.185210,18.025510,1168,29018.0
SHP_L2_0,45.186510,18.026580,1169,29185.1
SHP_L2_0,45.187590,18.027460,1170,29323.6
SHP_L2_0,45.187890,18.027640,1171,29359.8
SHP_L2_0,45.188180,18.027740,1172,29393.0
SHP_L2_0,45.188420,18.027780,1173,29419.9
SHP_L2_0,45.188470,18.027790,1174,29425.5
SHP_L2_0,45.188830,18.027840,1175,29465.7
SHP_L2_0,45.190070,18.028000,1176,29604.1
SHP_L2_0,45.190310,18.028030,1177,29630.9
SHP_L2_0,45.190310,18.028530,1178,29670.1
SHP_L2_0,45.190310,18.029120,1179,29716.3
SHP_L2_0,45.190320,18.029570,1180,29751.6
SHP_L2_0,45.190320,18.029730,1181,29764.2
SHP_L2_0,45.190300,18.030060,1182,29790.1
SHP_L2_0,45.190280,18.030260,1183,29806.0
SHP_L2_0,45.190270,18.030280,1184,29807.9
SHP_L2_0,45.190270,18.030310,1185,29810.2
SHP_L2_0,45.190240,18.030510,1186,29826.3
SHP_L2_0,45.190180,18.030870,1187,29855.2
SHP_L2_0,45.190170,18.030890,1188,29857.2
SHP_L2_0,45.190130,18.031110,1189,29875.0
SHP_L2_0,45.190090,18.031320,1190,29892.0
SHP_L2_0,45.189930,18.031820,1191,29935.0
SHP_L2_0,45.189890,18.031890,1192,29942.1
SHP_L2_0,45.189860,18.031940,1193,29947.3
SHP_L2_0,45.189820,18.031980,1194,29952.7
SHP_L2_0,45.189790,18.031990,1195,29956.1
SHP_L2_0,45.189750,18.032020,1196,29961.2
SHP_L2_0,45.189710,18.032070,1197,29967.1
SHP_L2_0,45.189690,18.032130,1198,29972.3
SHP_L2_0,45.189690,18.032190,1199,29977.0
SHP_L2_0,45.189690,18.032250,1200,29981.7
SHP_L2_0,45.189710,18.032320,1201,29987.6
SHP_L2_0,45.189750,18.032370,1202,29993.5
SHP_L2_0,45.189790,18.032400,1203,29998.6
SHP_L2_0,45.189830,18.032410,1204,30003.1
SHP_L2_0,45.189860,18.032410,1205,30006.4
SHP_L2_0,45.189900,18.032440,1206,30011.4
SHP_L2_0,45.189930,18.032470,1207,30015.5
SHP_L2_0,45.189960,18.032530,1208,30021.3
SHP_L2_0,45.190190,18.032940,1209,30062.4
SHP_L2_0,45.190290,18.033130,1210,30080.9
SHP_L2_0,45.190480,18.033590,1211,30122.7
SHP_L2_0,45.190510,18.033670,1212,30129.8
SHP_L2_0,45.190620,18.033950,1213,30154.9
SHP_L2_0,45.191600,18.036430,1214,30377.8
SHP_L2_0,45.191820,18.037000,1215,30428.7
SHP_L2_0,45.191970,18.037330,1216,30459.5
SHP_L2_0,45.192100,18.037520,1217,30480.2
SHP_L2_0,45.192220,18.037690,1218,30499.1
SHP_L2_0,45.192350,18.037810,1219,30516.3
SHP_L2_0,45.192480,18.037910,1220,30532.8
SHP_L2_0,45.192700,18.038050,1221,30559.6
SHP_L2_0,45.193280,18.038410,1222,30630.0
SHP_L2_0,45.193540,18.038570,1223,30661.5
SHP_L2_0,45.194260,18.038930,1224,30746.4
SHP_L2_0,45.194610,18.039100,1225,30787.5
SHP_L2_0,45.194740,18.039160,1226,30802.7
SHP_L2_0,45.194910,18.039210,1227,30822.0
SHP_L2_0,45.194950,18.039210,1228,30826.4
SHP_L2_0,45.194910,18.039210,1229,30830.9
SHP_L2_0,45.194740,18.039160,1230,30850.2
SHP_L2_0,45.194610,18.039100,1231,30865.4
SHP_L2_0,45.194260,18.038930,1232,30906.5
SHP_L2_0,45.193540,18.038570,1233,30991.4
SHP_L2_0,45.193280,18.038410,1234,31022.9
SHP_L2_0,45.192700,18.038050,1235,31093.3
SHP_L2_0,45.192480,18.037910,1236,31120.1
SHP_L2_0,45.192350,18.037810,1237,31136.6
SHP_L2_0,45.192220,18.037690,1238,31153.8
SHP_L2_0,45.192100,18.037520,1239,31172.7
SHP_L2_0,45.191970,18.037330,1240,31193.4
SHP_L2_0,45.191820,18.037000,1241,31224.2
SHP_L2_0,45.191600,18.036430,1242,31275.1
SHP_L2_0,45.190620,18.033950,1243,31497.9
SHP_L2_0,45.190510,18.033670,1244,31523.1
SHP_L2_0,45.190480,18.033590,1245,31530.2
SHP_L2_0,45.190290,18.033130,1246,31571.9
SHP_L2_0,45.190220,18.032940,1247,31588.7
SHP_L2_0,45.190150,18.032760,1248,31604.8
SHP_L2_0,45.190020,18.032470,1249,31631.8
SHP_L2_0,45.190000,18.032400,1250,31637.7
SHP_L2_0,45.189980,18.032340,1251,31642.9
SHP_L2_0,45.189980,18.032280,1252,31647.6
SHP_L2_0,45.189990,18.032210,1253,31653.2
SHP_L2_0,45.189980,18.032130,1254,31659.6
SHP_L2_0,45.189980,18.032070,1255,31664.3
SHP_L2_0,45.189980,18.032010,1256,31669.0
SHP_L2_0,45.189980,18.031940,1257,31674.5
SHP_L2_0,45.189990,18.031840,1258,31682.4
SHP_L2_0,45.190090,18.031320,1259,31724.6
SHP_L2_0,45.190130,18.031110,1260,31741.7
SHP_L2_0,45.190170,18.030890,1261,31759.5
SHP_L2_0,45.190180,18.030870,1262,31761.4
SHP_L2_0,45.190240,18.030510,1263,31790.4
SHP_L2_0,45.190270,18.030310,1264,31806.4
SHP_L2_0,45.190270,18.030280,1265,31808.8
SHP_L2_0,45.190280,18.030260,1266,31810.7
SHP_L2_0,45.190300,18.030060,1267,31826.5
SHP_L2_0,45.190320,18.029730,1268,31852.5
SHP_L2_0,45.190320,18.029570,1269,31865.0
SHP_L2_0,45.190310,18.029120,1270,31900.3
SHP_L2_0,45.190310,18.028530,1271,31946.5
SHP_L2_0,45.190310,18.028030,1272,31985.7
SHP_L2_0,45.190070,18.028000,1273,32012.5
SHP_L2_0,45.188830,18.027840,1274,32150.9
SHP_L2_0,45.188470,18.027790,1275,32191.2
SHP_L2_0,45.188420,18.027780,1276,32196.8
SHP_L2_0,45.188180,18.027740,1277,32223.6
SHP_L2_0,45.187890,18.027640,1278,32256.8
SHP_L2_0,45.187590,18.027460,1279,32293.0
SHP_L2_0,45.186510,18.026580,1280,32431.5
SHP_L2_0,45.185210,18.025510,1281,32598.6
SHP_L2_0,45.185140,18.025410,1282,32609.7
SHP_L2_0,45.184870,18.025210,1283,32643.6
SHP_L2_0,45.184310,18.024750,1284,32715.5
SHP_L2_0,45.184030,18.024510,1285,32751.9
SHP_L2_0,45.183690,18.024230,1286,32795.6
SHP_L2_0,45.183570,18.024160,1287,32810.0
SHP_L2_0,45.182650,18.023410,1288,32928.0
SHP_L2_0,45.182490,18.023270,1289,32948.9
SHP_L2_0,45.181170,18.022190,1290,33118.4
SHP_L2_0,45.181010,18.022060,1291,33138.9
SHP_L2_0,45.180880,18.021950,1292,33155.7
SHP_L2_0,45.180480,18.021620,1293,33207.1
SHP_L2_0,45.180170,18.021360,1294,33247.2
SHP_L2_0,45.179830,18.021090,1295,33290.5
SHP_L2_0,45.179410,18.020730,1296,33345.1
SHP_L2_0,45.179090,18.020470,1297,33386.1
SHP_L2_0,45.177220,18.018920,1298,33626.9
SHP_L2_0,45.176950,18.018700,1299,33661.5
SHP_L2_0,45.176780,18.018600,1300,33682.0
SHP_L2_0,45.176600,18.018530,1301,33702.7
SHP_L2_0,45.176400,18.018480,1302,33725.3
SHP_L2_0,45.176230,18.018460,1303,33744.3
SHP_L2_0,45.176150,18.018450,1304,33753.2
SHP_L2_0,45.176140,18.018450,1305,33754.3
SHP_L2_0,45.175110,18.018370,1306,33869.0
SHP_L2_0,45.174990,18.018370,1307,33882.4
SHP_L2_0,45.174880,18.018350,1308,33894.7
SHP_L2_0,45.174580,18.018330,1309,33928.1
SHP_L2_0,45.174320,18.018310,1310,33957.1
SHP_L2_0,45.174230,18.018320,1311,33967.1
SHP_L2_0,45.174130,18.018320,1312,33978.2
SHP_L2_0,45.173990,18.018360,1313,33994.1
SHP_L2_0,45.173940,18.018370,1314,33999.7
SHP_L2_0,45.173870,18.018400,1315,34007.8
SHP_L2_0,45.173590,18.018510,1316,34040.2
SHP_L2_0,45.173470,18.018550,1317,34053.9
SHP_L2_0,45.173250,18.018640,1318,34079.3
SHP_L2_0,45.173050,18.018660,1319,34101.6
SHP_L2_0,45.172870,18.018670,1320,34121.6
SHP_L2_0,45.172860,18.018670,1321,34122.8
SHP_L2_0,45.171990,18.018700,1322,34219.5
SHP_L2_0,45.171640,18.018720,1323,34258.5
SHP_L2_0,45.171060,18.018720,1324,34323.0
SHP_L2_0,45.170860,18.018690,1325,34345.3
SHP_L2_0,45.168610,18.018500,1326,34596.0
SHP_L2_0,45.168410,18.018480,1327,34618.3
SHP_L2_0,45.167900,18.018430,1328,34675.1
SHP_L2_0,45.167710,18.018410,1329,34696.3
SHP_L2_0,45.167190,18.018350,1330,34754.3
SHP_L2_0,45.167060,18.018340,1331,34768.8
SHP_L2_0,45.166460,18.018280,1332,34835.7
SHP_L2_0,45.166390,18.018260,1333,34843.6
SHP_L2_0,45.166310,18.018230,1334,34852.8
SHP_L2_0,45.166020,18.018100,1335,34886.6
SHP_L2_0,45.165620,18.017930,1336,34933.0
SHP_L2_0,45.165060,18.017700,1337,34997.9
SHP_L2_0,45.164920,18.017650,1338,35013.9
SHP_L2_0,45.164720,18.017590,1339,35036.7
SHP_L2_0,45.164590,18.017490,1340,35053.1
SHP_L2_0,45.164540,18.017460,1341,35059.1
SHP_L2_0,45.164500,18.017410,1342,35065.1
SHP_L2_0,45.164490,18.017380,1343,35067.7
SHP_L2_0,45.164460,18.017350,1344,35071.8
SHP_L2_0,45.164440,18.017340,1345,35074.1
SHP_L2_0,45.164410,18.017330,1346,35077.5
SHP_L2_0,45.164380,18.017340,1347,35081.0
SHP_L2_0,45.164360,18.017360,1348,35083.7
SHP_L2_0,45.164330,18.017360,1349,35087.0
SHP_L2_0,45.164270,18.017350,1350,35093.7
SHP_L2_0,45.164210,18.017320,1351,35100.8
SHP_L2_0,45.163910,18.017200,1352,35135.5
SHP_L2_0,45.163800,18.017150,1353,35148.3
SHP_L2_0,45.163670,18.017110,1354,35163.1
SHP_L2_0,45.163530,18.017060,1355,35179.2
SHP_L2_0,45.163160,18.016900,1356,35222.2
SHP_L2_0,45.162660,18.016700,1357,35279.9
SHP_L2_0,45.162590,18.016660,1358,35288.3
SHP_L2_0,45.162530,18.016630,1359,35295.4
SHP_L2_0,45.162450,18.016600,1360,35304.6
SHP_L2_0,45.162360,18.016580,1361,35314.7
SHP_L2_0,45.162270,18.016540,1362,35325.2
SHP_L2_0,45.162040,18.016460,1363,35351.6
SHP_L2_0,45.161970,18.016440,1364,35359.5
SHP_L2_0,45.161900,18.016410,1365,35367.6
SHP_L2_0,45.161800,18.016350,1366,35379.7
SHP_L2_0,45.161760,18.016330,1367,35384.4
SHP_L2_0,45.161740,18.016310,1368,35387.1
SHP_L2_0,45.161720,18.016280,1369,35390.4
SHP_L2_0,45.161710,18.016250,1370,35393.0
SHP_L2_0,45.161700,18.016200,1371,35397.1
SHP_L2_0,45.161680,18.016160,1372,35400.9
SHP_L2_0,45.161650,18.016120,1373,35405.5
SHP_L2_0,45.161620,18.016100,1374,35409.2
SHP_L2_0,45.161610,18.016060,1375,35412.5
SHP_L2_0,45.161600,18.016010,1376,35416.6
SHP_L2_0,45.161600,18.015970,1377,35419.7
SHP_L2_0,45.161600,18.015870,1378,35427.5
SHP_L2_0,45.161630,18.015590,1379,35449.7
SHP_L2_0,45.161660,18.015320,1380,35471.2
SHP_L2_0,45.161680,18.015190,1381,35481.6
SHP_L2_0,45.161700,18.015070,1382,35491.3
SHP_L2_0,45.161730,18.014940,1383,35502.0
SHP_L2_0,45.161770,18.014810,1384,35513.1
SHP_L2_0,45.161790,18.014690,1385,35522.8
SHP_L2_0,45.161800,18.014570,1386,35532.3
SHP_L2_0,45.161860,18.013960,1387,35580.6
SHP_L2_0,45.162090,18.011870,1388,35746.4
SHP_L2_0,45.162100,18.011790,1389,35752.8
SHP_L2_0,45.162120,18.011690,1390,35760.9
SHP_L2_0,45.162130,18.011590,1391,35768.8
SHP_L2_0,45.162150,18.011520,1392,35774.8
SHP_L2_0,45.162160,18.011490,1393,35777.4
SHP_L2_0,45.162170,18.011460,1394,35780.0
SHP_L2_0,45.162200,18.011440,1395,35783.7
SHP_L2_0,45.162220,18.011420,1396,35786.4
SHP_L2_0,45.162260,18.011410,1397,35790.9
SHP_L2_0,45.162300,18.011400,1398,35795.4
SHP_L2_0,45.162330,18.011410,1399,35798.8
SHP_L2_0,45.162360,18.011360,1400,35804.0
SHP_L2_0,45.162370,18.011290,1401,35809.6
SHP_L2_0,45.162370,18.011200,1402,35816.6
SHP_L2_0,45.162370,18.011120,1403,35822.9
SHP_L2_0,45.162360,18.011060,1404,35827.7
SHP_L2_0,45.162280,18.010890,1405,35843.8
SHP_L2_0,45.162260,18.010830,1406,35849.0
SHP_L2_0,45.162260,18.010720,1407,35857.6
SHP_L2_0,45.162330,18.009710,1408,35937.2
SHP_L3_0,45.162330,18.009710,0,0.0
SHP_L3_0,45.162260,18.010720,1,79.6
SHP_L3_0,45.162260,18.010830,2,88.2
SHP_L3_0,45.162280,18.010890,3,93.4
SHP_L3_0,45.162360,18.011060,4,109.4
SHP_L3_0,45.162370,18.011120,5,114.3
SHP_L3_0,45.162370,18.011200,6,120.5
SHP_L3_0,45.162370,18.011290,7,127.6
SHP_L3_0,45.162360,18.011360,8,133.2
SHP_L3_0,45.162330,18.011410,9,138.3
SHP_L3_0,45.162310,18.011460,10,142.8
SHP_L3_0,45.162280,18.011500,11,147.4
SHP_L3_0,45.162250,18.011540,12,152.0
SHP_L3_0,45.162220,18.011560,13,155.7
SHP_L3_0,45.162200,18.011600,14,159.5
SHP_L3_0,45.162130,18.011590,15,167.3
SHP_L3_0,45.162100,18.011580,16,170.8
SHP_L3_0,45.162110,18.011520,17,175.6
SHP_L3_0,45.162110,18.011470,18,179.5
SHP_L3_0,45.162120,18.011440,19,182.1
SHP_L3_0,45.162140,18.011410,20,185.4
SHP_L3_0,45.162160,18.011380,21,188.6
SHP_L3_0,45.162190,18.011350,22,192.7
SHP_L3_0,45.162210,18.011330,23,195.4
SHP_L3_0,45.162230,18.011290,24,199.3
SHP_L3_0,45.162240,18.011250,25,202.6
SHP_L3_0,45.162240,18.011200,26,206.5
SHP_L3_0,45.162240,18.011150,27,210.4
SHP_L3_0,45.162220,18.011110,28,214.3
SHP_L3_0,45.162210,18.011080,29,216.9
SHP_L3_0,45.162190,18.011050,30,220.1
SHP_L3_0,45.162150,18.011010,31,225.5
SHP_L3_0,45.162130,18.011000,32,227.9
SHP_L3_0,45.162090,18.010990,33,232.4
SHP_L3_0,45.162050,18.010980,34,236.9
SHP_L3_0,45.162000,18.011000,35,242.7
SHP_L3_0,45.161960,18.011040,36,248.2
SHP_L3_0,45.161920,18.011080,37,253.6
SHP_L3_0,45.161890,18.011110,38,257.7
SHP_L3_0,45.161850,18.011130,39,262.4
SHP_L3_0,45.161810,18.011130,40,266.8
SHP_L3_0,45.161770,18.011130,41,271.3
SHP_L3_0,45.161600,18.011110,42,290.3
SHP_L3_0,45.161530,18.011100,43,298.1
SHP_L3_0,45.161480,18.011110,44,303.7
SHP_L3_0,45.161430,18.011120,45,309.3
SHP_L3_0,45.161280,18.011100,46,326.1
SHP_L3_0,45.160920,18.011060,47,366.2
SHP_L3_0,45.160660,18.011030,48,395.2
SHP_L3_0,45.160210,18.010980,49,445.4
SHP_L3_0,45.159870,18.010880,50,484.0
SHP_L3_0,45.159850,18.010880,51,486.3
SHP_L3_0,45.159820,18.010860,52,489.9
SHP_L3_0,45.159790,18.010830,53,494.0
SHP_L3_0,45.159770,18.010820,54,496.4
SHP_L3_0,45.159760,18.010810,55,497.7
SHP_L3_0,45.159740,18.010810,56,500.0
SHP_L3_0,45.159720,18.010810,57,502.2
SHP_L3_0,45.159700,18.010830,58,504.9
SHP_L3_0,45.159690,18.010840,59,506.3
SHP_L3_0,45.159640,18.010850,60,511.9
SHP_L3_0,45.159620,18.010860,61,514.2
SHP_L3_0,45.159570,18.010860,62,519.8
SHP_L3_0,45.159450,18.010860,63,533.1
SHP_L3_0,45.159010,18.010810,64,582.2
SHP_L3_0,45.156840,18.010520,65,824.6
SHP_L3_0,45.156750,18.010480,66,835.1
SHP_L3_0,45.156680,18.010460,67,843.0
SHP_L3_0,45.156630,18.010440,68,848.8
SHP_L3_0,45.156300,18.010390,69,885.7
SHP_L3_0,45.156000,18.010340,70,919.3
SHP_L3_0,45.155880,18.010320,71,932.7
SHP_L3_0,45.155860,18.010310,72,935.1
SHP_L3_0,45.155820,18.010290,73,939.8
SHP_L3_0,45.155800,18.010260,74,943.0
SHP_L3_0,45.155770,18.010230,75,947.1
SHP_L3_0,45.155740,18.010220,76,950.5
SHP_L3_0,45.155710,18.010220,77,953.9
SHP_L3_0,45.155670,18.010220,78,958.3
SHP_L3_0,45.155630,18.010200,79,963.0
SHP_L3_0,45.155340,18.010050,80,997.4
SHP_L3_0,45.155530,18.010220,81,1022.3
SHP_L3_0,45.155570,18.010260,82,1027.8
SHP_L3_0,45.155610,18.010310,83,1033.7
SHP_L3_0,45.155630,18.010330,84,1036.4
SHP_L3_0,45.155630,18.010360,85,1038.8
SHP_L3_0,45.155640,18.010410,86,1042.9
SHP_L3_0,45.155660,18.010450,87,1046.7
SHP_L3_0,45.155670,18.010510,88,1051.5
SHP_L3_0,45.155680,18.010580,89,1057.1
SHP_L3_0,45.155680,18.010650,90,1062.6
SHP_L3_0,45.155670,18.010740,91,1069.8
SHP_L3_0,45.155670,18.010840,92,1077.6
SHP_L3_0,45.155670,18.010920,93,1083.9
SHP_L3_0,45.155670,18.010980,94,1088.6
SHP_L3_0,45.155670,18.010990,95,1089.4
SHP_L3_0,45.155670,18.011000,96,1090.2
SHP_L3_0,45.155670,18.011070,97,1095.7
SHP_L3_0,45.155660,18.011200,98,1105.9
SHP_L3_0,45.155620,18.011570,99,1135.3
SHP_L3_0,45.155590,18.011920,100,1162.9
SHP_L3_0,45.155560,18.012180,101,1183.6
SHP_L3_0,45.155520,18.012540,102,1212.1
SHP_L3_0,45.155500,18.012800,103,1232.6
SHP_L3_0,45.155450,18.013330,104,1274.6
SHP_L3_0,45.155420,18.013600,105,1296.0
SHP_L3_0,45.155380,18.013850,106,1316.1
SHP_L3_0,45.155360,18.013990,107,1327.3
SHP_L3_0,45.155360,18.014010,108,1328.9
SHP_L3_0,45.155300,18.014280,109,1351.1
SHP_L3_0,45.155290,18.014350,110,1356.7
SHP_L3_0,45.155290,18.014420,111,1362.2
SHP_L3_0,45.155280,18.014490,112,1367.8
SHP_L3_0,45.155280,18.014540,113,1371.7
SHP_L3_0,45.155270,18.014570,114,1374.3
SHP_L3_0,45.155250,18.014600,115,1377.5
SHP_L3_0,45.155230,18.014630,116,1380.8
SHP_L3_0,45.155230,18.014670,117,1383.9
SHP_L3_0,45.155230,18.014710,118,1387.0
SHP_L3_0,45.155240,18.014750,119,1390.4
SHP_L3_0,45.155240,18.014810,120,1395.1
SHP_L3_0,45.155240,18.014870,121,1399.8
SHP_L3_0,45.155230,18.014950,122,1406.1
SHP_L3_0,45.155190,18.015190,123,1425.5
SHP_L3_0,45.155180,18.015230,124,1428.8
SHP_L3_0,45.155090,18.015630,125,1461.7
SHP_L3_0,45.154970,18.016180,126,1506.9
SHP_L3_0,45.154900,18.016520,127,1534.7
SHP_L3_0,45.154880,18.016620,128,1542.8
SHP_L3_0,45.154590,18.017890,129,1647.5
SHP_L3_0,45.154480,18.018370,130,1687.1
SHP_L3_0,45.154450,18.018540,131,1700.8
SHP_L3_0,45.154420,18.018650,132,1710.0
SHP_L3_0,45.154240,18.019460,133,1776.6
SHP_L3_0,45.154220,18.019540,134,1783.3
SHP_L3_0,45.154190,18.019590,135,1788.4
SHP_L3_0,45.154170,18.019630,136,1792.3
SHP_L3_0,45.154130,18.019650,137,1797.0
SHP_L3_0,45.154100,18.019670,138,1800.7
SHP_L3_0,45.154040,18.019680,139,1807.4
SHP_L3_0,45.153990,18.019680,140,1813.0
SHP_L3_0,45.153620,18.019690,141,1854.1
SHP_L3_0,45.153520,18.019700,142,1865.3
SHP_L3_0,45.153480,18.019710,143,1869.8
SHP_L3_0,45.153460,18.019720,144,1872.1
SHP_L3_0,45.153430,18.019740,145,1875.8
SHP_L3_0,45.153410,18.019760,146,1878.5
SHP_L3_0,45.153400,18.019790,147,1881.2
SHP_L3_0,45.153360,18.019860,148,1888.2
SHP_L3_0,45.153330,18.019940,149,1895.3
SHP_L3_0,45.153310,18.020040,150,1903.5
SHP_L3_0,45.153260,18.020310,151,1925.4
SHP_L3_0,45.153240,18.020410,152,1933.5
SHP_L3_0,45.153230,18.020430,153,1935.4
SHP_L3_0,45.153220,18.020460,154,1938.0
SHP_L3_0,45.153210,18.020500,155,1941.4
SHP_L3_0,45.153210,18.020530,156,1943.7
SHP_L3_0,45.153220,18.020550,157,1945.6
SHP_L3_0,45.153230,18.020580,158,1948.2
SHP_L3_0,45.153250,18.020590,159,1950.6
SHP_L3_0,45.153290,18.020680,160,1958.9
SHP_L3_0,45.153320,18.020760,161,1966.0
SHP_L3_0,45.153390,18.020950,162,1982.9
SHP_L3_0,45.153390,18.021010,163,1987.6
SHP_L3_0,45.153400,18.021090,164,1993.9
SHP_L3_0,45.153400,18.021160,165,1999.4
SHP_L3_0,45.153400,18.021250,166,2006.5
SHP_L3_0,45.153370,18.021880,167,2056.0
SHP_L3_0,45.153370,18.022200,168,2081.1
SHP_L3_0,45.153370,18.022380,169,2095.2
SHP_L3_0,45.153370,18.022620,170,2114.0
SHP_L3_0,45.153380,18.022700,171,2120.4
SHP_L3_0,45.153390,18.022950,172,2140.0
SHP_L3_0,45.153400,18.023280,173,2165.9
SHP_L3_0,45.153410,18.023520,174,2184.8
SHP_L3_0,45.153500,18.023520,175,2194.8
SHP_L3_0,45.153550,18.023530,176,2200.4
SHP_L3_0,45.153590,18.023550,177,2205.1
SHP_L3_0,45.153880,18.023640,178,2238.1
SHP_L3_0,45.154370,18.023810,179,2294.2
SHP_L3_0,45.154490,18.023850,180,2307.9
SHP_L3_0,45.154570,18.023880,181,2317.1
SHP_L3_0,45.154490,18.023850,182,2326.3
SHP_L3_0,45.154370,18.023810,183,2340.0
SHP_L3_0,45.153880,18.023640,184,2396.1
SHP_L3_0,45.153590,18.023550,185,2429.1
SHP_L3_0,45.153550,18.023530,186,2433.9
SHP_L3_0,45.153500,18.023520,187,2439.5
SHP_L3_0,45.153410,18.023520,188,2449.5
SHP_L3_0,45.153400,18.023280,189,2468.3
SHP_L3_0,45.153390,18.022950,190,2494.2
SHP_L3_0,45.153380,18.022700,191,2513.9
SHP_L3_0,45.153370,18.022620,192,2520.2
SHP_L3_0,45.153370,18.022380,193,2539.1
SHP_L3_0,45.153370,18.022200,194,2553.2
SHP_L3_0,45.153370,18.021880,195,2578.3
SHP_L3_0,45.153400,18.021250,196,2627.8
SHP_L3_0,45.153400,18.021160,197,2634.8
SHP_L3_0,45.153400,18.021090,198,2640.3
SHP_L3_0,45.153390,18.021010,199,2646.7
SHP_L3_0,45.153390,18.020950,200,2651.4
SHP_L3_0,45.153360,18.020740,201,2668.2
SHP_L3_0,45.153350,18.020660,202,2674.6
SHP_L3_0,45.153350,18.020620,203,2677.7
SHP_L3_0,45.153350,18.020570,204,2681.6
SHP_L3_0,45.153370,18.020540,205,2684.9
SHP_L3_0,45.153370,18.020510,206,2687.2
SHP_L3_0,45.153370,18.020470,207,2690.4
SHP_L3_0,45.153360,18.020440,208,2693.0
SHP_L3_0,45.153340,18.020410,209,2696.2
SHP_L3_0,45.153320,18.020400,210,2698.6
SHP_L3_0,45.153320,18.020340,211,2703.3
SHP_L3_0,45.153320,18.020280,212,2708.0
SHP_L3_0,45.153360,18.020060,213,2725.8
SHP_L3_0,45.153380,18.019970,214,2733.2
SHP_L3_0,45.153390,18.019890,215,2739.6
SHP_L3_0,45.153400,18.019790,216,2747.5
SHP_L3_0,45.153410,18.019760,217,2750.1
SHP_L3_0,45.153430,18.019740,218,2752.8
SHP_L3_0,45.153460,18.019720,219,2756.5
SHP_L3_0,45.153480,18.019710,220,2758.8
SHP_L3_0,45.153520,18.019700,221,2763.4
SHP_L3_0,45.153620,18.019690,222,2774.5
SHP_L3_0,45.153990,18.019680,223,2815.7
SHP_L3_0,45.154040,18.019680,224,2821.2
SHP_L3_0,45.154100,18.019670,225,2827.9
SHP_L3_0,45.154130,18.019650,226,2831.6
SHP_L3_0,45.154170,18.019630,227,2836.3
SHP_L3_0,45.154190,18.019590,228,2840.2
SHP_L3_0,45.154220,18.019540,229,2845.3
SHP_L3_0,45.154240,18.019460,230,2852.0
SHP_L3_0,45.154420,18.018650,231,2918.6
SHP_L3_0,45.154450,18.018540,232,2927.8
SHP_L3_0,45.154480,18.018370,233,2941.6
SHP_L3_0,45.154590,18.017890,234,2981.1
SHP_L3_0,45.154880,18.016620,235,3085.8
SHP_L3_0,45.154900,18.016520,236,3094.0
SHP_L3_0,45.154970,18.016180,237,3121.7
SHP_L3_0,45.155090,18.015630,238,3166.9
SHP_L3_0,45.155180,18.015230,239,3199.8
SHP_L3_0,45.155190,18.015190,240,3203.1
SHP_L3_0,45.155240,18.015030,241,3216.9
SHP_L3_0,45.155270,18.014960,242,3223.3
SHP_L3_0,45.155300,18.014890,243,3229.7
SHP_L3_0,45.155320,18.014840,244,3234.2
SHP_L3_0,45.155350,18.014800,245,3238.8
SHP_L3_0,45.155380,18.014780,246,3242.5
SHP_L3_0,45.155410,18.014760,247,3246.2
SHP_L3_0,45.155440,18.014760,248,3249.5
SHP_L3_0,45.155480,18.014760,249,3254.0
SHP_L3_0,45.155680,18.014770,250,3276.2
SHP_L3_0,45.155490,18.014690,251,3298.2
SHP_L3_0,45.155450,18.014670,252,3303.0
SHP_L3_0,45.155430,18.014650,253,3305.7
SHP_L3_0,45.155400,18.014630,254,3309.4
SHP_L3_0,45.155390,18.014590,255,3312.7
SHP_L3_0,45.155370,18.014570,256,3315.4
SHP_L3_0,45.155360,18.014510,257,3320.3
SHP_L3_0,45.155350,18.014450,258,3325.1
SHP_L3_0,45.155350,18.014300,259,3336.8
SHP_L3_0,45.155350,18.014260,260,3340.0
SHP_L3_0,45.155360,18.014010,261,3359.6
SHP_L3_0,45.155360,18.013990,262,3361.2
SHP_L3_0,45.155380,18.013850,263,3372.4
SHP_L3_0,45.155420,18.013600,264,3392.5
SHP_L3_0,45.155450,18.013330,265,3413.9
SHP_L3_0,45.155500,18.012800,266,3455.9
SHP_L3_0,45.155520,18.012540,267,3476.4
SHP_L3_0,45.155560,18.012180,268,3504.9
SHP_L3_0,45.155590,18.011920,269,3525.6
SHP_L3_0,45.155620,18.011570,270,3553.2
SHP_L3_0,45.155660,18.011200,271,3582.6
SHP_L3_0,45.155670,18.011070,272,3592.8
SHP_L3_0,45.155690,18.011000,273,3598.8
SHP_L3_0,45.155700,18.010930,274,3604.4
SHP_L3_0,45.155720,18.010770,275,3617.1
SHP_L3_0,45.155730,18.010660,276,3625.8
SHP_L3_0,45.155740,18.010620,277,3629.1
SHP_L3_0,45.155750,18.010570,278,3633.2
SHP_L3_0,45.155760,18.010530,279,3636.5
SHP_L3_0,45.155780,18.010490,280,3640.4
SHP_L3_0,45.155810,18.010460,281,3644.5
SHP_L3_0,45.155840,18.010440,282,3648.2
SHP_L3_0,45.155870,18.010420,283,3651.8
SHP_L3_0,45.155910,18.010420,284,3656.3
SHP_L3_0,45.155950,18.010410,285,3660.8
SHP_L3_0,45.156070,18.010420,286,3674.2
SHP_L3_0,45.156630,18.010530,287,3737.0
SHP_L3_0,45.156670,18.010530,288,3741.5
SHP_L3_0,45.156750,18.010530,289,3750.4
SHP_L3_0,45.156840,18.010520,290,3760.4
SHP_L3_0,45.159010,18.010810,291,4002.8
SHP_L3_0,45.159450,18.010860,292,4051.9
SHP_L3_0,45.159570,18.010900,293,4065.6
SHP_L3_0,45.159590,18.010900,294,4067.8
SHP_L3_0,45.159620,18.010920,295,4071.5
SHP_L3_0,45.159640,18.010930,296,4073.8
SHP_L3_0,45.159690,18.010960,297,4079.9
SHP_L3_0,45.159700,18.010980,298,4081.8
SHP_L3_0,45.159720,18.011000,299,4084.5
SHP_L3_0,45.159740,18.011000,300,4086.7
SHP_L3_0,45.159760,18.011000,301,4089.0
SHP_L3_0,45.159770,18.011000,302,4090.1
SHP_L3_0,45.159790,18.010980,303,4092.8
SHP_L3_0,45.159820,18.010960,304,4096.5
SHP_L3_0,45.159860,18.010950,305,4101.0
SHP_L3_0,45.160210,18.010980,306,4140.0
SHP_L3_0,45.159870,18.010880,307,4178.6
SHP_L3_0,45.159850,18.010880,308,4180.8
SHP_L3_0,45.159820,18.010860,309,4184.5
SHP_L3_0,45.159790,18.010830,310,4188.6
SHP_L3_0,45.159770,18.010820,311,4190.9
SHP_L3_0,45.159760,18.010760,312,4195.8
SHP_L3_0,45.159760,18.010710,313,4199.7
SHP_L3_0,45.159760,18.010650,314,4204.4
SHP_L3_0,45.159750,18.010600,315,4208.5
SHP_L3_0,45.159770,18.010340,316,4229.0
SHP_L3_0,45.159780,18.010240,317,4236.9
SHP_L3_0,45.159840,18.009300,318,4310.9
SHP_L3_0,45.159850,18.009240,319,4315.7
SHP_L3_0,45.159910,18.008210,320,4396.8
SHP_L3_0,45.159930,18.007910,321,4420.4
SHP_L3_0,45.159990,18.007110,322,4483.5
SHP_L3_0,45.160030,18.006550,323,4527.6
SHP_L3_0,45.160030,18.006410,324,4538.6
SHP_L3_0,45.160060,18.006030,325,4568.6
SHP_L3_0,45.160060,18.005950,326,4574.8
SHP_L3_0,45.160090,18.005640,327,4599.4
SHP_L3_0,45.160100,18.005310,328,4625.3
SHP_L3_0,45.160100,18.005230,329,4631.6
SHP_L3_0,45.160100,18.005130,330,4639.4
SHP_L3_0,45.160070,18.004990,331,4650.9
SHP_L3_0,45.160040,18.004850,332,4662.3
SHP_L3_0,45.159990,18.004720,333,4674.0
SHP_L3_0,45.159900,18.004460,334,4696.7
SHP_L3_0,45.159610,18.003660,335,4767.2
SHP_L3_0,45.159560,18.003510,336,4780.2
SHP_L3_0,45.159520,18.003350,337,4793.5
SHP_L3_0,45.159500,18.003200,338,4805.5
SHP_L3_0,45.159490,18.003030,339,4818.9
SHP_L3_0,45.159500,18.002930,340,4826.8
SHP_L3_0,45.159520,18.002780,341,4838.7
SHP_L3_0,45.159540,18.002590,342,4853.8
SHP_L3_0,45.159580,18.002400,343,4869.4
SHP_L3_0,45.159600,18.002290,344,4878.3
SHP_L3_0,45.160330,18.002560,345,4962.1
SHP_L3_0,45.161090,18.002730,346,5047.7
SHP_L3_0,45.161860,18.002890,347,5134.2
SHP_L3_0,45.161940,18.002920,348,5143.4
SHP_L3_0,45.162000,18.002950,349,5150.5
SHP_L3_0,45.162030,18.002980,350,5154.6
SHP_L3_0,45.162080,18.003040,351,5161.9
SHP_L3_0,45.162110,18.003090,352,5167.0
SHP_L3_0,45.162150,18.003140,353,5173.0
SHP_L3_0,45.162190,18.003180,354,5178.4
SHP_L3_0,45.162250,18.003250,355,5187.0
SHP_L3_0,45.162320,18.003290,356,5195.4
SHP_L3_0,45.162330,18.003300,357,5196.8
SHP_L3_0,45.162360,18.003310,358,5200.2
SHP_L3_0,45.162400,18.003340,359,5205.2
SHP_L3_0,45.162420,18.003380,360,5209.1
SHP_L3_0,45.162440,18.003470,361,5216.5
SHP_L3_0,45.162480,18.003540,362,5223.5
SHP_L3_0,45.162530,18.003600,363,5230.8
SHP_L3_0,45.162580,18.003620,364,5236.6
SHP_L3_0,45.162620,18.003630,365,5241.1
SHP_L3_0,45.162670,18.003630,366,5246.7
SHP_L3_0,45.162710,18.003610,367,5251.4
SHP_L3_0,45.162750,18.003580,368,5256.4
SHP_L3_0,45.162790,18.003530,369,5262.4
SHP_L3_0,45.162820,18.003460,370,5268.8
SHP_L3_0,45.162830,18.003390,371,5274.4
SHP_L3_0,45.162840,18.003330,372,5279.2
SHP_L3_0,45.162850,18.003300,373,5281.8
SHP_L3_0,45.162860,18.003270,374,5284.4
SHP_L3_0,45.162880,18.003240,375,5287.7
SHP_L3_0,45.162910,18.003210,376,5291.7
SHP_L3_0,45.162940,18.003180,377,5295.8
SHP_L3_0,45.162980,18.003130,378,5301.7
SHP_L3_0,45.163010,18.003100,379,5305.8
SHP_L3_0,45.163030,18.003050,380,5310.3
SHP_L3_0,45.163060,18.003020,381,5314.4
SHP_L3_0,45.163080,18.002980,382,5318.3
SHP_L3_0,45.163130,18.002900,383,5326.6
SHP_L3_0,45.163410,18.002290,384,5383.7
SHP_L3_0,45.163510,18.002100,385,5402.3
SHP_L3_0,45.164050,18.001120,386,5499.8
SHP_L3_0,45.164090,18.001050,387,5506.9
SHP_L3_0,45.164100,18.000970,388,5513.2
SHP_L3_0,45.164100,18.000870,389,5521.1
SHP_L3_0,45.164080,18.000750,390,5530.8
SHP_L3_0,45.164040,18.000590,391,5544.1
SHP_L3_0,45.164020,18.000470,392,5553.7
SHP_L3_0,45.164000,18.000300,393,5567.2
SHP_L3_0,45.164000,18.000210,394,5574.3
SHP_L3_0,45.164010,18.000120,395,5581.4
SHP_L3_0,45.164040,18.000050,396,5587.9
SHP_L3_0,45.164080,17.999990,397,5594.3
SHP_L3_0,45.164130,17.999940,398,5601.1
SHP_L3_0,45.164190,17.999920,399,5608.0
SHP_L3_0,45.164290,17.999910,400,5619.1
SHP_L3_0,45.164520,17.999930,401,5644.8
SHP_L3_0,45.164590,17.999920,402,5652.6
SHP_L3_0,45.164640,17.999910,403,5658.2
SHP_L3_0,45.164700,17.999880,404,5665.3
SHP_L3_0,45.164750,17.999830,405,5672.1
SHP_L3_0,45.164800,17.999780,406,5678.9
SHP_L3_0,45.164860,17.999700,407,5688.0
SHP_L3_0,45.164960,17.999520,408,5706.0
SHP_L3_0,45.165040,17.999350,409,5722.0
SHP_L3_0,45.165080,17.999250,410,5731.0
SHP_L3_0,45.165490,17.998280,411,5819.7
SHP_L3_0,45.166380,17.996180,412,6011.8
SHP_L3_0,45.166590,17.995680,413,6057.4
SHP_L3_0,45.166950,17.994830,414,6135.2
SHP_L3_0,45.167290,17.993990,415,6211.1
SHP_L3_0,45.167460,17.993580,416,6248.4
SHP_L3_0,45.167540,17.993390,417,6265.7
SHP_L3_0,45.167720,17.992950,418,6305.6
SHP_L3_0,45.167930,17.992470,419,6349.9
SHP_L3_0,45.168920,17.990120,420,6564.5
SHP_L3_0,45.169670,17.988330,421,6727.8
SHP_L3_0,45.170750,17.985770,422,6961.6
SHP_L3_0,45.170900,17.985420,423,6993.7
SHP_L3_0,45.171230,17.984630,424,7065.7
SHP_L3_0,45.171540,17.983910,425,7131.9
SHP_L3_0,45.171710,17.983550,426,7165.8
SHP_L3_0,45.171890,17.983210,427,7199.2
SHP_L3_0,45.172070,17.982900,428,7230.6
SHP_L3_0,45.172730,17.981900,429,7338.0
SHP_L3_0,45.172840,17.981750,430,7355.0
SHP_L3_0,45.173200,17.981220,431,7412.7
SHP_L3_0,45.173710,17.980670,432,7483.9
SHP_L3_0,45.174220,17.980140,433,7554.2
SHP_L3_0,45.174390,17.979980,434,7576.9
SHP_L3_0,45.174970,17.979440,435,7654.0
SHP_L3_0,45.175120,17.979300,436,7674.0
SHP_L3_0,45.175160,17.979350,437,7679.9
SHP_L3_0,45.175280,17.979500,438,7697.7
SHP_L3_0,45.175500,17.979770,439,7730.1
SHP_L3_0,45.175280,17.979500,440,7762.4
SHP_L3_0,45.175160,17.979350,441,7780.2
SHP_L3_0,45.175120,17.979300,442,7786.1
SHP_L3_0,45.174970,17.979440,443,7806.1
SHP_L3_0,45.174390,17.979980,444,7883.2
SHP_L3_0,45.174220,17.980140,445,7905.9
SHP_L3_0,45.173710,17.980670,446,7976.2
SHP_L3_0,45.173200,17.981220,447,8047.5
SHP_L3_0,45.172840,17.981750,448,8105.2
SHP_L3_0,45.172730,17.981900,449,8122.1
SHP_L3_0,45.172070,17.982900,450,8229.5
SHP_L3_0,45.171890,17.983210,451,8261.0
SHP_L3_0,45.171710,17.983550,452,8294.3
SHP_L3_0,45.171540,17.983910,453,8328.3
SHP_L3_0,45.171230,17.984630,454,8394.4
SHP_L3_0,45.170900,17.985420,455,8466.4
SHP_L3_0,45.170750,17.985770,456,8498.5
SHP_L3_0,45.169670,17.988330,457,8732.4
SHP_L3_0,45.168920,17.990120,458,8895.6
SHP_L3_0,45.167930,17.992470,459,9110.2
SHP_L3_0,45.167720,17.992950,460,9154.5
SHP_L3_0,45.167540,17.993390,461,9194.4
SHP_L3_0,45.167290,17.993990,462,9249.0
SHP_L3_0,45.166950,17.994830,463,9325.0
SHP_L3_0,45.166590,17.995680,464,9402.7
SHP_L3_0,45.166380,17.996180,465,9448.3
SHP_L3_0,45.165490,17.998280,466,9640.4
SHP_L3_0,45.165080,17.999250,467,9729.1
SHP_L3_0,45.165040,17.999350,468,9738.1
SHP_L3_0,45.164960,17.999520,469,9754.1
SHP_L3_0,45.164860,17.999700,470,9772.1
SHP_L3_0,45.164800,17.999780,471,9781.3
SHP_L3_0,45.164750,17.999830,472,9788.1
SHP_L3_0,45.164700,17.999880,473,9794.9
SHP_L3_0,45.164640,17.999910,474,9801.9
SHP_L3_0,45.164590,17.999920,475,9807.5
SHP_L3_0,45.164520,17.999930,476,9815.4
SHP_L3_0,45.164290,17.999910,477,9841.0
SHP_L3_0,45.164190,17.999920,478,9852.1
SHP_L3_0,45.164130,17.999940,479,9859.0
SHP_L3_0,45.164080,17.999990,480,9865.8
SHP_L3_0,45.164040,18.000050,481,9872.3
SHP_L3_0,45.164010,18.000120,482,9878.7
SHP_L3_0,45.164000,18.000210,483,9885.8
SHP_L3_0,45.164000,18.000300,484,9892.9
SHP_L3_0,45.164020,18.000470,485,9906.4
SHP_L3_0,45.163970,18.000490,486,9912.2
SHP_L3_0,45.163940,18.000490,487,9915.5
SHP_L3_0,45.163910,18.000470,488,9919.2
SHP_L3_0,45.163880,18.000420,489,9924.4
SHP_L3_0,45.163800,18.000280,490,9938.5
SHP_L3_0,45.163830,18.000250,491,9942.6
SHP_L3_0,45.163840,18.000210,492,9945.9
SHP_L3_0,45.163850,18.000170,493,9949.2
SHP_L3_0,45.164000,17.999480,494,10005.8
SHP_L3_0,45.164000,17.999470,495,10006.6
SHP_L3_0,45.164140,17.998790,496,10062.2
SHP_L3_0,45.164250,17.998160,497,10113.0
SHP_L3_0,45.164430,17.996960,498,10209.2
SHP_L3_0,45.164630,17.995630,499,10315.8
SHP_L3_0,45.164700,17.995110,500,10357.3
SHP_L3_0,45.164720,17.994830,501,10379.4
SHP_L3_0,45.164730,17.994560,502,10400.6
SHP_L3_0,45.164720,17.994410,503,10412.4
SHP_L3_0,45.164690,17.994010,504,10444.0
SHP_L3_0,45.164720,17.994410,505,10475.5
SHP_L3_0,45.164730,17.994560,506,10487.3
SHP_L3_0,45.164720,17.994830,507,10508.5
SHP_L3_0,45.164700,17.995110,508,10530.6
SHP_L3_0,45.164630,17.995630,509,10572.1
SHP_L3_0,45.164430,17.996960,510,10678.7
SHP_L3_0,45.164250,17.998160,511,10774.9
SHP_L3_0,45.164140,17.998790,512,10825.8
SHP_L3_0,45.164000,17.999470,513,10881.3
SHP_L3_0,45.164000,17.999480,514,10882.1
SHP_L3_0,45.163850,18.000170,515,10938.7
SHP_L3_0,45.163840,18.000210,516,10942.0
SHP_L3_0,45.163830,18.000250,517,10945.3
SHP_L3_0,45.163800,18.000280,518,10949.4
SHP_L3_0,45.163880,18.000420,519,10963.6
SHP_L3_0,45.163910,18.000470,520,10968.7
SHP_L3_0,45.163940,18.000490,521,10972.4
SHP_L3_0,45.163970,18.000490,522,10975.7
SHP_L3_0,45.164020,18.000470,523,10981.5
SHP_L3_0,45.164000,18.000300,524,10995.0
SHP_L3_0,45.164000,18.000210,525,11002.1
SHP_L3_0,45.164010,18.000120,526,11009.2
SHP_L3_0,45.164040,18.000050,527,11015.6
SHP_L3_0,45.164080,17.999990,528,11022.1
SHP_L3_0,45.164130,17.999940,529,11028.9
SHP_L3_0,45.164190,17.999920,530,11035.8
SHP_L3_0,45.164290,17.999910,531,11046.9
SHP_L3_0,45.164520,17.999930,532,11072.5
SHP_L3_0,45.164590,17.999920,533,11080.4
SHP_L3_0,45.164640,17.999910,534,11086.0
SHP_L3_0,45.164700,17.999880,535,11093.1
SHP_L3_0,45.164750,17.999830,536,11099.9
SHP_L3_0,45.164800,17.999780,537,11106.7
SHP_L3_0,45.164860,17.999700,538,11115.8
SHP_L3_0,45.164960,17.999520,539,11133.8
SHP_L3_0,45.165040,17.999350,540,11149.8
SHP_L3_0,45.165100,17.999390,541,11157.2
SHP_L3_0,45.165130,17.999410,542,11160.9
SHP_L3_0,45.165360,17.999580,543,11189.7
SHP_L3_0,45.165420,17.999620,544,11197.1
SHP_L3_0,45.165650,17.999790,545,11225.9
SHP_L3_0,45.165930,18.000000,546,11261.1
SHP_L3_0,45.166280,18.000260,547,11305.1
SHP_L3_0,45.166410,18.000390,548,11322.8
SHP_L3_0,45.166550,18.000600,549,11345.4
SHP_L3_0,45.166590,18.000700,550,11354.4
SHP_L3_0,45.166650,18.000860,551,11368.6
SHP_L3_0,45.166700,18.001080,552,11386.8
SHP_L3_0,45.166730,18.001280,553,11402.8
SHP_L3_0,45.166740,18.001720,554,11437.3
SHP_L3_0,45.166760,18.002300,555,11482.8
SHP_L3_0,45.166760,18.002710,556,11515.0
SHP_L3_0,45.166770,18.003390,557,11568.3
SHP_L3_0,45.166760,18.003450,558,11573.1
SHP_L3_0,45.166760,18.003540,559,11580.2
SHP_L3_0,45.166860,18.003560,560,11591.4
SHP_L3_0,45.166970,18.003580,561,11603.7
SHP_L3_0,45.167240,18.003640,562,11634.1
SHP_L3_0,45.167820,18.003780,563,11699.5
SHP_L3_0,45.167960,18.003810,564,11715.3
SHP_L3_0,45.167990,18.003820,565,11718.7
SHP_L3_0,45.168080,18.003830,566,11728.8
SHP_L3_0,45.168170,18.003820,567,11738.8
SHP_L3_0,45.168270,18.003820,568,11749.9
SHP_L3_0,45.168380,18.003820,569,11762.1
SHP_L3_0,45.168700,18.003770,570,11797.9
SHP_L3_0,45.169440,18.003640,571,11880.9
SHP_L3_0,45.169780,18.003560,572,11919.2
SHP_L3_0,45.170200,18.003490,573,11966.2
SHP_L3_0,45.170250,18.003480,574,11971.8
SHP_L3_0,45.171040,18.003320,575,12060.5
SHP_L3_0,45.171210,18.003280,576,12079.7
SHP_L3_0,45.171860,18.003170,577,12152.5
SHP_L3_0,45.172500,18.003050,578,12224.3
SHP_L3_0,45.172580,18.003040,579,12233.2
SHP_L3_0,45.173050,18.002930,580,12286.2
SHP_L3_0,45.173310,18.002850,581,12315.8
SHP_L3_0,45.173580,18.002710,582,12347.7
SHP_L3_0,45.173870,18.002500,583,12383.9
SHP_L3_0,45.173900,18.002470,584,12388.0
SHP_L3_0,45.173910,18.002470,585,12389.1
SHP_L3_0,45.174120,18.002310,586,12415.6
SHP_L3_0,45.175240,18.001490,587,12555.8
SHP_L3_0,45.175650,18.001190,588,12607.1
SHP_L3_0,45.175830,18.001060,589,12629.5
SHP_L3_0,45.175970,18.000950,590,12647.3
SHP_L3_0,45.176810,18.000320,591,12753.0
SHP_L3_0,45.176900,18.000260,592,12764.0
SHP_L3_0,45.177250,18.000020,593,12807.3
SHP_L3_0,45.177490,17.999820,594,12838.2
SHP_L3_0,45.177690,17.999640,595,12864.6
SHP_L3_0,45.177850,17.999420,596,12889.3
SHP_L3_0,45.178250,17.998810,597,12954.6
SHP_L3_0,45.178270,17.998780,598,12957.9
SHP_L3_0,45.178280,17.998760,599,12959.8
SHP_L3_0,45.178250,17.998710,600,12964.9
SHP_L3_0,45.178280,17.998640,601,12971.4
SHP_L3_0,45.178510,17.998240,602,13011.8
SHP_L3_0,45.178550,17.998120,603,13022.2
SHP_L3_0,45.180230,17.997070,604,13226.4
SHP_L3_0,45.180610,17.996840,605,13272.3
SHP_L3_0,45.181040,17.996610,606,13323.4
SHP_L3_0,45.182090,17.996060,607,13447.9
SHP_L3_0,45.182130,17.996040,608,13452.6
SHP_L3_0,45.182190,17.996030,609,13459.3
SHP_L3_0,45.182240,17.996020,610,13464.9
SHP_L3_0,45.182280,17.996020,611,13469.4
SHP_L3_0,45.182290,17.996030,612,13470.7
SHP_L3_0,45.182310,17.996070,613,13474.6
SHP_L3_0,45.182330,17.996120,614,13479.1
SHP_L3_0,45.182370,17.996290,615,13493.1
SHP_L3_0,45.182370,17.996160,616,13503.3
SHP_L3_0,45.182370,17.996090,617,13508.8
SHP_L3_0,45.182380,17.996020,618,13514.4
SHP_L3_0,45.182400,17.995990,619,13517.6
SHP_L3_0,45.182410,17.995950,620,13520.9
SHP_L3_0,45.182410,17.995920,621,13523.3
SHP_L3_0,45.182400,17.995880,622,13526.6
SHP_L3_0,45.182380,17.995850,623,13529.9
SHP_L3_0,45.182360,17.995830,624,13532.6
SHP_L3_0,45.182340,17.995780,625,13537.1
SHP_L3_0,45.182310,17.995710,626,13543.5
SHP_L3_0,45.182280,17.995600,627,13552.8
SHP_L3_0,45.182180,17.994800,628,13616.4
SHP_L3_0,45.182020,17.993610,629,13711.4
SHP_L3_0,45.181840,17.992260,630,13819.1
SHP_L3_0,45.181830,17.992220,631,13822.4
SHP_L3_0,45.181720,17.991350,632,13891.7
SHP_L3_0,45.181650,17.990850,633,13931.6
SHP_L3_0,45.181650,17.990820,634,13934.0
SHP_L3_0,45.181470,17.989450,635,14043.2
SHP_L3_0,45.181350,17.988510,636,14118.1
SHP_L3_0,45.181270,17.987720,637,14180.6
SHP_L3_0,45.181190,17.987330,638,14212.5
SHP_L3_0,45.181100,17.987010,639,14239.5
SHP_L3_0,45.180810,17.986280,640,14305.1
SHP_L3_0,45.180700,17.986030,641,14328.2
SHP_L3_0,45.180630,17.985800,642,14347.9
SHP_L3_0,45.180510,17.985160,643,14399.8
SHP_L3_0,45.180420,17.984500,644,14452.5
SHP_L3_0,45.180380,17.984050,645,14488.0
SHP_L3_0,45.180380,17.983730,646,14513.1
SHP_L3_0,45.180410,17.982760,647,14589.2
SHP_L3_0,45.180440,17.981890,648,14657.5
SHP_L3_0,45.180440,17.981700,649,14672.4
SHP_L3_0,45.180420,17.980560,650,14761.8
SHP_L3_0,45.180410,17.979830,651,14819.0
SHP_L3_0,45.180380,17.979110,652,14875.5
SHP_L3_0,45.180370,17.978990,653,14885.0
SHP_L3_0,45.180350,17.978360,654,14934.4
SHP_L3_0,45.180350,17.977940,655,14967.3
SHP_L3_0,45.180350,17.977560,656,14997.1
SHP_L3_0,45.180340,17.977280,657,15019.1
SHP_L3_0,45.180240,17.977300,658,15030.3
SHP_L3_0,45.179960,17.977360,659,15061.8
SHP_L3_0,45.179870,17.977340,660,15071.9
SHP_L3_0,45.179820,17.977320,661,15077.7
SHP_L3_0,45.179760,17.977260,662,15085.9
SHP_L3_0,45.179640,17.977140,663,15102.2
SHP_L3_0,45.179590,17.977100,664,15108.6
SHP_L3_0,45.179510,17.977050,665,15118.3
SHP_L3_0,45.179450,17.977010,666,15125.7
SHP_L3_0,45.179410,17.976950,667,15132.1
SHP_L3_0,45.179380,17.976910,668,15136.7
SHP_L3_0,45.179370,17.976850,669,15141.6
SHP_L3_0,45.179330,17.976430,670,15174.8
SHP_L3_0,45.179050,17.975130,671,15281.3
SHP_L3_0,45.179040,17.975060,672,15286.9
SHP_L3_0,45.179030,17.974990,673,15292.5
SHP_L3_0,45.179020,17.974920,674,15298.1
SHP_L3_0,45.178990,17.974850,675,15304.5
SHP_L3_0,45.178950,17.974670,676,15319.3
SHP_L3_0,45.178920,17.974490,677,15333.8
SHP_L3_0,45.178900,17.974280,678,15350.4
SHP_L3_0,45.178880,17.974050,679,15368.6
SHP_L3_0,45.178830,17.973370,680,15422.2
SHP_L3_0,45.178810,17.973020,681,15449.7
SHP_L3_0,45.178800,17.972930,682,15456.9
SHP_L3_0,45.178780,17.972870,683,15462.1
SHP_L3_0,45.178760,17.972840,684,15465.3
SHP_L3_0,45.178720,17.972810,685,15470.3
SHP_L3_0,45.178690,17.972820,686,15473.7
SHP_L3_0,45.178650,17.972830,687,15478.3
SHP_L3_0,45.178590,17.972950,688,15489.8
SHP_L3_0,45.178500,17.973170,689,15509.7
SHP_L3_0,45.177730,17.975020,690,15678.1
SHP_L3_0,45.177690,17.975080,691,15684.6
SHP_L3_0,45.177650,17.975160,692,15692.3
SHP_L3_0,45.177620,17.975240,693,15699.4
SHP_L3_0,45.177600,17.975320,694,15706.0
SHP_L3_0,45.177060,17.976530,695,15818.3
SHP_L3_0,45.176900,17.976870,696,15850.3
SHP_L3_0,45.176780,17.977080,697,15871.5
SHP_L3_0,45.176570,17.977400,698,15905.8
SHP_L3_0,45.175870,17.978350,699,16013.5
SHP_L3_0,45.175260,17.979150,700,16105.9
SHP_L3_0,45.175120,17.979300,701,16125.4
SHP_L3_0,45.174990,17.979120,702,16145.6
SHP_L3_0,45.174500,17.978500,703,16218.6
SHP_L3_0,45.174230,17.978150,704,16259.3
SHP_L3_0,45.174010,17.977820,705,16294.9
SHP_L3_0,45.173770,17.977520,706,16330.5
SHP_L3_0,45.173680,17.977400,707,16344.2
SHP_L3_0,45.172890,17.976400,708,16461.9
SHP_L3_0,45.172410,17.975920,709,16527.2
SHP_L3_0,45.172110,17.975700,710,16564.8
SHP_L3_0,45.171790,17.975510,711,16603.4
SHP_L3_0,45.171410,17.975340,712,16647.7
SHP_L3_0,45.170550,17.975020,713,16746.5
SHP_L3_0,45.170040,17.974840,714,16805.0
SHP_L3_0,45.168370,17.974210,715,16997.1
SHP_L3_0,45.168000,17.974080,716,17039.5
SHP_L3_0,45.167920,17.974010,717,17050.0
SHP_L3_0,45.167810,17.973950,718,17063.1
SHP_L3_0,45.167680,17.973890,719,17078.3
SHP_L3_0,45.167520,17.973830,720,17096.7
SHP_L3_0,45.167740,17.972580,721,17197.7
SHP_L3_0,45.168560,17.968000,722,17568.1
SHP_L3_0,45.168940,17.965870,723,17740.4
SHP_L3_0,45.169480,17.962820,724,17986.9
SHP_L3_0,45.169520,17.962620,725,18003.2
SHP_L3_0,45.169620,17.962010,726,18052.3
SHP_L3_0,45.169690,17.961610,727,18084.6
SHP_L3_0,45.169820,17.960910,728,18141.3
SHP_L3_0,45.170020,17.959690,729,18239.5
SHP_L3_0,45.170070,17.959350,730,18266.8
SHP_L3_0,45.170130,17.958900,731,18302.7
SHP_L3_0,45.170170,17.958450,732,18338.2
SHP_L3_0,45.170190,17.958080,733,18367.3
SHP_L3_0,45.170210,17.957670,734,18399.5
SHP_L3_0,45.170210,17.957270,735,18430.9
SHP_L3_0,45.170200,17.956830,736,18465.4
SHP_L3_0,45.170190,17.956500,737,18491.3
SHP_L3_0,45.170160,17.956180,738,18516.6
SHP_L3_0,45.170130,17.955870,739,18541.1
SHP_L3_0,45.170090,17.955520,740,18568.9
SHP_L3_0,45.170010,17.954870,741,18620.6
SHP_L3_0,45.169670,17.952730,742,18792.6
SHP_L3_0,45.169430,17.951250,743,18911.7
SHP_L3_0,45.169300,17.950430,744,18977.5
SHP_L3_0,45.169240,17.950080,745,19005.8
SHP_L3_0,45.169070,17.949030,746,19090.2
SHP_L3_0,45.169050,17.948890,747,19101.4
SHP_L3_0,45.168860,17.947620,748,19203.2
SHP_L3_0,45.168740,17.946860,749,19264.3
SHP_L3_0,45.168660,17.946310,750,19308.3
SHP_L3_0,45.168600,17.946000,751,19333.5
SHP_L3_0,45.168530,17.945670,752,19360.5
SHP_L3_0,45.168450,17.945180,753,19399.9
SHP_L3_0,45.168370,17.944690,754,19439.4
SHP_L3_0,45.168320,17.944350,755,19466.6
SHP_L3_0,45.168300,17.944220,756,19477.0
SHP_L3_0,45.168250,17.943860,757,19505.8
SHP_L3_0,45.168230,17.943590,758,19527.1
SHP_L3_0,45.168290,17.943340,759,19547.8
SHP_L3_0,45.168310,17.943170,760,19561.3
SHP_L3_0,45.168350,17.943000,761,19575.3
SHP_L3_0,45.168420,17.942760,762,19595.7
SHP_L3_0,45.168500,17.942620,763,19609.8
SHP_L3_0,45.168590,17.942460,764,19625.9
SHP_L3_0,45.168710,17.942310,765,19643.7
SHP_L3_0,45.168840,17.942210,766,19660.1
SHP_L3_0,45.168990,17.942110,767,19678.5
SHP_L3_0,45.169130,17.942060,768,19694.6
SHP_L3_0,45.169290,17.942040,769,19712.5
SHP_L3_0,45.169450,17.942040,770,19730.2
SHP_L3_0,45.169580,17.942070,771,19744.9
SHP_L3_0,45.169720,17.942130,772,19761.2
SHP_L3_0,45.169870,17.942240,773,19779.9
SHP_L3_0,45.169990,17.942360,774,19796.3
SHP_L3_0,45.170100,17.942480,775,19811.7
SHP_L3_0,45.170190,17.942620,776,19826.5
SHP_L3_0,45.170290,17.942780,777,19843.3
SHP_L3_0,45.170370,17.942950,778,19859.3
SHP_L3_0,45.170480,17.943250,779,19885.8
SHP_L3_0,45.170540,17.943450,780,19902.9
SHP_L3_0,45.170600,17.943700,781,19923.6
SHP_L3_0,45.170670,17.944080,782,19954.4
SHP_L3_0,45.170740,17.944240,783,19969.1
SHP_L3_0,45.171110,17.946170,784,20125.9
SHP_L3_0,45.171370,17.947340,785,20222.1
SHP_L3_0,45.171780,17.949020,786,20361.4
SHP_L3_0,45.172240,17.950780,787,20508.6
SHP_L3_0,45.172460,17.951560,788,20574.4
SHP_L3_0,45.172690,17.952380,789,20643.6
SHP_L3_0,45.172970,17.953300,790,20722.2
SHP_L3_0,45.173240,17.954200,791,20798.9
SHP_L3_0,45.173570,17.955190,792,20884.7
SHP_L3_0,45.173890,17.956060,793,20961.6
SHP_L3_0,45.174370,17.957280,794,21071.1
SHP_L3_0,45.174760,17.958210,795,21156.0
SHP_L3_0,45.175110,17.959000,796,21229.1
SHP_L3_0,45.175610,17.960160,797,21335.7
SHP_L3_0,45.176120,17.961350,798,21444.8
SHP_L3_0,45.176600,17.962510,799,21550.3
SHP_L3_0,45.177080,17.963740,800,21660.5
SHP_L3_0,45.177290,17.964380,801,21715.8
SHP_L3_0,45.177490,17.964990,802,21768.5
SHP_L3_0,45.177860,17.966280,803,21877.7
SHP_L3_0,45.178220,17.967570,804,21986.5
SHP_L3_0,45.178540,17.968880,805,22095.1
SHP_L3_0,45.178860,17.970200,806,22204.5
SHP_L3_0,45.179110,17.971290,807,22294.4
SHP_L3_0,45.179290,17.972160,808,22365.4
SHP_L3_0,45.179440,17.972890,809,22425.0
SHP_L3_0,45.179460,17.973010,810,22434.7
SHP_L3_0,45.179720,17.974630,811,22564.9
SHP_L3_0,45.179830,17.975520,812,22635.8
SHP_L3_0,45.179920,17.976300,813,22697.7
SHP_L3_0,45.180000,17.977190,814,22768.0
SHP_L3_0,45.180020,17.977570,815,22797.9
SHP_L3_0,45.180060,17.978060,816,22836.6
SHP_L3_0,45.180140,17.979970,817,22986.5
SHP_L3_0,45.180150,17.981720,818,23123.7
SHP_L3_0,45.180140,17.982720,819,23202.1
SHP_L3_0,45.180100,17.983870,820,23292.3
SHP_L3_0,45.179950,17.986160,821,23472.6
SHP_L3_0,45.179860,17.987310,822,23563.3
SHP_L3_0,45.179740,17.988600,823,23665.3
SHP_L3_0,45.179560,17.991120,824,23863.8
SHP_L3_0,45.179470,17.993020,825,24013.1
SHP_L3_0,45.179460,17.995250,826,24187.8
SHP_L3_0,45.179480,17.996240,827,24265.5
SHP_L3_0,45.179520,17.997160,828,24337.7
SHP_L3_0,45.179590,17.998460,829,24439.9
SHP_L3_0,45.179710,17.999860,830,24550.4
SHP_L3_0,45.179840,18.001050,831,24644.8
SHP_L3_0,45.179930,18.001710,832,24697.5
SHP_L3_0,45.180060,18.002620,833,24770.3
SHP_L3_0,45.180210,18.003550,834,24845.1
SHP_L3_0,45.180330,18.004220,835,24899.3
SHP_L3_0,45.180460,18.004900,836,24954.5
SHP_L3_0,45.180630,18.005710,837,25020.7
SHP_L3_0,45.180890,18.006870,838,25116.1
SHP_L3_0,45.181270,18.008390,839,25242.5
SHP_L3_0,45.181590,18.009580,840,25342.4
SHP_L3_0,45.181920,18.010760,841,25441.9
SHP_L3_0,45.182330,18.012270,842,25568.7
SHP_L3_0,45.182700,18.013700,843,25688.1
SHP_L3_0,45.183030,18.014990,844,25795.6
SHP_L3_0,45.183270,18.016030,845,25881.4
SHP_L3_0,45.183460,18.016880,846,25951.3
SHP_L3_0,45.183640,18.017830,847,26028.4
SHP_L3_0,45.183910,18.019430,848,26157.3
SHP_L3_0,45.184050,18.020470,849,26240.3
SHP_L3_0,45.184160,18.021360,850,26311.1
SHP_L3_0,45.184330,18.023000,851,26441.0
SHP_L3_0,45.184430,18.024290,852,26542.7
SHP_L3_0,45.184490,18.025510,853,26638.6
SHP_L3_0,45.184530,18.026650,854,26728.1
SHP_L3_0,45.184530,18.027760,855,26815.0
SHP_L3_0,45.184530,18.028840,856,26899.7
SHP_L3_0,45.184490,18.029820,857,26976.6
SHP_L3_0,45.184460,18.030570,858,27035.5
SHP_L3_0,45.184370,18.031550,859,27113.0
SHP_L3_0,45.184330,18.031950,860,27144.6
SHP_L3_0,45.184270,18.032510,861,27189.0
SHP_L3_0,45.184090,18.034090,862,27314.4
SHP_L3_0,45.183870,18.035570,863,27433.0
SHP_L3_0,45.183610,18.037200,864,27564.0
SHP_L3_0,45.183110,18.040070,865,27795.7
SHP_L3_0,45.182350,18.044410,866,28146.2
SHP_L3_0,45.181600,18.048670,867,28490.3
SHP_L3_0,45.179640,18.059950,868,29400.9
SHP_L3_0,45.178880,18.064330,869,29754.4
SHP_L3_0,45.178560,18.066110,870,29898.4
SHP_L3_0,45.178490,18.066260,871,29912.5
SHP_L3_0,45.178390,18.066750,872,29952.5
SHP_L3_0,45.178350,18.066920,873,29966.6
SHP_L3_0,45.178300,18.067070,874,29979.6
SHP_L3_0,45.178250,18.067230,875,29993.3
SHP_L3_0,45.178190,18.067410,876,30008.9
SHP_L3_0,45.178120,18.067560,877,30023.0
SHP_L3_0,45.178020,18.067730,878,30040.3
SHP_L3_0,45.177930,18.067880,879,30055.8
SHP_L3_0,45.177840,18.067990,880,30069.0
SHP_L3_0,45.177740,18.068100,881,30083.1
SHP_L3_0,45.177580,18.068240,882,30104.0
SHP_L3_0,45.177460,18.068330,883,30119.1
SHP_L3_0,45.177310,18.068420,884,30137.2
SHP_L3_0,45.177160,18.068480,885,30154.5
SHP_L3_0,45.177030,18.068520,886,30169.3
SHP_L3_0,45.176900,18.068550,887,30183.9
SHP_L3_0,45.176800,18.068550,888,30195.1
SHP_L3_0,45.176680,18.068550,889,30208.4
SHP_L3_0,45.176500,18.068520,890,30228.5
SHP_L3_0,45.176230,18.068470,891,30258.8
SHP_L3_0,45.176080,18.068480,892,30275.5
SHP_L3_0,45.175790,18.068410,893,30308.2
SHP_L3_0,45.175380,18.068300,894,30354.6
SHP_L3_0,45.175120,18.068190,895,30384.8
SHP_L3_0,45.174950,18.068090,896,30405.3
SHP_L3_0,45.174810,18.067980,897,30423.1
SHP_L3_0,45.174710,18.067880,898,30436.7
SHP_L3_0,45.174620,18.067750,899,30450.9
SHP_L3_0,45.174550,18.067640,900,30462.6
SHP_L3_0,45.174490,18.067510,901,30474.7
SHP_L3_0,45.174430,18.067390,902,30486.3
SHP_L3_0,45.174390,18.067260,903,30497.4
SHP_L3_0,45.174350,18.067130,904,30508.5
SHP_L3_0,45.174330,18.066890,905,30527.5
SHP_L3_0,45.174320,18.066700,906,30542.4
SHP_L3_0,45.174340,18.066550,907,30554.4
SHP_L3_0,45.174400,18.066140,908,30587.2
SHP_L3_0,45.174470,18.065790,909,30615.7
SHP_L3_0,45.174480,18.065710,910,30622.1
SHP_L3_0,45.174500,18.065620,911,30629.5
SHP_L3_0,45.174630,18.064980,912,30681.7
SHP_L3_0,45.174760,18.064350,913,30733.1
SHP_L3_0,45.174910,18.063630,914,30792.0
SHP_L3_0,45.174980,18.063290,915,30819.7
SHP_L3_0,45.175080,18.062950,916,30848.6
SHP_L3_0,45.175100,18.062900,917,30853.1
SHP_L3_0,45.175140,18.062850,918,30859.1
SHP_L3_0,45.175170,18.062840,919,30862.5
SHP_L3_0,45.175200,18.062820,920,30866.2
SHP_L3_0,45.175230,18.062780,921,30870.8
SHP_L3_0,45.175260,18.062730,922,30875.9
SHP_L3_0,45.175270,18.062670,923,30880.7
SHP_L3_0,45.175270,18.062620,924,30884.6
SHP_L3_0,45.175270,18.062570,925,30888.6
SHP_L3_0,45.175250,18.062510,926,30893.8
SHP_L3_0,45.175230,18.062480,927,30897.0
SHP_L3_0,45.175220,18.062430,928,30901.1
SHP_L3_0,45.175210,18.062370,929,30905.9
SHP_L3_0,45.175220,18.062280,930,30913.1
SHP_L3_0,45.175270,18.061900,931,30943.4
SHP_L3_0,45.175280,18.061840,932,30948.2
SHP_L3_0,45.175300,18.061760,933,30954.8
SHP_L3_0,45.175480,18.060870,934,31027.4
SHP_L3_0,45.175530,18.060490,935,31057.7
SHP_L3_0,45.175550,18.060240,936,31077.4
SHP_L3_0,45.175560,18.059960,937,31099.4
SHP_L3_0,45.175570,18.059530,938,31133.1
SHP_L3_0,45.175550,18.059140,939,31163.8
SHP_L3_0,45.175540,18.059050,940,31170.9
SHP_L3_0,45.175490,18.058520,941,31212.9
SHP_L3_0,45.175420,18.057900,942,31262.1
SHP_L3_0,45.175410,18.057830,943,31267.7
SHP_L3_0,45.175390,18.057590,944,31286.6
SHP_L3_0,45.175250,18.056370,945,31383.5
SHP_L3_0,45.175230,18.056150,946,31400.9
SHP_L3_0,45.175210,18.055910,947,31419.8
SHP_L3_0,45.175210,18.055670,948,31438.6
SHP_L3_0,45.175220,18.055470,949,31454.4
SHP_L3_0,45.175220,18.055380,950,31461.4
SHP_L3_0,45.175240,18.055200,951,31475.7
SHP_L3_0,45.175270,18.054940,952,31496.4
SHP_L3_0,45.175300,18.054750,953,31511.6
SHP_L3_0,45.175360,18.054480,954,31533.8
SHP_L3_0,45.175510,18.054000,955,31575.0
SHP_L3_0,45.175530,18.053960,956,31578.8
SHP_L3_0,45.175540,18.053940,957,31580.7
SHP_L3_0,45.175560,18.053880,958,31585.9
SHP_L3_0,45.175600,18.053810,959,31593.0
SHP_L3_0,45.175620,18.053810,960,31595.2
SHP_L3_0,45.175650,18.053780,961,31599.3
SHP_L3_0,45.175680,18.053740,962,31603.9
SHP_L3_0,45.175700,18.053690,963,31608.4
SHP_L3_0,45.175710,18.053630,964,31613.2
SHP_L3_0,45.175710,18.053600,965,31615.6
SHP_L3_0,45.175700,18.053570,966,31618.2
SHP_L3_0,45.175710,18.053490,967,31624.5
SHP_L3_0,45.175740,18.053420,968,31631.0
SHP_L3_0,45.175740,18.053400,969,31632.5
SHP_L3_0,45.175760,18.053330,970,31638.4
SHP_L3_0,45.175840,18.053130,971,31656.5
SHP_L3_0,45.175970,18.052760,972,31688.9
SHP_L3_0,45.176020,18.052560,973,31705.5
SHP_L3_0,45.176090,18.052250,974,31731.0
SHP_L3_0,45.176110,18.052160,975,31738.4
SHP_L3_0,45.176160,18.051830,976,31764.9
SHP_L3_0,45.176230,18.051240,977,31811.8
SHP_L3_0,45.176250,18.051080,978,31824.5
SHP_L3_0,45.176280,18.050800,979,31846.7
SHP_L3_0,45.176310,18.050580,980,31864.3
SHP_L3_0,45.176430,18.049620,981,31940.7
SHP_L3_0,45.176560,18.048850,982,32002.8
SHP_L3_0,45.176730,18.048020,983,32070.5
SHP_L3_0,45.177160,18.045900,984,32243.4
SHP_L3_0,45.177340,18.045000,985,32316.8
SHP_L3_0,45.177360,18.044870,986,32327.2
SHP_L3_0,45.177390,18.044740,987,32337.9
SHP_L3_0,45.177530,18.044040,988,32394.9
SHP_L3_0,45.177580,18.043760,989,32417.6
SHP_L3_0,45.177630,18.043520,990,32437.2
SHP_L3_0,45.178080,18.041330,991,32616.0
SHP_L3_0,45.178450,18.039520,992,32763.7
SHP_L3_0,45.178490,18.039320,993,32780.0
SHP_L3_0,45.178520,18.039160,994,32793.0
SHP_L3_0,45.178740,18.038010,995,32886.4
SHP_L3_0,45.178820,18.037600,996,32919.7
SHP_L3_0,45.178890,18.037240,997,32949.0
SHP_L3_0,45.179210,18.035630,998,33080.1
SHP_L3_0,45.179310,18.035130,999,33120.9
SHP_L3_0,45.179370,18.034840,1000,33144.5
SHP_L3_0,45.179460,18.034420,1001,33179.0
SHP_L3_0,45.179580,18.033750,1002,33233.1
SHP_L3_0,45.179680,18.033090,1003,33286.0
SHP_L3_0,45.179720,18.032770,1004,33311.5
SHP_L3_0,45.179810,18.032030,1005,33370.4
SHP_L3_0,45.179890,18.030910,1006,33458.6
SHP_L3_0,45.179990,18.029900,1007,33538.6
SHP_L3_0,45.180050,18.029370,1008,33580.6
SHP_L3_0,45.180050,18.029290,1009,33586.9
SHP_L3_0,45.180140,18.028430,1010,33655.0
SHP_L3_0,45.180180,18.027980,1011,33690.6
SHP_L3_0,45.180290,18.026940,1012,33773.0
SHP_L3_0,45.180430,18.025770,1013,33866.0
SHP_L3_0,45.180600,18.024430,1014,33972.7
SHP_L3_0,45.180680,18.023730,1015,34028.3
SHP_L3_0,45.180720,18.023390,1016,34055.3
SHP_L3_0,45.180770,18.023150,1017,34075.0
SHP_L3_0,45.180810,18.022940,1018,34092.0
SHP_L3_0,45.180880,18.022620,1019,34118.3
SHP_L3_0,45.180950,18.022330,1020,34142.3
SHP_L3_0,45.181010,18.022060,1021,34164.5
SHP_L3_0,45.181090,18.021790,1022,34187.4
SHP_L3_0,45.181170,18.021470,1023,34214.1
SHP_L3_0,45.181270,18.021060,1024,34248.1
SHP_L3_0,45.181390,18.020580,1025,34288.0
SHP_L3_0,45.181470,18.020220,1026,34317.6
SHP_L3_0,45.181520,18.019970,1027,34337.9
SHP_L3_0,45.181540,18.019820,1028,34349.9
SHP_L3_0,45.181550,18.019690,1029,34360.1
SHP_L3_0,45.181560,18.019440,1030,34379.8
SHP_L3_0,45.181550,18.019320,1031,34389.2
SHP_L3_0,45.181540,18.019120,1032,34405.0
SHP_L3_0,45.181520,18.018930,1033,34420.0
SHP_L3_0,45.181490,18.018760,1034,34433.7
SHP_L3_0,45.181400,18.018400,1035,34463.7
SHP_L3_0,45.181330,18.018200,1036,34481.2
SHP_L3_0,45.181260,18.018030,1037,34496.6
SHP_L3_0,45.181160,18.017850,1038,34514.6
SHP_L3_0,45.181060,18.017690,1039,34531.3
SHP_L3_0,45.180940,18.017530,1040,34549.7
SHP_L3_0,45.180820,18.017380,1041,34567.4
SHP_L3_0,45.180330,18.016930,1042,34632.3
SHP_L3_0,45.180230,18.016840,1043,34645.5
SHP_L3_0,45.180020,18.016650,1044,34673.2
SHP_L3_0,45.179840,18.016450,1045,34698.6
SHP_L3_0,45.179750,18.016350,1046,34711.3
SHP_L3_0,45.179610,18.016140,1047,34734.0
SHP_L3_0,45.179440,18.015770,1048,34768.6
SHP_L3_0,45.179310,18.015450,1049,34797.6
SHP_L3_0,45.179190,18.015120,1050,34826.7
SHP_L3_0,45.179110,18.014770,1051,34855.5
SHP_L3_0,45.179050,18.014390,1052,34886.0
SHP_L3_0,45.179030,18.014140,1053,34905.7
SHP_L3_0,45.179020,18.013880,1054,34926.2
SHP_L3_0,45.179020,18.013750,1055,34936.3
SHP_L3_0,45.179020,18.013710,1056,34939.5
SHP_L3_0,45.179030,18.013640,1057,34945.1
SHP_L3_0,45.179070,18.012730,1058,35016.5
SHP_L3_0,45.179100,18.012040,1059,35070.7
SHP_L3_0,45.179100,18.011830,1060,35087.2
SHP_L3_0,45.179130,18.011340,1061,35125.7
SHP_L3_0,45.179140,18.011280,1062,35130.6
SHP_L3_0,45.179180,18.010330,1063,35205.2
SHP_L3_0,45.179220,18.009500,1064,35270.4
SHP_L3_0,45.179240,18.009120,1065,35300.2
SHP_L3_0,45.179260,18.008740,1066,35330.1
SHP_L3_0,45.179270,18.008120,1067,35378.7
SHP_L3_0,45.179260,18.007480,1068,35428.9
SHP_L3_0,45.179250,18.006210,1069,35528.4
SHP_L3_0,45.179240,18.005180,1070,35609.2
SHP_L3_0,45.179230,18.004370,1071,35672.7
SHP_L3_0,45.179170,17.997930,1072,36177.5
SHP_L3_0,45.179150,17.997390,1073,36219.9
SHP_L3_0,45.179070,17.996020,1074,36327.6
SHP_L3_0,45.178920,17.994320,1075,36461.9
SHP_L3_0,45.178860,17.993550,1076,36522.6
SHP_L3_0,45.178800,17.993000,1077,36566.3
SHP_L3_0,45.178350,17.988400,1078,36930.3
SHP_L3_0,45.178280,17.987750,1079,36981.8
SHP_L3_0,45.178140,17.986310,1080,37095.7
SHP_L3_0,45.178030,17.985170,1081,37185.9
SHP_L3_0,45.177900,17.984290,1082,37256.4
SHP_L3_0,45.177820,17.983920,1083,37286.7
SHP_L3_0,45.177700,17.983430,1084,37327.4
SHP_L3_0,45.177550,17.982970,1085,37367.1
SHP_L3_0,45.177410,17.982590,1086,37400.7
SHP_L3_0,45.177340,17.982440,1087,37414.8
SHP_L3_0,45.177180,17.982110,1088,37446.2
SHP_L3_0,45.176890,17.981590,1089,37498.2
SHP_L3_0,45.176470,17.980970,1090,37565.6
SHP_L3_0,45.177720,17.979290,1091,37757.1
SHP_L3_0,45.178290,17.976030,1092,38020.3
SHP_L3_0,45.178300,17.975940,1093,38027.5
SHP_L3_0,45.178260,17.975260,1094,38081.0
SHP_L3_0,45.178920,17.975030,1095,38156.5
SHP_L3_0,45.178960,17.975030,1096,38161.0
SHP_L3_0,45.179000,17.975060,1097,38166.0
SHP_L3_0,45.179030,17.975090,1098,38170.1
SHP_L3_0,45.179050,17.975130,1099,38173.9
SHP_L3_0,45.179040,17.975060,1100,38179.5
SHP_L3_0,45.179030,17.974990,1101,38185.1
SHP_L3_0,45.179020,17.974920,1102,38190.7
SHP_L3_0,45.178990,17.974850,1103,38197.2
SHP_L3_0,45.178950,17.974670,1104,38212.0
SHP_L3_0,45.178920,17.974490,1105,38226.4
SHP_L3_0,45.178900,17.974280,1106,38243.1
SHP_L3_0,45.178880,17.974050,1107,38261.2
SHP_L3_0,45.178830,17.973370,1108,38314.8
SHP_L3_0,45.178810,17.973020,1109,38342.3
SHP_L3_0,45.178800,17.972930,1110,38349.5
SHP_L3_0,45.178780,17.972870,1111,38354.7
SHP_L3_0,45.178760,17.972840,1112,38357.9
SHP_L3_0,45.178720,17.972810,1113,38362.9
SHP_L3_0,45.178690,17.972820,1114,38366.4
SHP_L3_0,45.178650,17.972830,1115,38370.9
SHP_L3_0,45.178590,17.972950,1116,38382.4
SHP_L3_0,45.178500,17.973170,1117,38402.4
SHP_L3_0,45.177730,17.975020,1118,38570.8
SHP_L3_0,45.177690,17.975080,1119,38577.2
SHP_L3_0,45.177650,17.975160,1120,38584.9
SHP_L3_0,45.177620,17.975240,1121,38592.0
SHP_L3_0,45.177600,17.975320,1122,38598.7
SHP_L3_0,45.177060,17.976530,1123,38710.9
SHP_L3_0,45.176900,17.976870,1124,38743.0
SHP_L3_0,45.176780,17.977080,1125,38764.2
SHP_L3_0,45.176570,17.977400,1126,38798.4
SHP_L3_0,45.175870,17.978350,1127,38906.1
SHP_L3_0,45.175260,17.979150,1128,38998.5
SHP_L3_0,45.175120,17.979300,1129,39018.0
SHP_L3_0,45.174970,17.979440,1130,39038.0
SHP_L3_0,45.174390,17.979980,1131,39115.1
SHP_L3_0,45.174220,17.980140,1132,39137.8
SHP_L3_0,45.173710,17.980670,1133,39208.1
SHP_L3_0,45.173200,17.981220,1134,39279.4
SHP_L3_0,45.172840,17.981750,1135,39337.1
SHP_L3_0,45.172730,17.981900,1136,39354.0
SHP_L3_0,45.172070,17.982900,1137,39461.4
SHP_L3_0,45.171890,17.983210,1138,39492.9
SHP_L3_0,45.171710,17.983550,1139,39526.2
SHP_L3_0,45.171540,17.983910,1140,39560.2
SHP_L3_0,45.171230,17.984630,1141,39626.3
SHP_L3_0,45.170900,17.985420,1142,39698.3
SHP_L3_0,45.170750,17.985770,1143,39730.4
SHP_L3_0,45.169670,17.988330,1144,39964.3
SHP_L3_0,45.168920,17.990120,1145,40127.5
SHP_L3_0,45.167930,17.992470,1146,40342.1
SHP_L3_0,45.167720,17.992950,1147,40386.4
SHP_L3_0,45.167540,17.993390,1148,40426.3
SHP_L3_0,45.167460,17.993580,1149,40443.6
SHP_L3_0,45.167290,17.993990,1150,40480.9
SHP_L3_0,45.166950,17.994830,1151,40556.9
SHP_L3_0,45.166590,17.995680,1152,40634.6
SHP_L3_0,45.166380,17.996180,1153,40680.2
SHP_L3_0,45.165490,17.998280,1154,40872.3
SHP_L3_0,45.165080,17.999250,1155,40961.0
SHP_L3_0,45.165040,17.999350,1156,40970.0
SHP_L3_0,45.164960,17.999520,1157,40986.0
SHP_L3_0,45.164860,17.999700,1158,41004.0
SHP_L3_0,45.164800,17.999780,1159,41013.2
SHP_L3_0,45.164750,17.999830,1160,41020.0
SHP_L3_0,45.164700,17.999880,1161,41026.8
SHP_L3_0,45.164640,17.999910,1162,41033.8
SHP_L3_0,45.164590,17.999920,1163,41039.4
SHP_L3_0,45.164520,17.999930,1164,41047.3
SHP_L3_0,45.164290,17.999910,1165,41072.9
SHP_L3_0,45.164190,17.999920,1166,41084.0
SHP_L3_0,45.164130,17.999940,1167,41090.9
SHP_L3_0,45.164080,17.999990,1168,41097.7
SHP_L3_0,45.164040,18.000050,1169,41104.2
SHP_L3_0,45.164010,18.000120,1170,41110.6
SHP_L3_0,45.164000,18.000210,1171,41117.7
SHP_L3_0,45.164000,18.000300,1172,41124.8
SHP_L3_0,45.164020,18.000470,1173,41138.3
SHP_L3_0,45.163970,18.000490,1174,41144.1
SHP_L3_0,45.163940,18.000490,1175,41147.4
SHP_L3_0,45.163910,18.000470,1176,41151.1
SHP_L3_0,45.163880,18.000420,1177,41156.3
SHP_L3_0,45.163800,18.000280,1178,41170.4
SHP_L3_0,45.163090,17.998920,1179,41303.1
SHP_L3_0,45.163030,17.998790,1180,41315.2
SHP_L3_0,45.163010,17.998660,1181,41325.7
SHP_L3_0,45.163030,17.998490,1182,41339.2
SHP_L3_0,45.163120,17.997920,1183,41385.0
SHP_L3_0,45.163290,17.996880,1184,41468.7
SHP_L3_0,45.163350,17.996570,1185,41493.9
SHP_L3_0,45.163340,17.996430,1186,41504.9
SHP_L3_0,45.163310,17.996330,1187,41513.4
SHP_L3_0,45.163250,17.996230,1188,41523.7
SHP_L3_0,45.162940,17.995960,1189,41564.2
SHP_L3_0,45.162300,17.995460,1190,41645.4
SHP_L3_0,45.162250,17.995400,1191,41652.7
SHP_L3_0,45.162230,17.995360,1192,41656.6
SHP_L3_0,45.162220,17.995310,1193,41660.6
SHP_L3_0,45.162300,17.995090,1194,41680.0
SHP_L3_0,45.162700,17.994090,1195,41770.2
SHP_L3_0,45.163010,17.993340,1196,41838.3
SHP_L3_0,45.163110,17.993080,1197,41861.6
SHP_L3_0,45.163380,17.992400,1198,41922.7
SHP_L3_0,45.163630,17.991840,1199,41974.7
SHP_L3_0,45.163380,17.992400,1200,42026.7
SHP_L3_0,45.163110,17.993080,1201,42087.9
SHP_L3_0,45.163010,17.993340,1202,42111.1
SHP_L3_0,45.162700,17.994090,1203,42179.2
SHP_L3_0,45.162300,17.995090,1204,42269.4
SHP_L3_0,45.162220,17.995310,1205,42288.8
SHP_L3_0,45.162230,17.995360,1206,42292.9
SHP_L3_0,45.162250,17.995400,1207,42296.7
SHP_L3_0,45.162300,17.995460,1208,42304.0
SHP_L3_0,45.162940,17.995960,1209,42385.2
SHP_L3_0,45.163250,17.996230,1210,42425.7
SHP_L3_0,45.163310,17.996330,1211,42436.0
SHP_L3_0,45.163340,17.996430,1212,42444.5
SHP_L3_0,45.163350,17.996570,1213,42455.5
SHP_L3_0,45.163290,17.996880,1214,42480.7
SHP_L3_0,45.163120,17.997920,1215,42564.4
SHP_L3_0,45.163030,17.998490,1216,42610.2
SHP_L3_0,45.163010,17.998660,1217,42623.8
SHP_L3_0,45.163030,17.998790,1218,42634.2
SHP_L3_0,45.163090,17.998920,1219,42646.4
SHP_L3_0,45.163800,18.000280,1220,42779.0
SHP_L3_0,45.163880,18.000420,1221,42793.2
SHP_L3_0,45.163910,18.000470,1222,42798.3
SHP_L3_0,45.163940,18.000490,1223,42802.0
SHP_L3_0,45.163970,18.000490,1224,42805.3
SHP_L3_0,45.164020,18.000470,1225,42811.1
SHP_L3_0,45.164040,18.000590,1226,42820.8
SHP_L3_0,45.164080,18.000750,1227,42834.1
SHP_L3_0,45.164100,18.000870,1228,42843.8
SHP_L3_0,45.164100,18.000970,1229,42851.6
SHP_L3_0,45.164090,18.001050,1230,42858.0
SHP_L3_0,45.164050,18.001120,1231,42865.0
SHP_L3_0,45.163510,18.002100,1232,42962.5
SHP_L3_0,45.163410,18.002290,1233,42981.1
SHP_L3_0,45.163130,18.002900,1234,43038.2
SHP_L3_0,45.163080,18.002980,1235,43046.6
SHP_L3_0,45.163060,18.003020,1236,43050.4
SHP_L3_0,45.163030,18.003050,1237,43054.5
SHP_L3_0,45.162940,18.003100,1238,43065.3
SHP_L3_0,45.162880,18.003120,1239,43072.1
SHP_L3_0,45.162850,18.003130,1240,43075.5
SHP_L3_0,45.162820,18.003130,1241,43078.9
SHP_L3_0,45.162790,18.003120,1242,43082.3
SHP_L3_0,45.162760,18.003110,1243,43085.7
SHP_L3_0,45.162740,18.003090,1244,43088.5
SHP_L3_0,45.162690,18.003050,1245,43094.8
SHP_L3_0,45.162640,18.003040,1246,43100.4
SHP_L3_0,45.162580,18.003050,1247,43107.2
SHP_L3_0,45.162540,18.003070,1248,43111.9
SHP_L3_0,45.162500,18.003110,1249,43117.3
SHP_L3_0,45.162460,18.003160,1250,43123.3
SHP_L3_0,45.162440,18.003230,1251,43129.2
SHP_L3_0,45.162420,18.003300,1252,43135.1
SHP_L3_0,45.162420,18.003380,1253,43141.4
SHP_L3_0,45.162440,18.003470,1254,43148.8
SHP_L3_0,45.162480,18.003540,1255,43155.8
SHP_L3_0,45.162530,18.003600,1256,43163.1
SHP_L3_0,45.162550,18.003650,1257,43167.6
SHP_L3_0,45.162560,18.003700,1258,43171.7
SHP_L3_0,45.162560,18.003750,1259,43175.6
SHP_L3_0,45.162550,18.004170,1260,43208.6
SHP_L3_0,45.162530,18.004550,1261,43238.4
SHP_L3_0,45.162520,18.004800,1262,43258.1
SHP_L3_0,45.162490,18.005240,1263,43292.7
SHP_L3_0,45.162420,18.006310,1264,43377.0
SHP_L3_0,45.162380,18.006320,1265,43381.5
SHP_L3_0,45.162340,18.006310,1266,43386.0
SHP_L3_0,45.160060,18.006030,1267,43640.5
SHP_L3_0,45.160030,18.006410,1268,43670.5
SHP_L3_0,45.160030,18.006550,1269,43681.4
SHP_L3_0,45.159990,18.007110,1270,43725.6
SHP_L3_0,45.159930,18.007910,1271,43788.7
SHP_L3_0,45.159910,18.008210,1272,43812.3
SHP_L3_0,45.159850,18.009240,1273,43893.3
SHP_L3_0,45.159840,18.009300,1274,43898.2
SHP_L3_0,45.159780,18.010240,1275,43972.2
SHP_L3_0,45.159770,18.010340,1276,43980.1
SHP_L3_0,45.159750,18.010600,1277,44000.6
SHP_L3_0,45.159750,18.010650,1278,44004.5
SHP_L3_0,45.159740,18.010720,1279,44010.1
SHP_L3_0,45.159730,18.010760,1280,44013.4
SHP_L3_0,45.159720,18.010780,1281,44015.4
SHP_L3_0,45.159700,18.010830,1282,44019.9
SHP_L3_0,45.159690,18.010840,1283,44021.2
SHP_L3_0,45.159640,18.010850,1284,44026.8
SHP_L3_0,45.159620,18.010860,1285,44029.2
SHP_L3_0,45.159570,18.010860,1286,44034.8
SHP_L3_0,45.159450,18.010860,1287,44048.1
SHP_L3_0,45.159010,18.010810,1288,44097.2
SHP_L3_0,45.156840,18.010520,1289,44339.5
SHP_L3_0,45.156750,18.010480,1290,44350.0
SHP_L3_0,45.156680,18.010460,1291,44358.0
SHP_L3_0,45.156630,18.010440,1292,44363.7
SHP_L3_0,45.156300,18.010390,1293,44400.7
SHP_L3_0,45.156000,18.010340,1294,44434.2
SHP_L3_0,45.155880,18.010320,1295,44447.7
SHP_L3_0,45.155860,18.010310,1296,44450.0
SHP_L3_0,45.155820,18.010290,1297,44454.7
SHP_L3_0,45.155800,18.010260,1298,44458.0
SHP_L3_0,45.155770,18.010230,1299,44462.1
SHP_L3_0,45.155740,18.010220,1300,44465.5
SHP_L3_0,45.155710,18.010220,1301,44468.8
SHP_L3_0,45.155670,18.010220,1302,44473.3
SHP_L3_0,45.155630,18.010200,1303,44478.0
SHP_L3_0,45.155340,18.010050,1304,44512.3
SHP_L3_0,45.155530,18.010220,1305,44537.3
SHP_L3_0,45.155570,18.010260,1306,44542.7
SHP_L3_0,45.155610,18.010310,1307,44548.7
SHP_L3_0,45.155630,18.010330,1308,44551.4
SHP_L3_0,45.155630,18.010360,1309,44553.7
SHP_L3_0,45.155640,18.010410,1310,44557.8
SHP_L3_0,45.155660,18.010450,1311,44561.7
SHP_L3_0,45.155670,18.010510,1312,44566.5
SHP_L3_0,45.155680,18.010580,1313,44572.1
SHP_L3_0,45.155680,18.010650,1314,44577.6
SHP_L3_0,45.155670,18.010740,1315,44584.7
SHP_L3_0,45.155670,18.010840,1316,44592.6
SHP_L3_0,45.155670,18.010920,1317,44598.8
SHP_L3_0,45.155670,18.010980,1318,44603.6
SHP_L3_0,45.155670,18.010990,1319,44604.3
SHP_L3_0,45.155670,18.011000,1320,44605.1
SHP_L3_0,45.155670,18.011070,1321,44610.6
SHP_L3_0,45.155660,18.011200,1322,44620.9
SHP_L3_0,45.155620,18.011570,1323,44650.2
SHP_L3_0,45.155590,18.011920,1324,44677.9
SHP_L3_0,45.155560,18.012180,1325,44698.5
SHP_L3_0,45.155520,18.012540,1326,44727.1
SHP_L3_0,45.155500,18.012800,1327,44747.6
SHP_L3_0,45.155450,18.013330,1328,44789.5
SHP_L3_0,45.155420,18.013600,1329,44811.0
SHP_L3_0,45.155380,18.013850,1330,44831.1
SHP_L3_0,45.155360,18.013990,1331,44842.3
SHP_L3_0,45.155360,18.014010,1332,44843.8
SHP_L3_0,45.155300,18.014280,1333,44866.0
SHP_L3_0,45.155290,18.014350,1334,44871.6
SHP_L3_0,45.155290,18.014420,1335,44877.1
SHP_L3_0,45.155280,18.014490,1336,44882.7
SHP_L3_0,45.155280,18.014540,1337,44886.6
SHP_L3_0,45.155270,18.014570,1338,44889.2
SHP_L3_0,45.155250,18.014600,1339,44892.5
SHP_L3_0,45.155230,18.014630,1340,44895.7
SHP_L3_0,45.155230,18.014670,1341,44898.9
SHP_L3_0,45.155230,18.014710,1342,44902.0
SHP_L3_0,45.155240,18.014750,1343,44905.3
SHP_L3_0,45.155240,18.014810,1344,44910.0
SHP_L3_0,45.155240,18.014870,1345,44914.7
SHP_L3_0,45.155230,18.014950,1346,44921.1
SHP_L3_0,45.155190,18.015190,1347,44940.4
SHP_L3_0,45.155180,18.015230,1348,44943.8
SHP_L3_0,45.155090,18.015630,1349,44976.7
SHP_L3_0,45.154970,18.016180,1350,45021.8
SHP_L3_0,45.154900,18.016520,1351,45049.6
SHP_L3_0,45.154880,18.016620,1352,45057.8
SHP_L3_0,45.154590,18.017890,1353,45162.4
SHP_L3_0,45.154480,18.018370,1354,45202.0
SHP_L3_0,45.154450,18.018540,1355,45215.8
SHP_L3_0,45.154420,18.018650,1356,45225.0
SHP_L3_0,45.154240,18.019460,1357,45291.6
SHP_L3_0,45.154220,18.019540,1358,45298.3
SHP_L3_0,45.154190,18.019590,1359,45303.4
SHP_L3_0,45.154170,18.019630,1360,45307.2
SHP_L3_0,45.154130,18.019650,1361,45312.0
SHP_L3_0,45.154100,18.019670,1362,45315.6
SHP_L3_0,45.154040,18.019680,1363,45322.4
SHP_L3_0,45.153990,18.019680,1364,45327.9
SHP_L3_0,45.153620,18.019690,1365,45369.1
SHP_L3_0,45.153520,18.019700,1366,45380.2
SHP_L3_0,45.153480,18.019710,1367,45384.7
SHP_L3_0,45.153460,18.019720,1368,45387.1
SHP_L3_0,45.153430,18.019740,1369,45390.8
SHP_L3_0,45.153410,18.019760,1370,45393.5
SHP_L3_0,45.153400,18.019790,1371,45396.1
SHP_L3_0,45.153360,18.019860,1372,45403.2
SHP_L3_0,45.153330,18.019940,1373,45410.3
SHP_L3_0,45.153310,18.020040,1374,45418.4
SHP_L3_0,45.153260,18.020310,1375,45440.3
SHP_L3_0,45.153240,18.020410,1376,45448.5
SHP_L3_0,45.153230,18.020430,1377,45450.4
SHP_L3_0,45.153220,18.020460,1378,45453.0
SHP_L3_0,45.153210,18.020500,1379,45456.3
SHP_L3_0,45.153210,18.020530,1380,45458.7
SHP_L3_0,45.153220,18.020550,1381,45460.6
SHP_L3_0,45.153230,18.020580,1382,45463.2
SHP_L3_0,45.153250,18.020590,1383,45465.6
SHP_L3_0,45.153290,18.020680,1384,45473.9
SHP_L3_0,45.153320,18.020760,1385,45481.0
SHP_L3_0,45.153390,18.020950,1386,45497.8
SHP_L3_0,45.153390,18.021010,1387,45502.5
SHP_L3_0,45.153400,18.021090,1388,45508.9
SHP_L3_0,45.153400,18.021160,1389,45514.4
SHP_L3_0,45.153400,18.021250,1390,45521.4
SHP_L3_0,45.153370,18.021880,1391,45571.0
SHP_L3_0,45.153370,18.022200,1392,45596.0
SHP_L3_0,45.153370,18.022380,1393,45610.2
SHP_L3_0,45.153370,18.022620,1394,45629.0
SHP_L3_0,45.153380,18.022700,1395,45635.3
SHP_L3_0,45.153390,18.022950,1396,45655.0
SHP_L3_0,45.153400,18.023280,1397,45680.9
SHP_L3_0,45.153410,18.023520,1398,45699.7
SHP_L3_0,45.153500,18.023520,1399,45709.7
SHP_L3_0,45.153550,18.023530,1400,45715.4
SHP_L3_0,45.153590,18.023550,1401,45720.1
SHP_L3_0,45.153880,18.023640,1402,45753.1
SHP_L3_0,45.154370,18.023810,1403,45809.2
SHP_L3_0,45.154490,18.023850,1404,45822.9
SHP_L3_0,45.154570,18.023880,1405,45832.1
SHP_L3_0,45.154620,18.023900,1406,45837.9
SHP_L3_0,45.154770,18.023950,1407,45855.0
SHP_L3_0,45.154860,18.023990,1408,45865.5
SHP_L3_0,45.155620,18.024260,1409,45952.6
SHP_L3_0,45.156080,18.024390,1410,46004.8
SHP_L3_0,45.156160,18.024400,1411,46013.7
SHP_L3_0,45.156220,18.024400,1412,46020.4
SHP_L3_0,45.156290,18.024400,1413,46028.1
SHP_L3_0,45.156380,18.024380,1414,46038.3
SHP_L3_0,45.157900,18.023700,1415,46215.5
SHP_L3_0,45.158390,18.023420,1416,46274.2
SHP_L3_0,45.158510,18.023400,1417,46287.7
SHP_L3_0,45.158570,18.023400,1418,46294.4
SHP_L3_0,45.158610,18.023420,1419,46299.1
SHP_L3_0,45.158620,18.023440,1420,46301.0
SHP_L3_0,45.158640,18.023440,1421,46303.2
SHP_L3_0,45.158660,18.023440,1422,46305.4
SHP_L3_0,45.158690,18.023470,1423,46309.5
SHP_L3_0,45.158710,18.023510,1424,46313.4
SHP_L3_0,45.158740,18.023570,1425,46319.1
SHP_L3_0,45.158880,18.023950,1426,46352.7
SHP_L3_0,45.158890,18.024000,1427,46356.8
SHP_L3_0,45.158900,18.024050,1428,46360.9
SHP_L3_0,45.158900,18.024080,1429,46363.3
SHP_L3_0,45.158910,18.024100,1430,46365.2
SHP_L3_0,45.158930,18.024120,1431,46367.9
SHP_L3_0,45.158960,18.024170,1432,46373.0
SHP_L3_0,45.158990,18.024260,1433,46380.8
SHP_L3_0,45.159040,18.024360,1434,46390.5
SHP_L3_0,45.159010,18.024220,1435,46401.9
SHP_L3_0,45.159010,18.024150,1436,46407.4
SHP_L3_0,45.159010,18.024100,1437,46411.3
SHP_L3_0,45.159020,18.024080,1438,46413.3
SHP_L3_0,45.159060,18.024030,1439,46419.2
SHP_L3_0,45.159160,18.023920,1440,46433.3
SHP_L3_0,45.160040,18.023530,1441,46535.8
SHP_L3_0,45.160310,18.023400,1442,46567.5
SHP_L3_0,45.160430,18.023350,1443,46581.4
SHP_L3_0,45.160560,18.023340,1444,46595.9
SHP_L3_0,45.161000,18.023300,1445,46644.9
SHP_L3_0,45.161070,18.023300,1446,46652.7
SHP_L3_0,45.161120,18.023290,1447,46658.3
SHP_L3_0,45.161150,18.022520,1448,46718.8
SHP_L3_0,45.161250,18.022100,1449,46753.5
SHP_L3_0,45.161280,18.021950,1450,46765.7
SHP_L3_0,45.161290,18.021730,1451,46783.0
SHP_L3_0,45.161330,18.021200,1452,46824.8
SHP_L3_0,45.161360,18.020660,1453,46867.3
SHP_L3_0,45.161390,18.020210,1454,46902.7
SHP_L3_0,45.161400,18.020160,1455,46906.8
SHP_L3_0,45.161410,18.020110,1456,46910.9
SHP_L3_0,45.161440,18.020060,1457,46916.0
SHP_L3_0,45.161460,18.020030,1458,46919.3
SHP_L3_0,45.161470,18.019980,1459,46923.3
SHP_L3_0,45.161480,18.019930,1460,46927.4
SHP_L3_0,45.161470,18.019880,1461,46931.5
SHP_L3_0,45.161450,18.019840,1462,46935.3
SHP_L3_0,45.161430,18.019810,1463,46938.6
SHP_L3_0,45.161410,18.019760,1464,46943.1
SHP_L3_0,45.161390,18.019700,1465,46948.3
SHP_L3_0,45.161380,18.019640,1466,46953.1
SHP_L3_0,45.161370,18.019560,1467,46959.5
SHP_L3_0,45.161410,18.019000,1468,47003.6
SHP_L3_0,45.161470,18.018170,1469,47069.0
SHP_L3_0,45.161470,18.018060,1470,47077.7
SHP_L3_0,45.161480,18.017910,1471,47089.5
SHP_L3_0,45.161510,18.017700,1472,47106.3
SHP_L3_0,45.161540,18.017510,1473,47121.5
SHP_L3_0,45.161550,18.017320,1474,47136.5
SHP_L3_0,45.161560,18.016860,1475,47172.6
SHP_L3_0,45.161570,18.016600,1476,47193.0
SHP_L3_0,45.161580,18.016540,1477,47197.8
SHP_L3_0,45.161590,18.016500,1478,47201.1
SHP_L3_0,45.161620,18.016470,1479,47205.2
SHP_L3_0,45.161650,18.016440,1480,47209.3
SHP_L3_0,45.161680,18.016400,1481,47213.9
SHP_L3_0,45.161700,18.016350,1482,47218.4
SHP_L3_0,45.161710,18.016300,1483,47222.5
SHP_L3_0,45.161710,18.016250,1484,47226.4
SHP_L3_0,45.161700,18.016200,1485,47230.5
SHP_L3_0,45.161680,18.016160,1486,47234.3
SHP_L3_0,45.161650,18.016120,1487,47238.9
SHP_L3_0,45.161620,18.016100,1488,47242.6
SHP_L3_0,45.161610,18.016060,1489,47245.9
SHP_L3_0,45.161600,18.016010,1490,47250.0
SHP_L3_0,45.161600,18.015970,1491,47253.1
SHP_L3_0,45.161600,18.015870,1492,47260.9
SHP_L3_0,45.161630,18.015590,1493,47283.1
SHP_L3_0,45.161660,18.015320,1494,47304.6
SHP_L3_0,45.161680,18.015190,1495,47315.0
SHP_L3_0,45.161700,18.015070,1496,47324.7
SHP_L3_0,45.161730,18.014940,1497,47335.4
SHP_L3_0,45.161770,18.014810,1498,47346.5
SHP_L3_0,45.161790,18.014690,1499,47356.2
SHP_L3_0,45.161800,18.014570,1500,47365.7
SHP_L3_0,45.161860,18.013960,1501,47414.0
SHP_L3_0,45.162090,18.011870,1502,47579.8
SHP_L3_0,45.162100,18.011790,1503,47586.2
SHP_L3_0,45.162120,18.011690,1504,47594.3
SHP_L3_0,45.162130,18.011590,1505,47602.2
SHP_L3_0,45.162150,18.011520,1506,47608.2
SHP_L3_0,45.162160,18.011490,1507,47610.8
SHP_L3_0,45.162170,18.011460,1508,47613.4
SHP_L3_0,45.162200,18.011440,1509,47617.1
SHP_L3_0,45.162220,18.011420,1510,47619.8
SHP_L3_0,45.162260,18.011410,1511,47624.3
SHP_L3_0,45.162300,18.011400,1512,47628.8
SHP_L3_0,45.162330,18.011410,1513,47632.2
SHP_L3_0,45.162360,18.011360,1514,47637.4
SHP_L3_0,45.162370,18.011290,1515,47643.0
SHP_L3_0,45.162370,18.011200,1516,47650.0
SHP_L3_0,45.162370,18.011120,1517,47656.3
SHP_L3_0,45.162360,18.011060,1518,47661.1
SHP_L3_0,45.162280,18.010890,1519,47677.2
SHP_L3_0,45.162260,18.010830,1520,47682.4
SHP_L3_0,45.162260,18.010720,1521,47691.0
SHP_L3_0,45.162330,18.009710,1522,47770.6
SHP_L4_0,45.162330,18.009710,0,0.0
SHP_L4_0,45.162260,18.010720,1,79.6
SHP_L4_0,45.162260,18.010830,2,88.2
SHP_L4_0,45.162280,18.010890,3,93.4
SHP_L4_0,45.162360,18.011060,4,109.4
SHP_L4_0,45.162370,18.011120,5,114.3
SHP_L4_0,45.162370,18.011200,6,120.5
SHP_L4_0,45.162370,18.011290,7,127.6
SHP_L4_0,45.162360,18.011360,8,133.2
SHP_L4_0,45.162330,18.011410,9,138.3
SHP_L4_0,45.162310,18.011460,10,142.8
SHP_L4_0,45.162280,18.011500,11,147.4
SHP_L4_0,45.162250,18.011540,12,152.0
SHP_L4_0,45.162220,18.011560,13,155.7
SHP_L4_0,45.162200,18.011600,14,159.5
SHP_L4_0,45.162130,18.011590,15,167.3
SHP_L4_0,45.162100,18.011580,16,170.8
SHP_L4_0,45.162110,18.011520,17,175.6
SHP_L4_0,45.162110,18.011470,18,179.5
SHP_L4_0,45.162120,18.011440,19,182.1
SHP_L4_0,45.162140,18.011410,20,185.4
SHP_L4_0,45.162160,18.011380,21,188.6
SHP_L4_0,45.162190,18.011350,22,192.7
SHP_L4_0,45.162210,18.011330,23,195.4
SHP_L4_0,45.162230,18.011290,24,199.3
SHP_L4_0,45.162240,18.011250,25,202.6
SHP_L4_0,45.162240,18.011200,26,206.5
SHP_L4_0,45.162240,18.011150,27,210.4
SHP_L4_0,45.162220,18.011110,28,214.3
SHP_L4_0,45.162210,18.011080,29,216.9
SHP_L4_0,45.162190,18.011050,30,220.1
SHP_L4_0,45.162150,18.011010,31,225.5
SHP_L4_0,45.162130,18.011000,32,227.9
SHP_L4_0,45.162090,18.010990,33,232.4
SHP_L4_0,45.162050,18.010980,34,236.9
SHP_L4_0,45.162000,18.011000,35,242.7
SHP_L4_0,45.161960,18.011040,36,248.2
SHP_L4_0,45.161920,18.011080,37,253.6
SHP_L4_0,45.161890,18.011110,38,257.7
SHP_L4_0,45.161850,18.011130,39,262.4
SHP_L4_0,45.161810,18.011130,40,266.8
SHP_L4_0,45.161770,18.011130,41,271.3
SHP_L4_0,45.161600,18.011110,42,290.3
SHP_L4_0,45.161530,18.011100,43,298.1
SHP_L4_0,45.161480,18.011110,44,303.7
SHP_L4_0,45.161430,18.011120,45,309.3
SHP_L4_0,45.161280,18.011100,46,326.1
SHP_L4_0,45.160920,18.011060,47,366.2
SHP_L4_0,45.160660,18.011030,48,395.2
SHP_L4_0,45.160210,18.010980,49,445.4
SHP_L4_0,45.159870,18.010880,50,484.0
SHP_L4_0,45.159850,18.010880,51,486.3
SHP_L4_0,45.159820,18.010860,52,489.9
SHP_L4_0,45.159790,18.010830,53,494.0
SHP_L4_0,45.159770,18.010820,54,496.4
SHP_L4_0,45.159760,18.010810,55,497.7
SHP_L4_0,45.159740,18.010810,56,500.0
SHP_L4_0,45.159720,18.010810,57,502.2
SHP_L4_0,45.159700,18.010830,58,504.9
SHP_L4_0,45.159690,18.010840,59,506.3
SHP_L4_0,45.159640,18.010850,60,511.9
SHP_L4_0,45.159620,18.010860,61,514.2
SHP_L4_0,45.159570,18.010860,62,519.8
SHP_L4_0,45.159450,18.010860,63,533.1
SHP_L4_0,45.159010,18.010810,64,582.2
SHP_L4_0,45.156840,18.010520,65,824.6
SHP_L4_0,45.156750,18.010480,66,835.1
SHP_L4_0,45.156680,18.010460,67,843.0
SHP_L4_0,45.156630,18.010440,68,848.8
SHP_L4_0,45.156300,18.010390,69,885.7
SHP_L4_0,45.156000,18.010340,70,919.3
SHP_L4_0,45.155880,18.010320,71,932.7
SHP_L4_0,45.155860,18.010310,72,935.1
SHP_L4_0,45.155820,18.010290,73,939.8
SHP_L4_0,45.155800,18.010260,74,943.0
SHP_L4_0,45.155770,18.010230,75,947.1
SHP_L4_0,45.155740,18.010220,76,950.5
SHP_L4_0,45.155710,18.010220,77,953.9
SHP_L4_0,45.155670,18.010220,78,958.3
SHP_L4_0,45.155630,18.010200,79,963.0
SHP_L4_0,45.155340,18.010050,80,997.4
SHP_L4_0,45.155530,18.010220,81,1022.3
SHP_L4_0,45.155570,18.010260,82,1027.8
SHP_L4_0,45.155610,18.010310,83,1033.7
SHP_L4_0,45.155630,18.010330,84,1036.4
SHP_L4_0,45.155630,18.010360,85,1038.8
SHP_L4_0,45.155640,18.010410,86,1042.9
SHP_L4_0,45.155660,18.010450,87,1046.7
SHP_L4_0,45.155670,18.010510,88,1051.5
SHP_L4_0,45.155680,18.010580,89,1057.1
SHP_L4_0,45.155680,18.010650,90,1062.6
SHP_L4_0,45.155670,18.010740,91,1069.8
SHP_L4_0,45.155670,18.010840,92,1077.6
SHP_L4_0,45.155670,18.010920,93,1083.9
SHP_L4_0,45.155670,18.010980,94,1088.6
SHP_L4_0,45.155670,18.010990,95,1089.4
SHP_L4_0,45.155670,18.011000,96,1090.2
SHP_L4_0,45.155670,18.011070,97,1095.7
SHP_L4_0,45.155660,18.011200,98,1105.9
SHP_L4_0,45.155620,18.011570,99,1135.3
SHP_L4_0,45.155590,18.011920,100,1162.9
SHP_L4_0,45.155560,18.012180,101,1183.6
SHP_L4_0,45.155520,18.012540,102,1212.1
SHP_L4_0,45.155500,18.012800,103,1232.6
SHP_L4_0,45.155450,18.013330,104,1274.6
SHP_L4_0,45.155420,18.013600,105,1296.0
SHP_L4_0,45.155380,18.013850,106,1316.1
SHP_L4_0,45.155360,18.013990,107,1327.3
SHP_L4_0,45.155360,18.014010,108,1328.9
SHP_L4_0,45.155300,18.014280,109,1351.1
SHP_L4_0,45.155290,18.014350,110,1356.7
SHP_L4_0,45.155290,18.014420,111,1362.2
SHP_L4_0,45.155280,18.014490,112,1367.8
SHP_L4_0,45.155280,18.014540,113,1371.7
SHP_L4_0,45.155270,18.014570,114,1374.3
SHP_L4_0,45.155250,18.014600,115,1377.5
SHP_L4_0,45.155230,18.014630,116,1380.8
SHP_L4_0,45.155230,18.014670,117,1383.9
SHP_L4_0,45.155230,18.014710,118,1387.0
SHP_L4_0,45.155240,18.014750,119,1390.4
SHP_L4_0,45.155240,18.014810,120,1395.1
SHP_L4_0,45.155240,18.014870,121,1399.8
SHP_L4_0,45.155230,18.014950,122,1406.1
SHP_L4_0,45.155190,18.015190,123,1425.5
SHP_L4_0,45.155180,18.015230,124,1428.8
SHP_L4_0,45.155090,18.015630,125,1461.7
SHP_L4_0,45.154970,18.016180,126,1506.9
SHP_L4_0,45.154900,18.016520,127,1534.7
SHP_L4_0,45.154880,18.016620,128,1542.8
SHP_L4_0,45.154590,18.017890,129,1647.5
SHP_L4_0,45.154480,18.018370,130,1687.1
SHP_L4_0,45.154450,18.018540,131,1700.8
SHP_L4_0,45.154420,18.018650,132,1710.0
SHP_L4_0,45.154240,18.019460,133,1776.6
SHP_L4_0,45.154220,18.019540,134,1783.3
SHP_L4_0,45.154190,18.019590,135,1788.4
SHP_L4_0,45.154170,18.019630,136,1792.3
SHP_L4_0,45.154130,18.019650,137,1797.0
SHP_L4_0,45.154100,18.019670,138,1800.7
SHP_L4_0,45.154040,18.019680,139,1807.4
SHP_L4_0,45.153990,18.019680,140,1813.0
SHP_L4_0,45.153620,18.019690,141,1854.1
SHP_L4_0,45.153520,18.019700,142,1865.3
SHP_L4_0,45.153480,18.019710,143,1869.8
SHP_L4_0,45.153460,18.019720,144,1872.1
SHP_L4_0,45.153430,18.019740,145,1875.8
SHP_L4_0,45.153410,18.019760,146,1878.5
SHP_L4_0,45.153400,18.019790,147,1881.2
SHP_L4_0,45.153360,18.019860,148,1888.2
SHP_L4_0,45.153330,18.019940,149,1895.3
SHP_L4_0,45.153310,18.020040,150,1903.5
SHP_L4_0,45.153260,18.020310,151,1925.4
SHP_L4_0,45.153240,18.020410,152,1933.5
SHP_L4_0,45.153230,18.020430,153,1935.4
SHP_L4_0,45.153220,18.020460,154,1938.0
SHP_L4_0,45.153210,18.020500,155,1941.4
SHP_L4_0,45.153210,18.020530,156,1943.7
SHP_L4_0,45.153220,18.020550,157,1945.6
SHP_L4_0,45.153230,18.020580,158,1948.2
SHP_L4_0,45.153250,18.020590,159,1950.6
SHP_L4_0,45.153290,18.020680,160,1958.9
SHP_L4_0,45.153320,18.020760,161,1966.0
SHP_L4_0,45.153390,18.020950,162,1982.9
SHP_L4_0,45.153390,18.021010,163,1987.6
SHP_L4_0,45.153400,18.021090,164,1993.9
SHP_L4_0,45.153400,18.021160,165,1999.4
SHP_L4_0,45.153400,18.021250,166,2006.5
SHP_L4_0,45.153370,18.021880,167,2056.0
SHP_L4_0,45.153370,18.022200,168,2081.1
SHP_L4_0,45.153370,18.022380,169,2095.2
SHP_L4_0,45.153370,18.022620,170,2114.0
SHP_L4_0,45.153380,18.022700,171,2120.4
SHP_L4_0,45.153390,18.022950,172,2140.0
SHP_L4_0,45.153400,18.023280,173,2165.9
SHP_L4_0,45.153410,18.023520,174,2184.8
SHP_L4_0,45.153500,18.023520,175,2194.8
SHP_L4_0,45.153550,18.023530,176,2200.4
SHP_L4_0,45.153590,18.023550,177,2205.1
SHP_L4_0,45.153880,18.023640,178,2238.1
SHP_L4_0,45.154370,18.023810,179,2294.2
SHP_L4_0,45.154490,18.023850,180,2307.9
SHP_L4_0,45.154570,18.023880,181,2317.1
SHP_L4_0,45.154620,18.023900,182,2322.9
SHP_L4_0,45.154770,18.023950,183,2340.0
SHP_L4_0,45.154860,18.023990,184,2350.5
SHP_L4_0,45.155620,18.024260,185,2437.6
SHP_L4_0,45.156080,18.024390,186,2489.8
SHP_L4_0,45.156160,18.024400,187,2498.7
SHP_L4_0,45.156220,18.024400,188,2505.4
SHP_L4_0,45.156290,18.024400,189,2513.2
SHP_L4_0,45.156380,18.024380,190,2523.3
SHP_L4_0,45.157900,18.023700,191,2700.5
SHP_L4_0,45.158390,18.023420,192,2759.3
SHP_L4_0,45.158510,18.023400,193,2772.7
SHP_L4_0,45.158570,18.023400,194,2779.4
SHP_L4_0,45.158610,18.023420,195,2784.1
SHP_L4_0,45.158620,18.023440,196,2786.0
SHP_L4_0,45.158640,18.023440,197,2788.3
SHP_L4_0,45.158660,18.023440,198,2790.5
SHP_L4_0,45.158680,18.023430,199,2792.8
SHP_L4_0,45.158700,18.023420,200,2795.2
SHP_L4_0,45.158710,18.023400,201,2797.1
SHP_L4_0,45.158720,18.023370,202,2799.7
SHP_L4_0,45.158720,18.023340,203,2802.1
SHP_L4_0,45.158710,18.023310,204,2804.7
SHP_L4_0,45.158700,18.023280,205,2807.3
SHP_L4_0,45.158690,18.023270,206,2808.6
SHP_L4_0,45.158680,18.023260,207,2810.0
SHP_L4_0,45.158660,18.023200,208,2815.2
SHP_L4_0,45.158610,18.023080,209,2826.1
SHP_L4_0,45.158570,18.022980,210,2835.1
SHP_L4_0,45.158520,18.022900,211,2843.5
SHP_L4_0,45.158590,18.023140,212,2863.9
SHP_L4_0,45.158600,18.023220,213,2870.3
SHP_L4_0,45.158600,18.023290,214,2875.8
SHP_L4_0,45.158590,18.023320,215,2878.4
SHP_L4_0,45.158390,18.023420,216,2901.9
SHP_L4_0,45.158510,18.023400,217,2915.4
SHP_L4_0,45.158570,18.023400,218,2922.0
SHP_L4_0,45.158610,18.023420,219,2926.8
SHP_L4_0,45.158620,18.023440,220,2928.7
SHP_L4_0,45.158640,18.023440,221,2930.9
SHP_L4_0,45.158660,18.023440,222,2933.1
SHP_L4_0,45.158690,18.023470,223,2937.2
SHP_L4_0,45.158710,18.023510,224,2941.1
SHP_L4_0,45.158740,18.023570,225,2946.8
SHP_L4_0,45.158880,18.023950,226,2980.4
SHP_L4_0,45.158890,18.024000,227,2984.5
SHP_L4_0,45.158900,18.024050,228,2988.6
SHP_L4_0,45.158900,18.024080,229,2990.9
SHP_L4_0,45.158910,18.024100,230,2992.9
SHP_L4_0,45.158930,18.024120,231,2995.6
SHP_L4_0,45.158960,18.024170,232,3000.7
SHP_L4_0,45.158990,18.024260,233,3008.5
SHP_L4_0,45.159040,18.024360,234,3018.2
SHP_L4_0,45.159250,18.025070,235,3078.5
SHP_L4_0,45.159550,18.026210,236,3173.9
SHP_L4_0,45.159880,18.027550,237,3285.2
SHP_L4_0,45.159930,18.027740,238,3301.1
SHP_L4_0,45.159950,18.027930,239,3316.2
SHP_L4_0,45.159950,18.027940,240,3317.0
SHP_L4_0,45.159950,18.028020,241,3323.2
SHP_L4_0,45.159950,18.028110,242,3330.3
SHP_L4_0,45.159920,18.028150,243,3334.9
SHP_L4_0,45.159870,18.028240,244,3343.9
SHP_L4_0,45.159850,18.028330,245,3351.3
SHP_L4_0,45.159850,18.028400,246,3356.7
SHP_L4_0,45.159850,18.028470,247,3362.2
SHP_L4_0,45.159880,18.028560,248,3370.0
SHP_L4_0,45.159890,18.028610,249,3374.1
SHP_L4_0,45.159880,18.028690,250,3380.5
SHP_L4_0,45.159870,18.028760,251,3386.1
SHP_L4_0,45.159860,18.028810,252,3390.2
SHP_L4_0,45.159830,18.028880,253,3396.6
SHP_L4_0,45.159780,18.028950,254,3404.4
SHP_L4_0,45.159560,18.029130,255,3432.6
SHP_L4_0,45.159300,18.029290,256,3464.1
SHP_L4_0,45.159430,18.029560,257,3489.8
SHP_L4_0,45.159300,18.029290,258,3515.4
SHP_L4_0,45.159560,18.029130,259,3546.9
SHP_L4_0,45.159780,18.028950,260,3575.2
SHP_L4_0,45.159840,18.028930,261,3582.0
SHP_L4_0,45.159880,18.028900,262,3587.1
SHP_L4_0,45.159920,18.028860,263,3592.5
SHP_L4_0,45.159990,18.028790,264,3602.0
SHP_L4_0,45.160010,18.028770,265,3604.7
SHP_L4_0,45.160040,18.028760,266,3608.2
SHP_L4_0,45.160090,18.028770,267,3613.8
SHP_L4_0,45.160140,18.028810,268,3620.2
SHP_L4_0,45.160180,18.028860,269,3626.1
SHP_L4_0,45.160210,18.028910,270,3631.2
SHP_L4_0,45.160290,18.029110,271,3649.3
SHP_L4_0,45.160360,18.029440,272,3676.3
SHP_L4_0,45.160430,18.029660,273,3695.2
SHP_L4_0,45.160500,18.029850,274,3712.0
SHP_L4_0,45.160560,18.030000,275,3725.6
SHP_L4_0,45.160640,18.030160,276,3740.9
SHP_L4_0,45.160700,18.030270,277,3751.8
SHP_L4_0,45.160800,18.030470,278,3771.1
SHP_L4_0,45.160930,18.030680,279,3793.0
SHP_L4_0,45.161440,18.031590,280,3884.1
SHP_L4_0,45.161950,18.032480,281,3974.0
SHP_L4_0,45.162290,18.033020,282,4030.8
SHP_L4_0,45.162830,18.033890,283,4121.7
SHP_L4_0,45.163420,18.034850,284,4221.5
SHP_L4_0,45.163410,18.034790,285,4226.3
SHP_L4_0,45.163390,18.034710,286,4233.0
SHP_L4_0,45.163350,18.034630,287,4240.7
SHP_L4_0,45.163300,18.034550,288,4249.1
SHP_L4_0,45.162950,18.033970,289,4308.9
SHP_L4_0,45.162880,18.033850,290,4321.1
SHP_L4_0,45.162320,18.032920,291,4417.0
SHP_L4_0,45.162290,18.032870,292,4422.2
SHP_L4_0,45.162240,18.032840,293,4428.2
SHP_L4_0,45.162220,18.033140,294,4451.8
SHP_L4_0,45.162210,18.033290,295,4463.6
SHP_L4_0,45.162260,18.033290,296,4469.2
SHP_L4_0,45.162270,18.033250,297,4472.5
SHP_L4_0,45.162290,18.033240,298,4474.9
SHP_L4_0,45.162300,18.033240,299,4476.0
SHP_L4_0,45.162320,18.033270,300,4479.2
SHP_L4_0,45.162720,18.033910,301,4546.3
SHP_L4_0,45.163270,18.034790,302,4638.5
SHP_L4_0,45.163600,18.035280,303,4691.6
SHP_L4_0,45.163660,18.035370,304,4701.3
SHP_L4_0,45.163710,18.035460,305,4710.3
SHP_L4_0,45.163810,18.035600,306,4725.9
SHP_L4_0,45.163810,18.035610,307,4726.7
SHP_L4_0,45.163960,18.035850,308,4751.9
SHP_L4_0,45.164070,18.035870,309,4764.2
SHP_L4_0,45.164410,18.036380,310,4819.2
SHP_L4_0,45.164840,18.037070,311,4891.4
SHP_L4_0,45.165170,18.037530,312,4942.9
SHP_L4_0,45.165240,18.037640,313,4954.5
SHP_L4_0,45.165350,18.037780,314,4970.9
SHP_L4_0,45.165460,18.037910,315,4986.8
SHP_L4_0,45.165660,18.038100,316,5013.6
SHP_L4_0,45.165940,18.038370,317,5051.3
SHP_L4_0,45.166060,18.038500,318,5068.0
SHP_L4_0,45.166170,18.038600,319,5082.6
SHP_L4_0,45.166460,18.038880,320,5121.6
SHP_L4_0,45.166800,18.039200,321,5167.0
SHP_L4_0,45.167180,18.039550,322,5217.3
SHP_L4_0,45.167190,18.039560,323,5218.7
SHP_L4_0,45.167680,18.040020,324,5284.0
SHP_L4_0,45.168010,18.040310,325,5327.2
SHP_L4_0,45.168230,18.040510,326,5356.3
SHP_L4_0,45.168620,18.040840,327,5406.8
SHP_L4_0,45.169470,18.041560,328,5516.8
SHP_L4_0,45.169960,18.041980,329,5580.5
SHP_L4_0,45.170760,18.042650,330,5683.8
SHP_L4_0,45.171050,18.042900,331,5721.5
SHP_L4_0,45.171160,18.042990,332,5735.7
SHP_L4_0,45.171570,18.043330,333,5788.5
SHP_L4_0,45.171650,18.043420,334,5799.8
SHP_L4_0,45.172240,18.043920,335,5876.2
SHP_L4_0,45.172390,18.044070,336,5896.7
SHP_L4_0,45.172510,18.044190,337,5913.0
SHP_L4_0,45.172640,18.044350,338,5932.1
SHP_L4_0,45.172730,18.044460,339,5945.3
SHP_L4_0,45.172850,18.044630,340,5964.2
SHP_L4_0,45.173010,18.044870,341,5990.1
SHP_L4_0,45.173110,18.045050,342,6008.0
SHP_L4_0,45.173200,18.045250,343,6026.6
SHP_L4_0,45.173430,18.045760,344,6074.1
SHP_L4_0,45.173540,18.046070,345,6101.3
SHP_L4_0,45.173820,18.046930,346,6175.6
SHP_L4_0,45.173920,18.047240,347,6202.3
SHP_L4_0,45.173920,18.047260,348,6203.9
SHP_L4_0,45.174000,18.047550,349,6228.3
SHP_L4_0,45.174070,18.047810,350,6250.1
SHP_L4_0,45.174170,18.048220,351,6284.1
SHP_L4_0,45.174340,18.048950,352,6344.4
SHP_L4_0,45.174360,18.049040,353,6351.7
SHP_L4_0,45.174480,18.049560,354,6394.6
SHP_L4_0,45.174690,18.050390,355,6463.8
SHP_L4_0,45.174710,18.050480,356,6471.2
SHP_L4_0,45.174740,18.050600,357,6481.1
SHP_L4_0,45.174880,18.051130,358,6525.5
SHP_L4_0,45.174940,18.051340,359,6543.3
SHP_L4_0,45.175020,18.051650,360,6569.1
SHP_L4_0,45.175140,18.052110,361,6607.6
SHP_L4_0,45.175290,18.052690,362,6656.0
SHP_L4_0,45.175330,18.052840,363,6668.6
SHP_L4_0,45.175430,18.053300,364,6706.3
SHP_L4_0,45.175440,18.053370,365,6711.9
SHP_L4_0,45.175440,18.053390,366,6713.5
SHP_L4_0,45.175450,18.053460,367,6719.1
SHP_L4_0,45.175440,18.053570,368,6727.8
SHP_L4_0,45.175440,18.053620,369,6731.7
SHP_L4_0,45.175440,18.053680,370,6736.4
SHP_L4_0,45.175450,18.053720,371,6739.7
SHP_L4_0,45.175480,18.053770,372,6744.9
SHP_L4_0,45.175520,18.053800,373,6749.9
SHP_L4_0,45.175560,18.053820,374,6754.6
SHP_L4_0,45.175600,18.053810,375,6759.1
SHP_L4_0,45.175620,18.053810,376,6761.4
SHP_L4_0,45.175680,18.053800,377,6768.1
SHP_L4_0,45.175710,18.053820,378,6771.8
SHP_L4_0,45.175750,18.053830,379,6776.3
SHP_L4_0,45.175760,18.053840,380,6777.6
SHP_L4_0,45.175820,18.053880,381,6785.0
SHP_L4_0,45.175830,18.053890,382,6786.4
SHP_L4_0,45.175950,18.054070,383,6805.8
SHP_L4_0,45.176460,18.054950,384,6895.1
SHP_L4_0,45.176500,18.055010,385,6901.6
SHP_L4_0,45.177150,18.053870,386,7016.5
SHP_L4_0,45.180440,18.048200,387,7592.1
SHP_L4_0,45.180670,18.047790,388,7633.2
SHP_L4_0,45.180680,18.047780,389,7634.6
SHP_L4_0,45.181000,18.047230,390,7690.4
SHP_L4_0,45.179520,18.046710,391,7860.0
SHP_L4_0,45.179420,18.047260,392,7904.5
SHP_L4_0,45.179300,18.047960,393,7961.0
SHP_L4_0,45.179420,18.047260,394,8017.4
SHP_L4_0,45.179520,18.046710,395,8062.0
SHP_L4_0,45.177160,18.045900,396,8331.9
SHP_L4_0,45.176520,18.045690,397,8405.0
SHP_L4_0,45.176280,18.045600,398,8432.6
SHP_L4_0,45.174970,18.045200,399,8581.6
SHP_L4_0,45.175300,18.043470,400,8722.1
SHP_L4_0,45.175490,18.042500,401,8801.0
SHP_L4_0,45.175560,18.042150,402,8829.5
SHP_L4_0,45.175880,18.040410,403,8970.5
SHP_L4_0,45.176680,18.036420,404,9295.6
SHP_L4_0,45.175890,18.036110,405,9386.8
SHP_L4_0,45.175110,18.035830,406,9476.2
SHP_L4_0,45.174450,18.035580,407,9552.2
SHP_L4_0,45.175240,18.031320,408,9897.5
SHP_L4_0,45.175730,18.028720,409,10108.4
SHP_L4_0,45.175790,18.028330,410,10139.7
SHP_L4_0,45.175970,18.027360,411,10218.4
SHP_L4_0,45.175180,18.027070,412,10309.1
SHP_L4_0,45.174850,18.026940,413,10347.2
SHP_L4_0,45.174460,18.026800,414,10391.9
SHP_L4_0,45.173770,18.026540,415,10471.3
SHP_L4_0,45.173560,18.026460,416,10495.5
SHP_L4_0,45.173480,18.026920,417,10532.6
SHP_L4_0,45.173420,18.027270,418,10560.8
SHP_L4_0,45.173390,18.027460,419,10576.1
SHP_L4_0,45.172920,18.030030,420,10784.2
SHP_L4_0,45.172840,18.030480,421,10820.6
SHP_L4_0,45.172480,18.032530,422,10986.2
SHP_L4_0,45.172420,18.032880,423,11014.5
SHP_L4_0,45.172320,18.033480,424,11062.8
SHP_L4_0,45.172270,18.033770,425,11086.2
SHP_L4_0,45.172080,18.034780,426,11168.1
SHP_L4_0,45.171990,18.035310,427,11210.9
SHP_L4_0,45.171960,18.035470,428,11223.9
SHP_L4_0,45.171800,18.036340,429,11294.3
SHP_L4_0,45.171580,18.037720,430,11405.2
SHP_L4_0,45.171570,18.037780,431,11410.1
SHP_L4_0,45.171370,18.038670,432,11483.3
SHP_L4_0,45.172120,18.039340,433,11581.9
SHP_L4_0,45.173520,18.040580,434,11765.4
SHP_L4_0,45.173650,18.039900,435,11820.6
SHP_L4_0,45.173520,18.040580,436,11875.9
SHP_L4_0,45.173380,18.041300,437,11934.4
SHP_L4_0,45.173000,18.043260,438,12093.7
SHP_L4_0,45.172830,18.044260,439,12174.4
SHP_L4_0,45.172810,18.044320,440,12179.6
SHP_L4_0,45.172780,18.044380,441,12185.3
SHP_L4_0,45.172730,18.044460,442,12193.7
SHP_L4_0,45.172850,18.044630,443,12212.6
SHP_L4_0,45.173010,18.044870,444,12238.5
SHP_L4_0,45.173050,18.044840,445,12243.5
SHP_L4_0,45.173150,18.044820,446,12254.7
SHP_L4_0,45.173310,18.044830,447,12272.6
SHP_L4_0,45.174430,18.045070,448,12398.5
SHP_L4_0,45.174970,18.045200,449,12459.4
SHP_L4_0,45.176280,18.045600,450,12608.4
SHP_L4_0,45.176520,18.045690,451,12636.0
SHP_L4_0,45.177160,18.045900,452,12709.1
SHP_L4_0,45.179520,18.046710,453,12979.0
SHP_L4_0,45.181000,18.047230,454,13148.6
SHP_L4_0,45.180680,18.047780,455,13204.5
SHP_L4_0,45.180670,18.047790,456,13205.8
SHP_L4_0,45.180440,18.048200,457,13246.9
SHP_L4_0,45.177150,18.053870,458,13822.5
SHP_L4_0,45.176500,18.055010,459,13937.5
SHP_L4_0,45.176460,18.054950,460,13943.9
SHP_L4_0,45.175950,18.054070,461,14033.2
SHP_L4_0,45.175830,18.053890,462,14052.7
SHP_L4_0,45.175820,18.053880,463,14054.0
SHP_L4_0,45.175790,18.053820,464,14059.8
SHP_L4_0,45.175780,18.053800,465,14061.7
SHP_L4_0,45.175740,18.053710,466,14070.0
SHP_L4_0,45.175710,18.053630,467,14077.1
SHP_L4_0,45.175710,18.053600,468,14079.5
SHP_L4_0,45.175700,18.053570,469,14082.1
SHP_L4_0,45.175690,18.053520,470,14086.2
SHP_L4_0,45.175660,18.053480,471,14090.7
SHP_L4_0,45.175630,18.053450,472,14094.8
SHP_L4_0,45.175600,18.053440,473,14098.3
SHP_L4_0,45.175580,18.053430,474,14100.6
SHP_L4_0,45.175550,18.053380,475,14105.8
SHP_L4_0,45.175520,18.053340,476,14110.3
SHP_L4_0,45.175510,18.053320,477,14112.3
SHP_L4_0,45.175480,18.053230,478,14120.1
SHP_L4_0,45.175430,18.053100,479,14131.7
SHP_L4_0,45.175400,18.052990,480,14140.9
SHP_L4_0,45.175370,18.052910,481,14148.0
SHP_L4_0,45.175330,18.052840,482,14155.1
SHP_L4_0,45.175290,18.052690,483,14167.7
SHP_L4_0,45.175140,18.052110,484,14216.1
SHP_L4_0,45.175020,18.051650,485,14254.5
SHP_L4_0,45.174940,18.051340,486,14280.4
SHP_L4_0,45.174880,18.051130,487,14298.2
SHP_L4_0,45.174740,18.050600,488,14342.5
SHP_L4_0,45.174710,18.050480,489,14352.5
SHP_L4_0,45.174690,18.050390,490,14359.9
SHP_L4_0,45.174480,18.049560,491,14429.0
SHP_L4_0,45.174360,18.049040,492,14471.9
SHP_L4_0,45.174340,18.048950,493,14479.3
SHP_L4_0,45.174170,18.048220,494,14539.6
SHP_L4_0,45.174070,18.047810,495,14573.6
SHP_L4_0,45.174000,18.047550,496,14595.4
SHP_L4_0,45.173920,18.047260,497,14619.8
SHP_L4_0,45.173920,18.047240,498,14621.4
SHP_L4_0,45.173820,18.046930,499,14648.1
SHP_L4_0,45.173540,18.046070,500,14722.4
SHP_L4_0,45.173430,18.045760,501,14749.6
SHP_L4_0,45.173200,18.045250,502,14797.0
SHP_L4_0,45.173110,18.045050,503,14815.6
SHP_L4_0,45.173010,18.044870,504,14833.6
SHP_L4_0,45.172850,18.044630,505,14859.5
SHP_L4_0,45.172730,18.044460,506,14878.4
SHP_L4_0,45.172640,18.044350,507,14891.6
SHP_L4_0,45.172510,18.044190,508,14910.7
SHP_L4_0,45.172390,18.044070,509,14927.0
SHP_L4_0,45.172240,18.043920,510,14947.4
SHP_L4_0,45.171650,18.043420,511,15023.9
SHP_L4_0,45.171570,18.043330,512,15035.2
SHP_L4_0,45.171160,18.042990,513,15088.0
SHP_L4_0,45.171050,18.042900,514,15102.1
SHP_L4_0,45.170760,18.042650,515,15139.9
SHP_L4_0,45.169960,18.041980,516,15243.2
SHP_L4_0,45.169470,18.041560,517,15306.8
SHP_L4_0,45.168620,18.040840,518,15416.9
SHP_L4_0,45.168230,18.040510,519,15467.4
SHP_L4_0,45.168010,18.040310,520,15496.5
SHP_L4_0,45.167680,18.040020,521,15539.6
SHP_L4_0,45.167190,18.039560,522,15605.0
SHP_L4_0,45.167180,18.039550,523,15606.3
SHP_L4_0,45.166800,18.039200,524,15656.7
SHP_L4_0,45.166460,18.038880,525,15702.1
SHP_L4_0,45.166170,18.038600,526,15741.1
SHP_L4_0,45.166060,18.038500,527,15755.6
SHP_L4_0,45.165940,18.038370,528,15772.4
SHP_L4_0,45.165660,18.038100,529,15810.1
SHP_L4_0,45.165460,18.037910,530,15836.8
SHP_L4_0,45.165350,18.037780,531,15852.8
SHP_L4_0,45.165240,18.037640,532,15869.2
SHP_L4_0,45.165170,18.037530,533,15880.8
SHP_L4_0,45.164840,18.037070,534,15932.3
SHP_L4_0,45.164410,18.036380,535,16004.5
SHP_L4_0,45.164070,18.035870,536,16059.5
SHP_L4_0,45.163860,18.035540,537,16094.3
SHP_L4_0,45.163700,18.035310,538,16119.7
SHP_L4_0,45.163620,18.035180,539,16133.2
SHP_L4_0,45.163420,18.034850,540,16167.3
SHP_L4_0,45.163410,18.034790,541,16172.2
SHP_L4_0,45.163390,18.034710,542,16178.8
SHP_L4_0,45.163350,18.034630,543,16186.5
SHP_L4_0,45.163300,18.034550,544,16194.9
SHP_L4_0,45.162950,18.033970,545,16254.7
SHP_L4_0,45.162880,18.033850,546,16266.9
SHP_L4_0,45.162320,18.032920,547,16362.8
SHP_L4_0,45.162290,18.032870,548,16368.0
SHP_L4_0,45.162240,18.032840,549,16374.0
SHP_L4_0,45.162220,18.033140,550,16397.6
SHP_L4_0,45.162210,18.033290,551,16409.4
SHP_L4_0,45.162260,18.033290,552,16415.0
SHP_L4_0,45.162270,18.033250,553,16418.3
SHP_L4_0,45.162290,18.033240,554,16420.7
SHP_L4_0,45.162300,18.033240,555,16421.8
SHP_L4_0,45.162320,18.033270,556,16425.0
SHP_L4_0,45.162720,18.033910,557,16492.1
SHP_L4_0,45.163270,18.034790,558,16584.3
SHP_L4_0,45.163600,18.035280,559,16637.4
SHP_L4_0,45.163660,18.035370,560,16647.1
SHP_L4_0,45.163710,18.035460,561,16656.1
SHP_L4_0,45.163810,18.035600,562,16671.7
SHP_L4_0,45.163810,18.035610,563,16672.5
SHP_L4_0,45.163960,18.035850,564,16697.7
SHP_L4_0,45.164070,18.035870,565,16710.0
SHP_L4_0,45.163860,18.035540,566,16744.9
SHP_L4_0,45.163700,18.035310,567,16770.2
SHP_L4_0,45.163620,18.035180,568,16783.7
SHP_L4_0,45.163420,18.034850,569,16817.8
SHP_L4_0,45.162830,18.033890,570,16917.7
SHP_L4_0,45.162290,18.033020,571,17008.5
SHP_L4_0,45.161950,18.032480,572,17065.3
SHP_L4_0,45.161440,18.031590,573,17155.2
SHP_L4_0,45.160930,18.030680,574,17246.4
SHP_L4_0,45.160800,18.030470,575,17268.3
SHP_L4_0,45.160700,18.030270,576,17287.5
SHP_L4_0,45.160640,18.030160,577,17298.4
SHP_L4_0,45.160560,18.030000,578,17313.8
SHP_L4_0,45.160500,18.029850,579,17327.3
SHP_L4_0,45.160430,18.029660,580,17344.1
SHP_L4_0,45.160360,18.029440,581,17363.0
SHP_L4_0,45.160290,18.029110,582,17390.1
SHP_L4_0,45.160280,18.028990,583,17399.5
SHP_L4_0,45.160270,18.028870,584,17409.0
SHP_L4_0,45.160280,18.028790,585,17415.4
SHP_L4_0,45.160290,18.028710,586,17421.7
SHP_L4_0,45.160300,18.028660,587,17425.8
SHP_L4_0,45.160330,18.028600,588,17431.6
SHP_L4_0,45.160360,18.028520,589,17438.7
SHP_L4_0,45.160370,18.028420,590,17446.6
SHP_L4_0,45.160360,18.028330,591,17453.8
SHP_L4_0,45.160350,18.028270,592,17458.6
SHP_L4_0,45.160340,18.028220,593,17462.7
SHP_L4_0,45.160290,18.028140,594,17471.0
SHP_L4_0,45.160250,18.028090,595,17477.0
SHP_L4_0,45.160200,18.028050,596,17483.4
SHP_L4_0,45.160150,18.028030,597,17489.1
SHP_L4_0,45.160100,18.028030,598,17494.7
SHP_L4_0,45.160040,18.028040,599,17501.4
SHP_L4_0,45.159990,18.028070,600,17507.4
SHP_L4_0,45.159950,18.028110,601,17512.9
SHP_L4_0,45.159920,18.028150,602,17517.5
SHP_L4_0,45.159870,18.028240,603,17526.5
SHP_L4_0,45.159850,18.028330,604,17533.9
SHP_L4_0,45.159850,18.028400,605,17539.3
SHP_L4_0,45.159850,18.028470,606,17544.8
SHP_L4_0,45.159880,18.028560,607,17552.6
SHP_L4_0,45.159890,18.028610,608,17556.7
SHP_L4_0,45.159880,18.028690,609,17563.1
SHP_L4_0,45.159870,18.028760,610,17568.7
SHP_L4_0,45.159860,18.028810,611,17572.8
SHP_L4_0,45.159830,18.028880,612,17579.2
SHP_L4_0,45.159780,18.028950,613,17587.0
SHP_L4_0,45.159560,18.029130,614,17615.2
SHP_L4_0,45.159300,18.029290,615,17646.7
SHP_L4_0,45.159430,18.029560,616,17672.4
SHP_L4_0,45.159300,18.029290,617,17698.0
SHP_L4_0,45.159560,18.029130,618,17729.5
SHP_L4_0,45.159780,18.028950,619,17757.8
SHP_L4_0,45.159840,18.028930,620,17764.6
SHP_L4_0,45.159880,18.028900,621,17769.7
SHP_L4_0,45.159920,18.028860,622,17775.1
SHP_L4_0,45.159990,18.028790,623,17784.6
SHP_L4_0,45.160010,18.028770,624,17787.3
SHP_L4_0,45.160040,18.028760,625,17790.8
SHP_L4_0,45.160090,18.028770,626,17796.4
SHP_L4_0,45.160150,18.028770,627,17803.1
SHP_L4_0,45.160210,18.028740,628,17810.1
SHP_L4_0,45.160250,18.028710,629,17815.2
SHP_L4_0,45.160300,18.028660,630,17822.0
SHP_L4_0,45.160330,18.028600,631,17827.7
SHP_L4_0,45.160360,18.028520,632,17834.8
SHP_L4_0,45.160370,18.028420,633,17842.8
SHP_L4_0,45.160360,18.028330,634,17849.9
SHP_L4_0,45.160350,18.028270,635,17854.7
SHP_L4_0,45.160340,18.028220,636,17858.8
SHP_L4_0,45.160290,18.028140,637,17867.2
SHP_L4_0,45.160250,18.028090,638,17873.1
SHP_L4_0,45.160200,18.028050,639,17879.5
SHP_L4_0,45.160150,18.028030,640,17885.3
SHP_L4_0,45.160100,18.028030,641,17890.8
SHP_L4_0,45.160070,18.027990,642,17895.4
SHP_L4_0,45.160020,18.027930,643,17902.7
SHP_L4_0,45.160010,18.027910,644,17904.6
SHP_L4_0,45.159930,18.027740,645,17920.7
SHP_L4_0,45.159880,18.027550,646,17936.6
SHP_L4_0,45.159550,18.026210,647,18047.8
SHP_L4_0,45.159250,18.025070,648,18143.2
SHP_L4_0,45.159040,18.024360,649,18203.6
SHP_L4_0,45.159010,18.024220,650,18215.1
SHP_L4_0,45.159010,18.024150,651,18220.6
SHP_L4_0,45.159010,18.024100,652,18224.5
SHP_L4_0,45.159020,18.024080,653,18226.4
SHP_L4_0,45.159060,18.024030,654,18232.3
SHP_L4_0,45.159160,18.023920,655,18246.4
SHP_L4_0,45.159030,18.023970,656,18261.4
SHP_L4_0,45.158980,18.023970,657,18267.0
SHP_L4_0,45.158970,18.023970,658,18268.1
SHP_L4_0,45.158950,18.023970,659,18270.3
SHP_L4_0,45.158940,18.023960,660,18271.7
SHP_L4_0,45.158930,18.023940,661,18273.6
SHP_L4_0,45.158910,18.023910,662,18276.8
SHP_L4_0,45.158880,18.023830,663,18283.9
SHP_L4_0,45.158800,18.023600,664,18304.0
SHP_L4_0,45.158750,18.023480,665,18315.0
SHP_L4_0,45.158730,18.023420,666,18320.2
SHP_L4_0,45.158720,18.023370,667,18324.2
SHP_L4_0,45.158720,18.023340,668,18326.6
SHP_L4_0,45.158710,18.023310,669,18329.2
SHP_L4_0,45.158700,18.023280,670,18331.8
SHP_L4_0,45.158690,18.023270,671,18333.2
SHP_L4_0,45.158680,18.023260,672,18334.5
SHP_L4_0,45.158660,18.023200,673,18339.7
SHP_L4_0,45.158610,18.023080,674,18350.6
SHP_L4_0,45.158570,18.022980,675,18359.7
SHP_L4_0,45.158520,18.022900,676,18368.0
SHP_L4_0,45.158590,18.023140,677,18388.4
SHP_L4_0,45.158600,18.023220,678,18394.8
SHP_L4_0,45.158600,18.023290,679,18400.3
SHP_L4_0,45.158590,18.023320,680,18402.9
SHP_L4_0,45.158390,18.023420,681,18426.4
SHP_L4_0,45.157900,18.023700,682,18485.2
SHP_L4_0,45.156380,18.024380,683,18662.4
SHP_L4_0,45.156290,18.024400,684,18672.5
SHP_L4_0,45.156220,18.024400,685,18680.3
SHP_L4_0,45.156160,18.024400,686,18687.0
SHP_L4_0,45.156080,18.024390,687,18695.9
SHP_L4_0,45.155620,18.024260,688,18748.1
SHP_L4_0,45.154860,18.023990,689,18835.2
SHP_L4_0,45.154770,18.023950,690,18845.7
SHP_L4_0,45.154620,18.023900,691,18862.8
SHP_L4_0,45.154570,18.023880,692,18868.6
SHP_L4_0,45.154490,18.023850,693,18877.8
SHP_L4_0,45.154370,18.023810,694,18891.5
SHP_L4_0,45.153880,18.023640,695,18947.6
SHP_L4_0,45.153590,18.023550,696,18980.6
SHP_L4_0,45.153550,18.023530,697,18985.3
SHP_L4_0,45.153500,18.023520,698,18990.9
SHP_L4_0,45.153410,18.023520,699,19001.0
SHP_L4_0,45.153400,18.023280,700,19019.8
SHP_L4_0,45.153390,18.022950,701,19045.7
SHP_L4_0,45.153380,18.022700,702,19065.3
SHP_L4_0,45.153370,18.022620,703,19071.7
SHP_L4_0,45.153370,18.022380,704,19090.5
SHP_L4_0,45.153370,18.022200,705,19104.7
SHP_L4_0,45.153370,18.021880,706,19129.7
SHP_L4_0,45.153400,18.021250,707,19179.3
SHP_L4_0,45.153400,18.021160,708,19186.3
SHP_L4_0,45.153400,18.021090,709,19191.8
SHP_L4_0,45.153390,18.021010,710,19198.2
SHP_L4_0,45.153390,18.020950,711,19202.9
SHP_L4_0,45.153360,18.020740,712,19219.7
SHP_L4_0,45.153350,18.020660,713,19226.1
SHP_L4_0,45.153350,18.020620,714,19229.2
SHP_L4_0,45.153350,18.020570,715,19233.1
SHP_L4_0,45.153370,18.020540,716,19236.3
SHP_L4_0,45.153370,18.020510,717,19238.7
SHP_L4_0,45.153370,18.020470,718,19241.8
SHP_L4_0,45.153360,18.020440,719,19244.4
SHP_L4_0,45.153340,18.020410,720,19247.7
SHP_L4_0,45.153320,18.020400,721,19250.0
SHP_L4_0,45.153320,18.020340,722,19254.7
SHP_L4_0,45.153320,18.020280,723,19259.4
SHP_L4_0,45.153360,18.020060,724,19277.3
SHP_L4_0,45.153380,18.019970,725,19284.7
SHP_L4_0,45.153390,18.019890,726,19291.0
SHP_L4_0,45.153400,18.019790,727,19299.0
SHP_L4_0,45.153410,18.019760,728,19301.6
SHP_L4_0,45.153430,18.019740,729,19304.3
SHP_L4_0,45.153460,18.019720,730,19308.0
SHP_L4_0,45.153480,18.019710,731,19310.3
SHP_L4_0,45.153520,18.019700,732,19314.8
SHP_L4_0,45.153620,18.019690,733,19326.0
SHP_L4_0,45.153990,18.019680,734,19367.1
SHP_L4_0,45.154040,18.019680,735,19372.7
SHP_L4_0,45.154100,18.019670,736,19379.4
SHP_L4_0,45.154130,18.019650,737,19383.1
SHP_L4_0,45.154170,18.019630,738,19387.8
SHP_L4_0,45.154190,18.019590,739,19391.7
SHP_L4_0,45.154220,18.019540,740,19396.8
SHP_L4_0,45.154240,18.019460,741,19403.5
SHP_L4_0,45.154420,18.018650,742,19470.1
SHP_L4_0,45.154450,18.018540,743,19479.3
SHP_L4_0,45.154480,18.018370,744,19493.0
SHP_L4_0,45.154590,18.017890,745,19532.6
SHP_L4_0,45.154880,18.016620,746,19637.3
SHP_L4_0,45.154900,18.016520,747,19645.4
SHP_L4_0,45.154970,18.016180,748,19673.2
SHP_L4_0,45.155090,18.015630,749,19718.4
SHP_L4_0,45.155180,18.015230,750,19751.3
SHP_L4_0,45.155190,18.015190,751,19754.6
SHP_L4_0,45.155240,18.015030,752,19768.3
SHP_L4_0,45.155270,18.014960,753,19774.8
SHP_L4_0,45.155300,18.014890,754,19781.2
SHP_L4_0,45.155320,18.014840,755,19785.7
SHP_L4_0,45.155350,18.014800,756,19790.3
SHP_L4_0,45.155380,18.014780,757,19794.0
SHP_L4_0,45.155410,18.014760,758,19797.6
SHP_L4_0,45.155440,18.014760,759,19801.0
SHP_L4_0,45.155480,18.014760,760,19805.4
SHP_L4_0,45.155680,18.014770,761,19827.7
SHP_L4_0,45.155490,18.014690,762,19849.7
SHP_L4_0,45.155450,18.014670,763,19854.4
SHP_L4_0,45.155430,18.014650,764,19857.2
SHP_L4_0,45.155400,18.014630,765,19860.8
SHP_L4_0,45.155390,18.014590,766,19864.2
SHP_L4_0,45.155370,18.014570,767,19866.9
SHP_L4_0,45.155360,18.014510,768,19871.7
SHP_L4_0,45.155350,18.014450,769,19876.6
SHP_L4_0,45.155350,18.014300,770,19888.3
SHP_L4_0,45.155350,18.014260,771,19891.5
SHP_L4_0,45.155360,18.014010,772,19911.1
SHP_L4_0,45.155360,18.013990,773,19912.7
SHP_L4_0,45.155380,18.013850,774,19923.9
SHP_L4_0,45.155420,18.013600,775,19944.0
SHP_L4_0,45.155450,18.013330,776,19965.4
SHP_L4_0,45.155500,18.012800,777,20007.3
SHP_L4_0,45.155520,18.012540,778,20027.8
SHP_L4_0,45.155560,18.012180,779,20056.4
SHP_L4_0,45.155590,18.011920,780,20077.1
SHP_L4_0,45.155620,18.011570,781,20104.7
SHP_L4_0,45.155660,18.011200,782,20134.1
SHP_L4_0,45.155670,18.011070,783,20144.3
SHP_L4_0,45.155690,18.011000,784,20150.2
SHP_L4_0,45.155700,18.010930,785,20155.8
SHP_L4_0,45.155720,18.010770,786,20168.6
SHP_L4_0,45.155730,18.010660,787,20177.3
SHP_L4_0,45.155680,18.010650,788,20182.9
SHP_L4_0,45.155670,18.010740,789,20190.0
SHP_L4_0,45.155670,18.010840,790,20197.9
SHP_L4_0,45.155670,18.010920,791,20204.2
SHP_L4_0,45.155670,18.010980,792,20208.9
SHP_L4_0,45.155670,18.010990,793,20209.6
SHP_L4_0,45.155670,18.011000,794,20210.4
SHP_L4_0,45.155670,18.011070,795,20215.9
SHP_L4_0,45.155690,18.011000,796,20221.8
SHP_L4_0,45.155700,18.010930,797,20227.4
SHP_L4_0,45.155720,18.010770,798,20240.2
SHP_L4_0,45.155730,18.010660,799,20248.9
SHP_L4_0,45.155740,18.010620,800,20252.2
SHP_L4_0,45.155750,18.010570,801,20256.3
SHP_L4_0,45.155760,18.010530,802,20259.6
SHP_L4_0,45.155780,18.010490,803,20263.5
SHP_L4_0,45.155810,18.010460,804,20267.5
SHP_L4_0,45.155840,18.010440,805,20271.2
SHP_L4_0,45.155870,18.010420,806,20274.9
SHP_L4_0,45.155910,18.010420,807,20279.4
SHP_L4_0,45.155950,18.010410,808,20283.9
SHP_L4_0,45.156070,18.010420,809,20297.2
SHP_L4_0,45.156630,18.010530,810,20360.1
SHP_L4_0,45.156670,18.010530,811,20364.6
SHP_L4_0,45.156750,18.010530,812,20373.4
SHP_L4_0,45.156840,18.010520,813,20383.5
SHP_L4_0,45.159010,18.010810,814,20625.8
SHP_L4_0,45.159450,18.010860,815,20674.9
SHP_L4_0,45.159570,18.010900,816,20688.6
SHP_L4_0,45.159590,18.010900,817,20690.9
SHP_L4_0,45.159620,18.010920,818,20694.5
SHP_L4_0,45.159640,18.010930,819,20696.9
SHP_L4_0,45.159690,18.010960,820,20702.9
SHP_L4_0,45.159700,18.010980,821,20704.9
SHP_L4_0,45.159720,18.011000,822,20707.6
SHP_L4_0,45.159740,18.011000,823,20709.8
SHP_L4_0,45.159760,18.011000,824,20712.0
SHP_L4_0,45.159770,18.011000,825,20713.1
SHP_L4_0,45.159790,18.010980,826,20715.9
SHP_L4_0,45.159820,18.010960,827,20719.6
SHP_L4_0,45.159860,18.010950,828,20724.1
SHP_L4_0,45.160210,18.010980,829,20763.1
SHP_L4_0,45.160660,18.011030,830,20813.3
SHP_L4_0,45.160920,18.011060,831,20842.3
SHP_L4_0,45.161280,18.011100,832,20882.4
SHP_L4_0,45.161430,18.011120,833,20899.2
SHP_L4_0,45.161460,18.011150,834,20903.2
SHP_L4_0,45.161510,18.011170,835,20909.0
SHP_L4_0,45.161560,18.011190,836,20914.8
SHP_L4_0,45.161750,18.011220,837,20936.1
SHP_L4_0,45.161810,18.011230,838,20942.8
SHP_L4_0,45.161840,18.011250,839,20946.5
SHP_L4_0,45.161890,18.011280,840,20952.5
SHP_L4_0,45.161930,18.011320,841,20957.9
SHP_L4_0,45.161970,18.011360,842,20963.4
SHP_L4_0,45.161990,18.011420,843,20968.6
SHP_L4_0,45.162030,18.011450,844,20973.6
SHP_L4_0,45.162060,18.011470,845,20977.3
SHP_L4_0,45.162090,18.011470,846,20980.6
SHP_L4_0,45.162110,18.011470,847,20982.9
SHP_L4_0,45.162130,18.011470,848,20985.1
SHP_L4_0,45.162170,18.011460,849,20989.6
SHP_L4_0,45.162200,18.011440,850,20993.3
SHP_L4_0,45.162220,18.011420,851,20996.0
SHP_L4_0,45.162260,18.011410,852,21000.5
SHP_L4_0,45.162300,18.011400,853,21005.0
SHP_L4_0,45.162330,18.011410,854,21008.5
SHP_L4_0,45.162360,18.011360,855,21013.6
SHP_L4_0,45.162370,18.011290,856,21019.2
SHP_L4_0,45.162370,18.011200,857,21026.3
SHP_L4_0,45.162370,18.011120,858,21032.5
SHP_L4_0,45.162360,18.011060,859,21037.4
SHP_L4_0,45.162280,18.010890,860,21053.4
SHP_L4_0,45.162260,18.010830,861,21058.6
SHP_L4_0,45.162260,18.010720,862,21067.2
SHP_L4_0,45.162330,18.009710,863,21146.8
SHP_L5_0,45.162330,18.009710,0,0.0
SHP_L5_0,45.162260,18.010720,1,79.6
SHP_L5_0,45.162260,18.010830,2,88.2
SHP_L5_0,45.162280,18.010890,3,93.4
SHP_L5_0,45.162360,18.011060,4,109.4
SHP_L5_0,45.162370,18.011120,5,114.3
SHP_L5_0,45.162370,18.011200,6,120.5
SHP_L5_0,45.162370,18.011290,7,127.6
SHP_L5_0,45.162360,18.011360,8,133.2
SHP_L5_0,45.162330,18.011410,9,138.3
SHP_L5_0,45.162310,18.011460,10,142.8
SHP_L5_0,45.162280,18.011500,11,147.4
SHP_L5_0,45.162250,18.011540,12,152.0
SHP_L5_0,45.162220,18.011560,13,155.7
SHP_L5_0,45.162200,18.011600,14,159.5
SHP_L5_0,45.162130,18.011590,15,167.3
SHP_L5_0,45.162100,18.011580,16,170.8
SHP_L5_0,45.162110,18.011520,17,175.6
SHP_L5_0,45.162110,18.011470,18,179.5
SHP_L5_0,45.162120,18.011440,19,182.1
SHP_L5_0,45.162140,18.011410,20,185.4
SHP_L5_0,45.162160,18.011380,21,188.6
SHP_L5_0,45.162190,18.011350,22,192.7
SHP_L5_0,45.162210,18.011330,23,195.4
SHP_L5_0,45.162230,18.011290,24,199.3
SHP_L5_0,45.162240,18.011250,25,202.6
SHP_L5_0,45.162240,18.011200,26,206.5
SHP_L5_0,45.162240,18.011150,27,210.4
SHP_L5_0,45.162220,18.011110,28,214.3
SHP_L5_0,45.162210,18.011080,29,216.9
SHP_L5_0,45.162190,18.011050,30,220.1
SHP_L5_0,45.162150,18.011010,31,225.5
SHP_L5_0,45.162130,18.011000,32,227.9
SHP_L5_0,45.162090,18.010990,33,232.4
SHP_L5_0,45.162050,18.010980,34,236.9
SHP_L5_0,45.162000,18.011000,35,242.7
SHP_L5_0,45.161960,18.011040,36,248.2
SHP_L5_0,45.161920,18.011080,37,253.6
SHP_L5_0,45.161890,18.011110,38,257.7
SHP_L5_0,45.161850,18.011130,39,262.4
SHP_L5_0,45.161810,18.011130,40,266.8
SHP_L5_0,45.161770,18.011130,41,271.3
SHP_L5_0,45.161600,18.011110,42,290.3
SHP_L5_0,45.161530,18.011100,43,298.1
SHP_L5_0,45.161480,18.011110,44,303.7
SHP_L5_0,45.161430,18.011120,45,309.3
SHP_L5_0,45.161280,18.011100,46,326.1
SHP_L5_0,45.160920,18.011060,47,366.2
SHP_L5_0,45.160660,18.011030,48,395.2
SHP_L5_0,45.160210,18.010980,49,445.4
SHP_L5_0,45.159870,18.010880,50,484.0
SHP_L5_0,45.159850,18.010880,51,486.3
SHP_L5_0,45.159820,18.010860,52,489.9
SHP_L5_0,45.159790,18.010830,53,494.0
SHP_L5_0,45.159770,18.010820,54,496.4
SHP_L5_0,45.159760,18.010810,55,497.7
SHP_L5_0,45.159740,18.010810,56,500.0
SHP_L5_0,45.159720,18.010810,57,502.2
SHP_L5_0,45.159700,18.010830,58,504.9
SHP_L5_0,45.159690,18.010840,59,506.3
SHP_L5_0,45.159640,18.010850,60,511.9
SHP_L5_0,45.159620,18.010860,61,514.2
SHP_L5_0,45.159570,18.010860,62,519.8
SHP_L5_0,45.159450,18.010860,63,533.1
SHP_L5_0,45.159010,18.010810,64,582.2
SHP_L5_0,45.156840,18.010520,65,824.6
SHP_L5_0,45.156750,18.010480,66,835.1
SHP_L5_0,45.156680,18.010460,67,843.0
SHP_L5_0,45.156630,18.010440,68,848.8
SHP_L5_0,45.156300,18.010390,69,885.7
SHP_L5_0,45.156000,18.010340,70,919.3
SHP_L5_0,45.155880,18.010320,71,932.7
SHP_L5_0,45.155860,18.010310,72,935.1
SHP_L5_0,45.155820,18.010290,73,939.8
SHP_L5_0,45.155800,18.010260,74,943.0
SHP_L5_0,45.155770,18.010230,75,947.1
SHP_L5_0,45.155740,18.010220,76,950.5
SHP_L5_0,45.155710,18.010220,77,953.9
SHP_L5_0,45.155670,18.010220,78,958.3
SHP_L5_0,45.155630,18.010200,79,963.0
SHP_L5_0,45.155340,18.010050,80,997.4
SHP_L5_0,45.155530,18.010220,81,1022.3
SHP_L5_0,45.155570,18.010260,82,1027.8
SHP_L5_0,45.155610,18.010310,83,1033.7
SHP_L5_0,45.155630,18.010330,84,1036.4
SHP_L5_0,45.155630,18.010360,85,1038.8
SHP_L5_0,45.155640,18.010410,86,1042.9
SHP_L5_0,45.155660,18.010450,87,1046.7
SHP_L5_0,45.155670,18.010510,88,1051.5
SHP_L5_0,45.155680,18.010580,89,1057.1
SHP_L5_0,45.155680,18.010650,90,1062.6
SHP_L5_0,45.155670,18.010740,91,1069.8
SHP_L5_0,45.155670,18.010840,92,1077.6
SHP_L5_0,45.155670,18.010920,93,1083.9
SHP_L5_0,45.155670,18.010980,94,1088.6
SHP_L5_0,45.155670,18.010990,95,1089.4
SHP_L5_0,45.155670,18.011000,96,1090.2
SHP_L5_0,45.155670,18.011070,97,1095.7
SHP_L5_0,45.155660,18.011200,98,1105.9
SHP_L5_0,45.155620,18.011570,99,1135.3
SHP_L5_0,45.155590,18.011920,100,1162.9
SHP_L5_0,45.155560,18.012180,101,1183.6
SHP_L5_0,45.155520,18.012540,102,1212.1
SHP_L5_0,45.155500,18.012800,103,1232.6
SHP_L5_0,45.155450,18.013330,104,1274.6
SHP_L5_0,45.155420,18.013600,105,1296.0
SHP_L5_0,45.155380,18.013850,106,1316.1
SHP_L5_0,45.155360,18.013990,107,1327.3
SHP_L5_0,45.155360,18.014010,108,1328.9
SHP_L5_0,45.155300,18.014280,109,1351.1
SHP_L5_0,45.155290,18.014350,110,1356.7
SHP_L5_0,45.155290,18.014420,111,1362.2
SHP_L5_0,45.155280,18.014490,112,1367.8
SHP_L5_0,45.155280,18.014540,113,1371.7
SHP_L5_0,45.155270,18.014570,114,1374.3
SHP_L5_0,45.155250,18.014600,115,1377.5
SHP_L5_0,45.155230,18.014630,116,1380.8
SHP_L5_0,45.155230,18.014670,117,1383.9
SHP_L5_0,45.155230,18.014710,118,1387.0
SHP_L5_0,45.155240,18.014750,119,1390.4
SHP_L5_0,45.155240,18.014810,120,1395.1
SHP_L5_0,45.155240,18.014870,121,1399.8
SHP_L5_0,45.155230,18.014950,122,1406.1
SHP_L5_0,45.155190,18.015190,123,1425.5
SHP_L5_0,45.155180,18.015230,124,1428.8
SHP_L5_0,45.155090,18.015630,125,1461.7
SHP_L5_0,45.154970,18.016180,126,1506.9
SHP_L5_0,45.154900,18.016520,127,1534.7
SHP_L5_0,45.154880,18.016620,128,1542.8
SHP_L5_0,45.154590,18.017890,129,1647.5
SHP_L5_0,45.154480,18.018370,130,1687.1
SHP_L5_0,45.154450,18.018540,131,1700.8
SHP_L5_0,45.154420,18.018650,132,1710.0
SHP_L5_0,45.154240,18.019460,133,1776.6
SHP_L5_0,45.154220,18.019540,134,1783.3
SHP_L5_0,45.154190,18.019590,135,1788.4
SHP_L5_0,45.154170,18.019630,136,1792.3
SHP_L5_0,45.154130,18.019650,137,1797.0
SHP_L5_0,45.154100,18.019670,138,1800.7
SHP_L5_0,45.154040,18.019680,139,1807.4
SHP_L5_0,45.153990,18.019680,140,1813.0
SHP_L5_0,45.153620,18.019690,141,1854.1
SHP_L5_0,45.153520,18.019700,142,1865.3
SHP_L5_0,45.153480,18.019710,143,1869.8
SHP_L5_0,45.153460,18.019720,144,1872.1
SHP_L5_0,45.153430,18.019740,145,1875.8
SHP_L5_0,45.153410,18.019760,146,1878.5
SHP_L5_0,45.153400,18.019790,147,1881.2
SHP_L5_0,45.153360,18.019860,148,1888.2
SHP_L5_0,45.153330,18.019940,149,1895.3
SHP_L5_0,45.153310,18.020040,150,1903.5
SHP_L5_0,45.153260,18.020310,151,1925.4
SHP_L5_0,45.153240,18.020410,152,1933.5
SHP_L5_0,45.153230,18.020430,153,1935.4
SHP_L5_0,45.153220,18.020460,154,1938.0
SHP_L5_0,45.153210,18.020500,155,1941.4
SHP_L5_0,45.153210,18.020530,156,1943.7
SHP_L5_0,45.153220,18.020550,157,1945.6
SHP_L5_0,45.153230,18.020580,158,1948.2
SHP_L5_0,45.153250,18.020590,159,1950.6
SHP_L5_0,45.153290,18.020680,160,1958.9
SHP_L5_0,45.153320,18.020760,161,1966.0
SHP_L5_0,45.153390,18.020950,162,1982.9
SHP_L5_0,45.153390,18.021010,163,1987.6
SHP_L5_0,45.153400,18.021090,164,1993.9
SHP_L5_0,45.153400,18.021160,165,1999.4
SHP_L5_0,45.153400,18.021250,166,2006.5
SHP_L5_0,45.153370,18.021880,167,2056.0
SHP_L5_0,45.153370,18.022200,168,2081.1
SHP_L5_0,45.153370,18.022380,169,2095.2
SHP_L5_0,45.153370,18.022620,170,2114.0
SHP_L5_0,45.153380,18.022700,171,2120.4
SHP_L5_0,45.153390,18.022950,172,2140.0
SHP_L5_0,45.153400,18.023280,173,2165.9
SHP_L5_0,45.153410,18.023520,174,2184.8
SHP_L5_0,45.153500,18.023520,175,2194.8
SHP_L5_0,45.153550,18.023530,176,2200.4
SHP_L5_0,45.153590,18.023550,177,2205.1
SHP_L5_0,45.153880,18.023640,178,2238.1
SHP_L5_0,45.154370,18.023810,179,2294.2
SHP_L5_0,45.154490,18.023850,180,2307.9
SHP_L5_0,45.154570,18.023880,181,2317.1
SHP_L5_0,45.154490,18.023850,182,2326.3
SHP_L5_0,45.154370,18.023810,183,2340.0
SHP_L5_0,45.153880,18.023640,184,2396.1
SHP_L5_0,45.153590,18.023550,185,2429.1
SHP_L5_0,45.153550,18.023530,186,2433.9
SHP_L5_0,45.153500,18.023520,187,2439.5
SHP_L5_0,45.153410,18.023520,188,2449.5
SHP_L5_0,45.153400,18.023280,189,2468.3
SHP_L5_0,45.153390,18.022950,190,2494.2
SHP_L5_0,45.153380,18.022700,191,2513.9
SHP_L5_0,45.153370,18.022620,192,2520.2
SHP_L5_0,45.153370,18.022380,193,2539.1
SHP_L5_0,45.153370,18.022200,194,2553.2
SHP_L5_0,45.153370,18.021880,195,2578.3
SHP_L5_0,45.153400,18.021250,196,2627.8
SHP_L5_0,45.153400,18.021160,197,2634.8
SHP_L5_0,45.153400,18.021090,198,2640.3
SHP_L5_0,45.153390,18.021010,199,2646.7
SHP_L5_0,45.153390,18.020950,200,2651.4
SHP_L5_0,45.153360,18.020740,201,2668.2
SHP_L5_0,45.153350,18.020660,202,2674.6
SHP_L5_0,45.153350,18.020620,203,2677.7
SHP_L5_0,45.153350,18.020570,204,2681.6
SHP_L5_0,45.153370,18.020540,205,2684.9
SHP_L5_0,45.153370,18.020510,206,2687.2
SHP_L5_0,45.153370,18.020470,207,2690.4
SHP_L5_0,45.153360,18.020440,208,2693.0
SHP_L5_0,45.153340,18.020410,209,2696.2
SHP_L5_0,45.153320,18.020400,210,2698.6
SHP_L5_0,45.153320,18.020340,211,2703.3
SHP_L5_0,45.153320,18.020280,212,2708.0
SHP_L5_0,45.153360,18.020060,213,2725.8
SHP_L5_0,45.153380,18.019970,214,2733.2
SHP_L5_0,45.153390,18.019890,215,2739.6
SHP_L5_0,45.153400,18.019790,216,2747.5
SHP_L5_0,45.153410,18.019760,217,2750.1
SHP_L5_0,45.153430,18.019740,218,2752.8
SHP_L5_0,45.153460,18.019720,219,2756.5
SHP_L5_0,45.153480,18.019710,220,2758.8
SHP_L5_0,45.153520,18.019700,221,2763.4
SHP_L5_0,45.153620,18.019690,222,2774.5
SHP_L5_0,45.153990,18.019680,223,2815.7
SHP_L5_0,45.154040,18.019680,224,2821.2
SHP_L5_0,45.154100,18.019670,225,2827.9
SHP_L5_0,45.154130,18.019650,226,2831.6
SHP_L5_0,45.154170,18.019630,227,2836.3
SHP_L5_0,45.154190,18.019590,228,2840.2
SHP_L5_0,45.154220,18.019540,229,2845.3
SHP_L5_0,45.154240,18.019460,230,2852.0
SHP_L5_0,45.154420,18.018650,231,2918.6
SHP_L5_0,45.154450,18.018540,232,2927.8
SHP_L5_0,45.154480,18.018370,233,2941.6
SHP_L5_0,45.154590,18.017890,234,2981.1
SHP_L5_0,45.154880,18.016620,235,3085.8
SHP_L5_0,45.154900,18.016520,236,3094.0
SHP_L5_0,45.154970,18.016180,237,3121.7
SHP_L5_0,45.155090,18.015630,238,3166.9
SHP_L5_0,45.155180,18.015230,239,3199.8
SHP_L5_0,45.155190,18.015190,240,3203.1
SHP_L5_0,45.155240,18.015030,241,3216.9
SHP_L5_0,45.155270,18.014960,242,3223.3
SHP_L5_0,45.155300,18.014890,243,3229.7
SHP_L5_0,45.155320,18.014840,244,3234.2
SHP_L5_0,45.155350,18.014800,245,3238.8
SHP_L5_0,45.155380,18.014780,246,3242.5
SHP_L5_0,45.155410,18.014760,247,3246.2
SHP_L5_0,45.155440,18.014760,248,3249.5
SHP_L5_0,45.155480,18.014760,249,3254.0
SHP_L5_0,45.155680,18.014770,250,3276.2
SHP_L5_0,45.155490,18.014690,251,3298.2
SHP_L5_0,45.155450,18.014670,252,3303.0
SHP_L5_0,45.155430,18.014650,253,3305.7
SHP_L5_0,45.155400,18.014630,254,3309.4
SHP_L5_0,45.155390,18.014590,255,3312.7
SHP_L5_0,45.155370,18.014570,256,3315.4
SHP_L5_0,45.155360,18.014510,257,3320.3
SHP_L5_0,45.155350,18.014450,258,3325.1
SHP_L5_0,45.155350,18.014300,259,3336.8
SHP_L5_0,45.155350,18.014260,260,3340.0
SHP_L5_0,45.155360,18.014010,261,3359.6
SHP_L5_0,45.155360,18.013990,262,3361.2
SHP_L5_0,45.155380,18.013850,263,3372.4
SHP_L5_0,45.155420,18.013600,264,3392.5
SHP_L5_0,45.155450,18.013330,265,3413.9
SHP_L5_0,45.155500,18.012800,266,3455.9
SHP_L5_0,45.155520,18.012540,267,3476.4
SHP_L5_0,45.155560,18.012180,268,3504.9
SHP_L5_0,45.155590,18.011920,269,3525.6
SHP_L5_0,45.155620,18.011570,270,3553.2
SHP_L5_0,45.155660,18.011200,271,3582.6
SHP_L5_0,45.155670,18.011070,272,3592.8
SHP_L5_0,45.155690,18.011000,273,3598.8
SHP_L5_0,45.155700,18.010930,274,3604.4
SHP_L5_0,45.155720,18.010770,275,3617.1
SHP_L5_0,45.155730,18.010660,276,3625.8
SHP_L5_0,45.155740,18.010620,277,3629.1
SHP_L5_0,45.155750,18.010570,278,3633.2
SHP_L5_0,45.155760,18.010530,279,3636.5
SHP_L5_0,45.155780,18.010490,280,3640.4
SHP_L5_0,45.155810,18.010460,281,3644.5
SHP_L5_0,45.155840,18.010440,282,3648.2
SHP_L5_0,45.155870,18.010420,283,3651.8
SHP_L5_0,45.155910,18.010420,284,3656.3
SHP_L5_0,45.155950,18.010410,285,3660.8
SHP_L5_0,45.156070,18.010420,286,3674.2
SHP_L5_0,45.156630,18.010530,287,3737.0
SHP_L5_0,45.156670,18.010530,288,3741.5
SHP_L5_0,45.156750,18.010530,289,3750.4
SHP_L5_0,45.156840,18.010520,290,3760.4
SHP_L5_0,45.159010,18.010810,291,4002.8
SHP_L5_0,45.159450,18.010860,292,4051.9
SHP_L5_0,45.159570,18.010900,293,4065.6
SHP_L5_0,45.159590,18.010900,294,4067.8
SHP_L5_0,45.159620,18.010920,295,4071.5
SHP_L5_0,45.159640,18.010930,296,4073.8
SHP_L5_0,45.159690,18.010960,297,4079.9
SHP_L5_0,45.159700,18.010980,298,4081.8
SHP_L5_0,45.159720,18.011000,299,4084.5
SHP_L5_0,45.159740,18.011000,300,4086.7
SHP_L5_0,45.159760,18.011000,301,4089.0
SHP_L5_0,45.159770,18.011000,302,4090.1
SHP_L5_0,45.159790,18.010980,303,4092.8
SHP_L5_0,45.159820,18.010960,304,4096.5
SHP_L5_0,45.159860,18.010950,305,4101.0
SHP_L5_0,45.160210,18.010980,306,4140.0
SHP_L5_0,45.159870,18.010880,307,4178.6
SHP_L5_0,45.159850,18.010880,308,4180.8
SHP_L5_0,45.159820,18.010860,309,4184.5
SHP_L5_0,45.159790,18.010830,310,4188.6
SHP_L5_0,45.159770,18.010820,311,4190.9
SHP_L5_0,45.159760,18.010760,312,4195.8
SHP_L5_0,45.159760,18.010710,313,4199.7
SHP_L5_0,45.159760,18.010650,314,4204.4
SHP_L5_0,45.159750,18.010600,315,4208.5
SHP_L5_0,45.159770,18.010340,316,4229.0
SHP_L5_0,45.159780,18.010240,317,4236.9
SHP_L5_0,45.159840,18.009300,318,4310.9
SHP_L5_0,45.159850,18.009240,319,4315.7
SHP_L5_0,45.159910,18.008210,320,4396.8
SHP_L5_0,45.159930,18.007910,321,4420.4
SHP_L5_0,45.159990,18.007110,322,4483.5
SHP_L5_0,45.160030,18.006550,323,4527.6
SHP_L5_0,45.160030,18.006410,324,4538.6
SHP_L5_0,45.160060,18.006030,325,4568.6
SHP_L5_0,45.160060,18.005950,326,4574.8
SHP_L5_0,45.160090,18.005640,327,4599.4
SHP_L5_0,45.160100,18.005310,328,4625.3
SHP_L5_0,45.160100,18.005230,329,4631.6
SHP_L5_0,45.160100,18.005130,330,4639.4
SHP_L5_0,45.160070,18.004990,331,4650.9
SHP_L5_0,45.160040,18.004850,332,4662.3
SHP_L5_0,45.159990,18.004720,333,4674.0
SHP_L5_0,45.159900,18.004460,334,4696.7
SHP_L5_0,45.159610,18.003660,335,4767.2
SHP_L5_0,45.159560,18.003510,336,4780.2
SHP_L5_0,45.159520,18.003350,337,4793.5
SHP_L5_0,45.159500,18.003200,338,4805.5
SHP_L5_0,45.159490,18.003030,339,4818.9
SHP_L5_0,45.159500,18.002930,340,4826.8
SHP_L5_0,45.159520,18.002780,341,4838.7
SHP_L5_0,45.159540,18.002590,342,4853.8
SHP_L5_0,45.159580,18.002400,343,4869.4
SHP_L5_0,45.159600,18.002290,344,4878.3
SHP_L5_0,45.160330,18.002560,345,4962.1
SHP_L5_0,45.161090,18.002730,346,5047.7
SHP_L5_0,45.161100,18.002670,347,5052.5
SHP_L5_0,45.161230,18.001230,348,5166.4
SHP_L5_0,45.161400,17.999480,349,5304.9
SHP_L5_0,45.161430,17.999150,350,5331.0
SHP_L5_0,45.161450,17.999010,351,5342.2
SHP_L5_0,45.161490,17.998880,352,5353.3
SHP_L5_0,45.161540,17.998740,353,5365.6
SHP_L5_0,45.161600,17.998590,354,5379.1
SHP_L5_0,45.161670,17.998460,355,5391.9
SHP_L5_0,45.161710,17.998350,356,5401.6
SHP_L5_0,45.161650,17.998290,357,5409.8
SHP_L5_0,45.161580,17.998230,358,5418.9
SHP_L5_0,45.161400,17.998100,359,5441.3
SHP_L5_0,45.161300,17.998030,360,5453.7
SHP_L5_0,45.161030,17.997860,361,5486.6
SHP_L5_0,45.160850,17.997740,362,5508.7
SHP_L5_0,45.160810,17.997710,363,5513.7
SHP_L5_0,45.160700,17.997630,364,5527.5
SHP_L5_0,45.160600,17.997570,365,5539.6
SHP_L5_0,45.160400,17.997430,366,5564.4
SHP_L5_0,45.160220,17.997320,367,5586.2
SHP_L5_0,45.160020,17.997190,368,5610.6
SHP_L5_0,45.159730,17.996980,369,5646.8
SHP_L5_0,45.159690,17.996950,370,5651.9
SHP_L5_0,45.159660,17.996920,371,5655.9
SHP_L5_0,45.159640,17.996900,372,5658.7
SHP_L5_0,45.159630,17.996870,373,5661.3
SHP_L5_0,45.159610,17.996830,374,5665.1
SHP_L5_0,45.159600,17.996780,375,5669.2
SHP_L5_0,45.159580,17.996750,376,5672.4
SHP_L5_0,45.159560,17.996720,377,5675.7
SHP_L5_0,45.159530,17.996700,378,5679.3
SHP_L5_0,45.159510,17.996650,379,5683.8
SHP_L5_0,45.159500,17.996620,380,5686.5
SHP_L5_0,45.159490,17.996570,381,5690.5
SHP_L5_0,45.159460,17.996280,382,5713.5
SHP_L5_0,45.159450,17.995810,383,5750.4
SHP_L5_0,45.159450,17.995770,384,5753.5
SHP_L5_0,45.159440,17.995710,385,5758.3
SHP_L5_0,45.159420,17.995670,386,5762.2
SHP_L5_0,45.159400,17.995650,387,5764.9
SHP_L5_0,45.159350,17.995650,388,5770.5
SHP_L5_0,45.158840,17.995690,389,5827.3
SHP_L5_0,45.158590,17.995710,390,5855.1
SHP_L5_0,45.157930,17.995750,391,5928.6
SHP_L5_0,45.157020,17.995870,392,6030.2
SHP_L5_0,45.156770,17.995900,393,6058.1
SHP_L5_0,45.157020,17.995870,394,6086.0
SHP_L5_0,45.157930,17.995750,395,6187.6
SHP_L5_0,45.158590,17.995710,396,6261.1
SHP_L5_0,45.158840,17.995690,397,6288.9
SHP_L5_0,45.159350,17.995650,398,6345.7
SHP_L5_0,45.159400,17.995650,399,6351.3
SHP_L5_0,45.159420,17.995670,400,6354.0
SHP_L5_0,45.159440,17.995710,401,6357.8
SHP_L5_0,45.159450,17.995770,402,6362.7
SHP_L5_0,45.159450,17.995810,403,6365.8
SHP_L5_0,45.159460,17.996280,404,6402.7
SHP_L5_0,45.159440,17.996570,405,6425.5
SHP_L5_0,45.159440,17.996630,406,6430.2
SHP_L5_0,45.159430,17.996670,407,6433.5
SHP_L5_0,45.159420,17.996730,408,6438.4
SHP_L5_0,45.159410,17.996750,409,6440.3
SHP_L5_0,45.159370,17.996790,410,6445.7
SHP_L5_0,45.159330,17.996810,411,6450.5
SHP_L5_0,45.159290,17.996820,412,6455.0
SHP_L5_0,45.159190,17.996850,413,6466.3
SHP_L5_0,45.159190,17.996570,414,6488.3
SHP_L5_0,45.159180,17.996470,415,6496.2
SHP_L5_0,45.159170,17.996440,416,6498.8
SHP_L5_0,45.159170,17.996420,417,6500.4
SHP_L5_0,45.159140,17.996380,418,6505.0
SHP_L5_0,45.159060,17.996360,419,6514.0
SHP_L5_0,45.158530,17.996360,420,6572.9
SHP_L5_0,45.158400,17.996370,421,6587.4
SHP_L5_0,45.158400,17.997070,422,6642.3
SHP_L5_0,45.158460,17.997100,423,6649.4
SHP_L5_0,45.158520,17.997140,424,6656.7
SHP_L5_0,45.158560,17.997140,425,6661.2
SHP_L5_0,45.159050,17.997170,426,6715.7
SHP_L5_0,45.159190,17.997150,427,6731.4
SHP_L5_0,45.159190,17.996980,428,6744.7
SHP_L5_0,45.159190,17.996850,429,6754.9
SHP_L5_0,45.159290,17.996880,430,6766.3
SHP_L5_0,45.159330,17.996890,431,6770.8
SHP_L5_0,45.159360,17.996910,432,6774.5
SHP_L5_0,45.159390,17.996930,433,6778.2
SHP_L5_0,45.159410,17.996960,434,6781.4
SHP_L5_0,45.159430,17.996990,435,6784.6
SHP_L5_0,45.159460,17.997010,436,6788.3
SHP_L5_0,45.159490,17.997010,437,6791.6
SHP_L5_0,45.159510,17.997010,438,6793.9
SHP_L5_0,45.159540,17.997000,439,6797.3
SHP_L5_0,45.159550,17.996990,440,6798.7
SHP_L5_0,45.159580,17.996960,441,6802.7
SHP_L5_0,45.159600,17.996920,442,6806.6
SHP_L5_0,45.159610,17.996880,443,6809.9
SHP_L5_0,45.159610,17.996830,444,6813.8
SHP_L5_0,45.159600,17.996780,445,6817.9
SHP_L5_0,45.159580,17.996750,446,6821.1
SHP_L5_0,45.159560,17.996720,447,6824.4
SHP_L5_0,45.159530,17.996700,448,6828.1
SHP_L5_0,45.159510,17.996650,449,6832.6
SHP_L5_0,45.159500,17.996620,450,6835.2
SHP_L5_0,45.159490,17.996570,451,6839.3
SHP_L5_0,45.159460,17.996280,452,6862.2
SHP_L5_0,45.159450,17.995810,453,6899.1
SHP_L5_0,45.159450,17.995770,454,6902.2
SHP_L5_0,45.159440,17.995710,455,6907.1
SHP_L5_0,45.159420,17.995670,456,6910.9
SHP_L5_0,45.159400,17.995650,457,6913.6
SHP_L5_0,45.159350,17.995650,458,6919.2
SHP_L5_0,45.158840,17.995690,459,6976.0
SHP_L5_0,45.158590,17.995710,460,7003.8
SHP_L5_0,45.157930,17.995750,461,7077.3
SHP_L5_0,45.157020,17.995870,462,7178.9
SHP_L5_0,45.156770,17.995900,463,7206.8
SHP_L5_0,45.156150,17.995980,464,7276.0
SHP_L5_0,45.156100,17.995840,465,7288.3
SHP_L5_0,45.156050,17.995690,466,7301.4
SHP_L5_0,45.155650,17.994300,467,7419.1
SHP_L5_0,45.154890,17.991580,468,7648.5
SHP_L5_0,45.154780,17.991160,469,7683.6
SHP_L5_0,45.154660,17.990790,470,7715.6
SHP_L5_0,45.154370,17.990050,471,7781.9
SHP_L5_0,45.154080,17.989330,472,7847.0
SHP_L5_0,45.154070,17.989330,473,7848.1
SHP_L5_0,45.153890,17.988850,474,7890.7
SHP_L5_0,45.153350,17.988500,475,7956.7
SHP_L5_0,45.153080,17.988320,476,7989.9
SHP_L5_0,45.152990,17.988240,477,8001.7
SHP_L5_0,45.152980,17.988110,478,8012.0
SHP_L5_0,45.153010,17.987650,479,8048.2
SHP_L5_0,45.152910,17.987600,480,8060.0
SHP_L5_0,45.152630,17.987520,481,8091.7
SHP_L5_0,45.152550,17.987500,482,8100.8
SHP_L5_0,45.152010,17.987340,483,8162.1
SHP_L5_0,45.151170,17.987090,484,8257.6
SHP_L5_0,45.150830,17.989000,485,8412.0
SHP_L5_0,45.150590,17.990380,486,8523.5
SHP_L5_0,45.150480,17.990560,487,8542.2
SHP_L5_0,45.150230,17.990950,488,8583.5
SHP_L5_0,45.149670,17.991780,489,8673.6
SHP_L5_0,45.149600,17.991510,490,8696.1
SHP_L5_0,45.149520,17.991350,491,8711.5
SHP_L5_0,45.148250,17.988910,492,8949.3
SHP_L5_0,45.147740,17.987910,493,9046.1
SHP_L5_0,45.146690,17.986190,494,9224.5
SHP_L5_0,45.145420,17.984140,495,9438.5
SHP_L5_0,45.145040,17.983630,496,9496.7
SHP_L5_0,45.143580,17.982070,497,9700.0
SHP_L5_0,45.141020,17.979330,498,10056.6
SHP_L5_0,45.140970,17.979240,499,10065.6
SHP_L5_0,45.140890,17.979100,500,10079.8
SHP_L5_0,45.140820,17.978970,501,10092.6
SHP_L5_0,45.140660,17.978830,502,10113.5
SHP_L5_0,45.140070,17.978270,503,10192.4
SHP_L5_0,45.140660,17.978830,504,10271.4
SHP_L5_0,45.140820,17.978970,505,10292.3
SHP_L5_0,45.140890,17.979100,506,10305.1
SHP_L5_0,45.140970,17.979240,507,10319.3
SHP_L5_0,45.141020,17.979330,508,10328.2
SHP_L5_0,45.143580,17.982070,509,10684.9
SHP_L5_0,45.145040,17.983630,510,10888.2
SHP_L5_0,45.145420,17.984140,511,10946.4
SHP_L5_0,45.146690,17.986190,512,11160.4
SHP_L5_0,45.147740,17.987910,513,11338.8
SHP_L5_0,45.148250,17.988910,514,11435.6
SHP_L5_0,45.149520,17.991350,515,11673.4
SHP_L5_0,45.149600,17.991510,516,11688.7
SHP_L5_0,45.149670,17.991780,517,11711.3
SHP_L5_0,45.150230,17.990950,518,11801.4
SHP_L5_0,45.150480,17.990560,519,11842.7
SHP_L5_0,45.150590,17.990380,520,11861.4
SHP_L5_0,45.150830,17.989000,521,11972.9
SHP_L5_0,45.151170,17.987090,522,12127.3
SHP_L5_0,45.152010,17.987340,523,12222.8
SHP_L5_0,45.152550,17.987500,524,12284.1
SHP_L5_0,45.152630,17.987520,525,12293.1
SHP_L5_0,45.152910,17.987600,526,12324.9
SHP_L5_0,45.153010,17.987650,527,12336.7
SHP_L5_0,45.152980,17.988110,528,12372.9
SHP_L5_0,45.152990,17.988240,529,12383.2
SHP_L5_0,45.153080,17.988320,530,12395.0
SHP_L5_0,45.153350,17.988500,531,12428.2
SHP_L5_0,45.153890,17.988850,532,12494.2
SHP_L5_0,45.154070,17.989330,533,12536.8
SHP_L5_0,45.154080,17.989330,534,12537.9
SHP_L5_0,45.154370,17.990050,535,12602.9
SHP_L5_0,45.154660,17.990790,536,12669.3
SHP_L5_0,45.154780,17.991160,537,12701.3
SHP_L5_0,45.154890,17.991580,538,12736.4
SHP_L5_0,45.155650,17.994300,539,12965.8
SHP_L5_0,45.154890,17.991580,540,13195.2
SHP_L5_0,45.154780,17.991160,541,13230.4
SHP_L5_0,45.154660,17.990790,542,13262.3
SHP_L5_0,45.154370,17.990050,543,13328.7
SHP_L5_0,45.154080,17.989330,544,13393.7
SHP_L5_0,45.154370,17.990050,545,13458.7
SHP_L5_0,45.154660,17.990790,546,13525.1
SHP_L5_0,45.154780,17.991160,547,13557.0
SHP_L5_0,45.154890,17.991580,548,13592.2
SHP_L5_0,45.155650,17.994300,549,13821.6
SHP_L5_0,45.156050,17.995690,550,13939.3
SHP_L5_0,45.156100,17.995840,551,13952.3
SHP_L5_0,45.156150,17.995980,552,13964.6
SHP_L5_0,45.156770,17.995900,553,14033.8
SHP_L5_0,45.157020,17.995870,554,14061.7
SHP_L5_0,45.157930,17.995750,555,14163.4
SHP_L5_0,45.158590,17.995710,556,14236.8
SHP_L5_0,45.158840,17.995690,557,14264.7
SHP_L5_0,45.159350,17.995650,558,14321.5
SHP_L5_0,45.159400,17.995650,559,14327.0
SHP_L5_0,45.159420,17.995670,560,14329.7
SHP_L5_0,45.159440,17.995710,561,14333.6
SHP_L5_0,45.159450,17.995770,562,14338.4
SHP_L5_0,45.159450,17.995810,563,14341.6
SHP_L5_0,45.159460,17.996280,564,14378.4
SHP_L5_0,45.159440,17.996570,565,14401.3
SHP_L5_0,45.159440,17.996630,566,14406.0
SHP_L5_0,45.159430,17.996670,567,14409.3
SHP_L5_0,45.159420,17.996730,568,14414.1
SHP_L5_0,45.159410,17.996750,569,14416.1
SHP_L5_0,45.159390,17.996790,570,14419.9
SHP_L5_0,45.159380,17.996830,571,14423.2
SHP_L5_0,45.159380,17.996880,572,14427.2
SHP_L5_0,45.159390,17.996930,573,14431.2
SHP_L5_0,45.159410,17.996960,574,14434.5
SHP_L5_0,45.159430,17.996990,575,14437.7
SHP_L5_0,45.159460,17.997010,576,14441.4
SHP_L5_0,45.159490,17.997010,577,14444.7
SHP_L5_0,45.159510,17.997010,578,14446.9
SHP_L5_0,45.159540,17.997000,579,14450.4
SHP_L5_0,45.159550,17.996990,580,14451.7
SHP_L5_0,45.159590,17.997000,581,14456.3
SHP_L5_0,45.159620,17.997000,582,14459.6
SHP_L5_0,45.159640,17.997010,583,14461.9
SHP_L5_0,45.159670,17.997020,584,14465.4
SHP_L5_0,45.160120,17.997350,585,14521.7
SHP_L5_0,45.160400,17.997550,586,14556.6
SHP_L5_0,45.160530,17.997640,587,14572.6
SHP_L5_0,45.160570,17.997670,588,14577.7
SHP_L5_0,45.160670,17.997740,589,14590.1
SHP_L5_0,45.160770,17.997810,590,14602.5
SHP_L5_0,45.160800,17.997830,591,14606.2
SHP_L5_0,45.160900,17.997890,592,14618.2
SHP_L5_0,45.161230,17.998100,593,14658.5
SHP_L5_0,45.161400,17.998230,594,14679.9
SHP_L5_0,45.161540,17.998320,595,14697.0
SHP_L5_0,45.161610,17.998390,596,14706.6
SHP_L5_0,45.161670,17.998460,597,14715.2
SHP_L5_0,45.161730,17.998530,598,14723.8
SHP_L5_0,45.161740,17.998550,599,14725.8
SHP_L5_0,45.161790,17.998620,600,14733.6
SHP_L5_0,45.162010,17.999000,601,14772.1
SHP_L5_0,45.162090,17.999160,602,14787.5
SHP_L5_0,45.162190,17.999320,603,14804.3
SHP_L5_0,45.162260,17.999430,604,14815.9
SHP_L5_0,45.162330,17.999510,605,14825.9
SHP_L5_0,45.162500,17.999810,606,14856.0
SHP_L5_0,45.162580,17.999960,607,14870.8
SHP_L5_0,45.162640,18.000110,608,14884.3
SHP_L5_0,45.162680,18.000230,609,14894.7
SHP_L5_0,45.162720,18.000390,610,14908.0
SHP_L5_0,45.162740,18.000560,611,14921.5
SHP_L5_0,45.162770,18.000800,612,14940.7
SHP_L5_0,45.162780,18.001030,613,14958.7
SHP_L5_0,45.162780,18.001240,614,14975.2
SHP_L5_0,45.162770,18.001450,615,14991.7
SHP_L5_0,45.162750,18.001820,616,15020.8
SHP_L5_0,45.162710,18.001980,617,15034.1
SHP_L5_0,45.162690,18.002160,618,15048.4
SHP_L5_0,45.162680,18.002360,619,15064.1
SHP_L5_0,45.162630,18.002910,620,15107.6
SHP_L5_0,45.162620,18.002960,621,15111.7
SHP_L5_0,45.162610,18.003010,622,15115.7
SHP_L5_0,45.162580,18.003050,623,15120.3
SHP_L5_0,45.162540,18.003070,624,15125.0
SHP_L5_0,45.162500,18.003110,625,15130.5
SHP_L5_0,45.162460,18.003160,626,15136.4
SHP_L5_0,45.162440,18.003230,627,15142.3
SHP_L5_0,45.162420,18.003300,628,15148.2
SHP_L5_0,45.162420,18.003380,629,15154.5
SHP_L5_0,45.162440,18.003470,630,15161.9
SHP_L5_0,45.162480,18.003540,631,15169.0
SHP_L5_0,45.162530,18.003600,632,15176.3
SHP_L5_0,45.162550,18.003650,633,15180.8
SHP_L5_0,45.162560,18.003700,634,15184.8
SHP_L5_0,45.162560,18.003750,635,15188.8
SHP_L5_0,45.162550,18.004170,636,15221.7
SHP_L5_0,45.162530,18.004550,637,15251.6
SHP_L5_0,45.162520,18.004800,638,15271.2
SHP_L5_0,45.162490,18.005240,639,15305.9
SHP_L5_0,45.162420,18.006310,640,15390.1
SHP_L5_0,45.162380,18.006320,641,15394.6
SHP_L5_0,45.162340,18.006310,642,15399.2
SHP_L5_0,45.160060,18.006030,643,15653.6
SHP_L5_0,45.160030,18.006410,644,15683.6
SHP_L5_0,45.160030,18.006550,645,15694.6
SHP_L5_0,45.160030,18.006410,646,15705.6
SHP_L5_0,45.160060,18.006030,647,15735.5
SHP_L5_0,45.160060,18.005950,648,15741.8
SHP_L5_0,45.160090,18.005640,649,15766.3
SHP_L5_0,45.160100,18.005310,650,15792.2
SHP_L5_0,45.160100,18.005230,651,15798.5
SHP_L5_0,45.160100,18.005130,652,15806.4
SHP_L5_0,45.160070,18.004990,653,15817.8
SHP_L5_0,45.160040,18.004850,654,15829.3
SHP_L5_0,45.159990,18.004720,655,15840.9
SHP_L5_0,45.159900,18.004460,656,15863.6
SHP_L5_0,45.159610,18.003660,657,15934.2
SHP_L5_0,45.159560,18.003510,658,15947.2
SHP_L5_0,45.159520,18.003350,659,15960.5
SHP_L5_0,45.159500,18.003200,660,15972.4
SHP_L5_0,45.159490,18.003030,661,15985.8
SHP_L5_0,45.159500,18.002930,662,15993.7
SHP_L5_0,45.159520,18.002780,663,16005.7
SHP_L5_0,45.159540,18.002590,664,16020.8
SHP_L5_0,45.159580,18.002400,665,16036.3
SHP_L5_0,45.159600,18.002290,666,16045.2
SHP_L5_0,45.160330,18.002560,667,16129.1
SHP_L5_0,45.161090,18.002730,668,16214.7
SHP_L5_0,45.161100,18.002670,669,16219.5
SHP_L5_0,45.161230,18.001230,670,16333.3
SHP_L5_0,45.161400,17.999480,671,16471.8
SHP_L5_0,45.161430,17.999150,672,16497.9
SHP_L5_0,45.161450,17.999010,673,16509.1
SHP_L5_0,45.161490,17.998880,674,16520.2
SHP_L5_0,45.161540,17.998740,675,16532.5
SHP_L5_0,45.161600,17.998590,676,16546.1
SHP_L5_0,45.161670,17.998460,677,16558.9
SHP_L5_0,45.161710,17.998350,678,16568.6
SHP_L5_0,45.161650,17.998290,679,16576.8
SHP_L5_0,45.161580,17.998230,680,16585.8
SHP_L5_0,45.161400,17.998100,681,16608.3
SHP_L5_0,45.161300,17.998030,682,16620.7
SHP_L5_0,45.161030,17.997860,683,16653.6
SHP_L5_0,45.160850,17.997740,684,16675.7
SHP_L5_0,45.160810,17.997710,685,16680.7
SHP_L5_0,45.160700,17.997630,686,16694.5
SHP_L5_0,45.160600,17.997570,687,16706.5
SHP_L5_0,45.160400,17.997430,688,16731.3
SHP_L5_0,45.160220,17.997320,689,16753.1
SHP_L5_0,45.160020,17.997190,690,16777.6
SHP_L5_0,45.159730,17.996980,691,16813.8
SHP_L5_0,45.159690,17.996950,692,16818.8
SHP_L5_0,45.159660,17.996920,693,16822.9
SHP_L5_0,45.159640,17.996900,694,16825.6
SHP_L5_0,45.159630,17.996870,695,16828.2
SHP_L5_0,45.159610,17.996830,696,16832.1
SHP_L5_0,45.159600,17.996780,697,16836.1
SHP_L5_0,45.159580,17.996750,698,16839.4
SHP_L5_0,45.159560,17.996720,699,16842.6
SHP_L5_0,45.159530,17.996700,700,16846.3
SHP_L5_0,45.159510,17.996650,701,16850.8
SHP_L5_0,45.159500,17.996620,702,16853.4
SHP_L5_0,45.159490,17.996570,703,16857.5
SHP_L5_0,45.159460,17.996280,704,16880.5
SHP_L5_0,45.159450,17.995810,705,16917.3
SHP_L5_0,45.159450,17.995770,706,16920.5
SHP_L5_0,45.159440,17.995710,707,16925.3
SHP_L5_0,45.159420,17.995670,708,16929.2
SHP_L5_0,45.159400,17.995650,709,16931.9
SHP_L5_0,45.159350,17.995650,710,16937.4
SHP_L5_0,45.158840,17.995690,711,16994.2
SHP_L5_0,45.158590,17.995710,712,17022.1
SHP_L5_0,45.157930,17.995750,713,17095.5
SHP_L5_0,45.157020,17.995870,714,17197.2
SHP_L5_0,45.156770,17.995900,715,17225.1
SHP_L5_0,45.157020,17.995870,716,17253.0
SHP_L5_0,45.157930,17.995750,717,17354.6
SHP_L5_0,45.158590,17.995710,718,17428.0
SHP_L5_0,45.158840,17.995690,719,17455.9
SHP_L5_0,45.159350,17.995650,720,17512.7
SHP_L5_0,45.159400,17.995650,721,17518.2
SHP_L5_0,45.159420,17.995670,722,17521.0
SHP_L5_0,45.159440,17.995710,723,17524.8
SHP_L5_0,45.159450,17.995770,724,17529.6
SHP_L5_0,45.159450,17.995810,725,17532.8
SHP_L5_0,45.159460,17.996280,726,17569.6
SHP_L5_0,45.159440,17.996570,727,17592.5
SHP_L5_0,45.159440,17.996630,728,17597.2
SHP_L5_0,45.159430,17.996670,729,17600.5
SHP_L5_0,45.159420,17.996730,730,17605.3
SHP_L5_0,45.159410,17.996750,731,17607.3
SHP_L5_0,45.159370,17.996790,732,17612.7
SHP_L5_0,45.159330,17.996810,733,17617.4
SHP_L5_0,45.159290,17.996820,734,17621.9
SHP_L5_0,45.159190,17.996850,735,17633.3
SHP_L5_0,45.159190,17.996570,736,17655.3
SHP_L5_0,45.159180,17.996470,737,17663.2
SHP_L5_0,45.159170,17.996440,738,17665.8
SHP_L5_0,45.159170,17.996420,739,17667.4
SHP_L5_0,45.159140,17.996380,740,17671.9
SHP_L5_0,45.159060,17.996360,741,17681.0
SHP_L5_0,45.158530,17.996360,742,17739.9
SHP_L5_0,45.158400,17.996370,743,17754.4
SHP_L5_0,45.158400,17.997070,744,17809.3
SHP_L5_0,45.158460,17.997100,745,17816.3
SHP_L5_0,45.158520,17.997140,746,17823.7
SHP_L5_0,45.158560,17.997140,747,17828.2
SHP_L5_0,45.159050,17.997170,748,17882.7
SHP_L5_0,45.159190,17.997150,749,17898.3
SHP_L5_0,45.159190,17.996980,750,17911.7
SHP_L5_0,45.159190,17.996850,751,17921.9
SHP_L5_0,45.159290,17.996880,752,17933.2
SHP_L5_0,45.159330,17.996890,753,17937.7
SHP_L5_0,45.159360,17.996910,754,17941.4
SHP_L5_0,45.159390,17.996930,755,17945.1
SHP_L5_0,45.159410,17.996960,756,17948.4
SHP_L5_0,45.159430,17.996990,757,17951.6
SHP_L5_0,45.159460,17.997010,758,17955.3
SHP_L5_0,45.159490,17.997010,759,17958.6
SHP_L5_0,45.159510,17.997010,760,17960.8
SHP_L5_0,45.159540,17.997000,761,17964.3
SHP_L5_0,45.159550,17.996990,762,17965.6
SHP_L5_0,45.159590,17.997000,763,17970.1
SHP_L5_0,45.159620,17.997000,764,17973.5
SHP_L5_0,45.159640,17.997010,765,17975.8
SHP_L5_0,45.159670,17.997020,766,17979.3
SHP_L5_0,45.160120,17.997350,767,18035.6
SHP_L5_0,45.160400,17.997550,768,18070.5
SHP_L5_0,45.160530,17.997640,769,18086.5
SHP_L5_0,45.160570,17.997670,770,18091.6
SHP_L5_0,45.160670,17.997740,771,18104.0
SHP_L5_0,45.160770,17.997810,772,18116.4
SHP_L5_0,45.160800,17.997830,773,18120.1
SHP_L5_0,45.160900,17.997890,774,18132.1
SHP_L5_0,45.161230,17.998100,775,18172.3
SHP_L5_0,45.161400,17.998230,776,18193.8
SHP_L5_0,45.161540,17.998320,777,18210.9
SHP_L5_0,45.161610,17.998390,778,18220.4
SHP_L5_0,45.161670,17.998460,779,18229.1
SHP_L5_0,45.161730,17.998530,780,18237.7
SHP_L5_0,45.161740,17.998550,781,18239.6
SHP_L5_0,45.161790,17.998620,782,18247.5
SHP_L5_0,45.162010,17.999000,783,18286.0
SHP_L5_0,45.162090,17.999160,784,18301.4
SHP_L5_0,45.162190,17.999320,785,18318.1
SHP_L5_0,45.162260,17.999430,786,18329.8
SHP_L5_0,45.162330,17.999510,787,18339.8
SHP_L5_0,45.162500,17.999810,788,18369.9
SHP_L5_0,45.162580,17.999960,789,18384.7
SHP_L5_0,45.162640,18.000110,790,18398.2
SHP_L5_0,45.162680,18.000230,791,18408.6
SHP_L5_0,45.162720,18.000390,792,18421.9
SHP_L5_0,45.162740,18.000560,793,18435.4
SHP_L5_0,45.162770,18.000800,794,18454.5
SHP_L5_0,45.162780,18.001030,795,18472.6
SHP_L5_0,45.162780,18.001240,796,18489.1
SHP_L5_0,45.162770,18.001450,797,18505.6
SHP_L5_0,45.162750,18.001820,798,18534.7
SHP_L5_0,45.162710,18.001980,799,18548.0
SHP_L5_0,45.162690,18.002160,800,18562.3
SHP_L5_0,45.162680,18.002360,801,18578.0
SHP_L5_0,45.162630,18.002910,802,18621.5
SHP_L5_0,45.162620,18.002960,803,18625.5
SHP_L5_0,45.162610,18.003010,804,18629.6
SHP_L5_0,45.162580,18.003050,805,18634.2
SHP_L5_0,45.162540,18.003070,806,18638.9
SHP_L5_0,45.162500,18.003110,807,18644.4
SHP_L5_0,45.162460,18.003160,808,18650.3
SHP_L5_0,45.162440,18.003230,809,18656.2
SHP_L5_0,45.162420,18.003300,810,18662.1
SHP_L5_0,45.162420,18.003380,811,18668.4
SHP_L5_0,45.162440,18.003470,812,18675.8
SHP_L5_0,45.162480,18.003540,813,18682.9
SHP_L5_0,45.162530,18.003600,814,18690.1
SHP_L5_0,45.162550,18.003650,815,18694.6
SHP_L5_0,45.162560,18.003700,816,18698.7
SHP_L5_0,45.162560,18.003750,817,18702.6
SHP_L5_0,45.162550,18.004170,818,18735.6
SHP_L5_0,45.162530,18.004550,819,18765.5
SHP_L5_0,45.162520,18.004800,820,18785.1
SHP_L5_0,45.162490,18.005240,821,18819.8
SHP_L5_0,45.162420,18.006310,822,18904.0
SHP_L5_0,45.162250,18.008510,823,19077.5
SHP_L5_0,45.162080,18.010540,824,19237.8
SHP_L5_0,45.162050,18.010680,825,19249.3
SHP_L5_0,45.162040,18.010800,826,19258.8
SHP_L5_0,45.162040,18.010860,827,19263.5
SHP_L5_0,45.162040,18.010910,828,19267.4
SHP_L5_0,45.162020,18.010960,829,19271.9
SHP_L5_0,45.162000,18.011000,830,19275.7
SHP_L5_0,45.161960,18.011040,831,19281.2
SHP_L5_0,45.161920,18.011080,832,19286.6
SHP_L5_0,45.161890,18.011110,833,19290.7
SHP_L5_0,45.161850,18.011130,834,19295.4
SHP_L5_0,45.161810,18.011130,835,19299.9
SHP_L5_0,45.161770,18.011130,836,19304.3
SHP_L5_0,45.161600,18.011110,837,19323.3
SHP_L5_0,45.161530,18.011100,838,19331.1
SHP_L5_0,45.161480,18.011110,839,19336.7
SHP_L5_0,45.161430,18.011120,840,19342.3
SHP_L5_0,45.161280,18.011100,841,19359.1
SHP_L5_0,45.160920,18.011060,842,19399.2
SHP_L5_0,45.160660,18.011030,843,19428.2
SHP_L5_0,45.160210,18.010980,844,19478.4
SHP_L5_0,45.159870,18.010880,845,19517.0
SHP_L5_0,45.159850,18.010880,846,19519.3
SHP_L5_0,45.159820,18.010860,847,19523.0
SHP_L5_0,45.159790,18.010830,848,19527.0
SHP_L5_0,45.159770,18.010820,849,19529.4
SHP_L5_0,45.159760,18.010810,850,19530.8
SHP_L5_0,45.159740,18.010810,851,19533.0
SHP_L5_0,45.159720,18.010810,852,19535.2
SHP_L5_0,45.159700,18.010830,853,19537.9
SHP_L5_0,45.159690,18.010840,854,19539.3
SHP_L5_0,45.159640,18.010850,855,19544.9
SHP_L5_0,45.159620,18.010860,856,19547.3
SHP_L5_0,45.159570,18.010860,857,19552.8
SHP_L5_0,45.159450,18.010860,858,19566.2
SHP_L5_0,45.159010,18.010810,859,19615.2
SHP_L5_0,45.156840,18.010520,860,19857.6
SHP_L5_0,45.156750,18.010480,861,19868.1
SHP_L5_0,45.156680,18.010460,862,19876.0
SHP_L5_0,45.156630,18.010440,863,19881.8
SHP_L5_0,45.156300,18.010390,864,19918.7
SHP_L5_0,45.156000,18.010340,865,19952.3
SHP_L5_0,45.155880,18.010320,866,19965.7
SHP_L5_0,45.155860,18.010310,867,19968.1
SHP_L5_0,45.155820,18.010290,868,19972.8
SHP_L5_0,45.155800,18.010260,869,19976.0
SHP_L5_0,45.155770,18.010230,870,19980.1
SHP_L5_0,45.155740,18.010220,871,19983.6
SHP_L5_0,45.155710,18.010220,872,19986.9
SHP_L5_0,45.155670,18.010220,873,19991.3
SHP_L5_0,45.155630,18.010200,874,19996.1
SHP_L5_0,45.155340,18.010050,875,20030.4
SHP_L5_0,45.155530,18.010220,876,20055.4
SHP_L5_0,45.155570,18.010260,877,20060.8
SHP_L5_0,45.155610,18.010310,878,20066.7
SHP_L5_0,45.155630,18.010330,879,20069.5
SHP_L5_0,45.155630,18.010360,880,20071.8
SHP_L5_0,45.155640,18.010410,881,20075.9
SHP_L5_0,45.155660,18.010450,882,20079.7
SHP_L5_0,45.155670,18.010510,883,20084.6
SHP_L5_0,45.155680,18.010580,884,20090.2
SHP_L5_0,45.155680,18.010650,885,20095.6
SHP_L5_0,45.155670,18.010740,886,20102.8
SHP_L5_0,45.155670,18.010840,887,20110.6
SHP_L5_0,45.155670,18.010920,888,20116.9
SHP_L5_0,45.155670,18.010980,889,20121.6
SHP_L5_0,45.155670,18.010990,890,20122.4
SHP_L5_0,45.155670,18.011000,891,20123.2
SHP_L5_0,45.155670,18.011070,892,20128.7
SHP_L5_0,45.155660,18.011200,893,20138.9
SHP_L5_0,45.155620,18.011570,894,20168.3
SHP_L5_0,45.155590,18.011920,895,20195.9
SHP_L5_0,45.155560,18.012180,896,20216.6
SHP_L5_0,45.155520,18.012540,897,20245.2
SHP_L5_0,45.155500,18.012800,898,20265.7
SHP_L5_0,45.155450,18.013330,899,20307.6
SHP_L5_0,45.155420,18.013600,900,20329.0
SHP_L5_0,45.155380,18.013850,901,20349.1
SHP_L5_0,45.155360,18.013990,902,20360.3
SHP_L5_0,45.155360,18.014010,903,20361.9
SHP_L5_0,45.155300,18.014280,904,20384.1
SHP_L5_0,45.155290,18.014350,905,20389.7
SHP_L5_0,45.155290,18.014420,906,20395.2
SHP_L5_0,45.155280,18.014490,907,20400.8
SHP_L5_0,45.155280,18.014540,908,20404.7
SHP_L5_0,45.155270,18.014570,909,20407.3
SHP_L5_0,45.155250,18.014600,910,20410.5
SHP_L5_0,45.155230,18.014630,911,20413.8
SHP_L5_0,45.155230,18.014670,912,20416.9
SHP_L5_0,45.155230,18.014710,913,20420.1
SHP_L5_0,45.155240,18.014750,914,20423.4
SHP_L5_0,45.155240,18.014810,915,20428.1
SHP_L5_0,45.155240,18.014870,916,20432.8
SHP_L5_0,45.155230,18.014950,917,20439.2
SHP_L5_0,45.155190,18.015190,918,20458.5
SHP_L5_0,45.155180,18.015230,919,20461.8
SHP_L5_0,45.155090,18.015630,920,20494.8
SHP_L5_0,45.154970,18.016180,921,20539.9
SHP_L5_0,45.154900,18.016520,922,20567.7
SHP_L5_0,45.154880,18.016620,923,20575.8
SHP_L5_0,45.154590,18.017890,924,20680.5
SHP_L5_0,45.154480,18.018370,925,20720.1
SHP_L5_0,45.154450,18.018540,926,20733.8
SHP_L5_0,45.154420,18.018650,927,20743.1
SHP_L5_0,45.154240,18.019460,928,20809.7
SHP_L5_0,45.154220,18.019540,929,20816.3
SHP_L5_0,45.154190,18.019590,930,20821.5
SHP_L5_0,45.154170,18.019630,931,20825.3
SHP_L5_0,45.154130,18.019650,932,20830.0
SHP_L5_0,45.154100,18.019670,933,20833.7
SHP_L5_0,45.154040,18.019680,934,20840.4
SHP_L5_0,45.153990,18.019680,935,20846.0
SHP_L5_0,45.153620,18.019690,936,20887.1
SHP_L5_0,45.153520,18.019700,937,20898.3
SHP_L5_0,45.153480,18.019710,938,20902.8
SHP_L5_0,45.153460,18.019720,939,20905.2
SHP_L5_0,45.153430,18.019740,940,20908.8
SHP_L5_0,45.153410,18.019760,941,20911.6
SHP_L5_0,45.153400,18.019790,942,20914.2
SHP_L5_0,45.153360,18.019860,943,20921.2
SHP_L5_0,45.153330,18.019940,944,20928.3
SHP_L5_0,45.153310,18.020040,945,20936.5
SHP_L5_0,45.153260,18.020310,946,20958.4
SHP_L5_0,45.153240,18.020410,947,20966.5
SHP_L5_0,45.153230,18.020430,948,20968.5
SHP_L5_0,45.153220,18.020460,949,20971.1
SHP_L5_0,45.153210,18.020500,950,20974.4
SHP_L5_0,45.153210,18.020530,951,20976.7
SHP_L5_0,45.153220,18.020550,952,20978.7
SHP_L5_0,45.153230,18.020580,953,20981.3
SHP_L5_0,45.153250,18.020590,954,20983.6
SHP_L5_0,45.153290,18.020680,955,20992.0
SHP_L5_0,45.153320,18.020760,956,20999.1
SHP_L5_0,45.153390,18.020950,957,21015.9
SHP_L5_0,45.153390,18.021010,958,21020.6
SHP_L5_0,45.153400,18.021090,959,21027.0
SHP_L5_0,45.153400,18.021160,960,21032.4
SHP_L5_0,45.153400,18.021250,961,21039.5
SHP_L5_0,45.153370,18.021880,962,21089.0
SHP_L5_0,45.153370,18.022200,963,21114.1
SHP_L5_0,45.153370,18.022380,964,21128.2
SHP_L5_0,45.153370,18.022620,965,21147.0
SHP_L5_0,45.153380,18.022700,966,21153.4
SHP_L5_0,45.153390,18.022950,967,21173.0
SHP_L5_0,45.153400,18.023280,968,21198.9
SHP_L5_0,45.153410,18.023520,969,21217.8
SHP_L5_0,45.153500,18.023520,970,21227.8
SHP_L5_0,45.153550,18.023530,971,21233.4
SHP_L5_0,45.153590,18.023550,972,21238.1
SHP_L5_0,45.153880,18.023640,973,21271.1
SHP_L5_0,45.154370,18.023810,974,21327.2
SHP_L5_0,45.154490,18.023850,975,21340.9
SHP_L5_0,45.154570,18.023880,976,21350.1
SHP_L5_0,45.154620,18.023900,977,21355.9
SHP_L5_0,45.154770,18.023950,978,21373.1
SHP_L5_0,45.154860,18.023990,979,21383.5
SHP_L5_0,45.155620,18.024260,980,21470.7
SHP_L5_0,45.156080,18.024390,981,21522.8
SHP_L5_0,45.156160,18.024400,982,21531.8
SHP_L5_0,45.156220,18.024400,983,21538.4
SHP_L5_0,45.156290,18.024400,984,21546.2
SHP_L5_0,45.156380,18.024380,985,21556.3
SHP_L5_0,45.157900,18.023700,986,21733.6
SHP_L5_0,45.158390,18.023420,987,21792.3
SHP_L5_0,45.158510,18.023400,988,21805.7
SHP_L5_0,45.158570,18.023400,989,21812.4
SHP_L5_0,45.158610,18.023420,990,21817.1
SHP_L5_0,45.158620,18.023440,991,21819.1
SHP_L5_0,45.158640,18.023440,992,21821.3
SHP_L5_0,45.158660,18.023440,993,21823.5
SHP_L5_0,45.158690,18.023470,994,21827.6
SHP_L5_0,45.158710,18.023510,995,21831.4
SHP_L5_0,45.158740,18.023570,996,21837.2
SHP_L5_0,45.158880,18.023950,997,21870.8
SHP_L5_0,45.158890,18.024000,998,21874.9
SHP_L5_0,45.158900,18.024050,999,21879.0
SHP_L5_0,45.158900,18.024080,1000,21881.3
SHP_L5_0,45.158910,18.024100,1001,21883.2
SHP_L5_0,45.158930,18.024120,1002,21886.0
SHP_L5_0,45.158960,18.024170,1003,21891.1
SHP_L5_0,45.158990,18.024260,1004,21898.9
SHP_L5_0,45.159040,18.024360,1005,21908.5
SHP_L5_0,45.159010,18.024220,1006,21920.0
SHP_L5_0,45.159010,18.024150,1007,21925.5
SHP_L5_0,45.159010,18.024100,1008,21929.4
SHP_L5_0,45.159020,18.024080,1009,21931.3
SHP_L5_0,45.159060,18.024030,1010,21937.3
SHP_L5_0,45.159160,18.023920,1011,21951.3
SHP_L5_0,45.160040,18.023530,1012,22053.8
SHP_L5_0,45.160310,18.023400,1013,22085.6
SHP_L5_0,45.160430,18.023350,1014,22099.5
SHP_L5_0,45.160560,18.023340,1015,22113.9
SHP_L5_0,45.161000,18.023300,1016,22163.0
SHP_L5_0,45.161070,18.023300,1017,22170.7
SHP_L5_0,45.161120,18.023290,1018,22176.4
SHP_L5_0,45.161150,18.022520,1019,22236.8
SHP_L5_0,45.161250,18.022100,1020,22271.6
SHP_L5_0,45.161280,18.021950,1021,22283.8
SHP_L5_0,45.161290,18.021730,1022,22301.1
SHP_L5_0,45.161330,18.021200,1023,22342.9
SHP_L5_0,45.161360,18.020660,1024,22385.4
SHP_L5_0,45.161390,18.020210,1025,22420.8
SHP_L5_0,45.161400,18.020160,1026,22424.9
SHP_L5_0,45.161410,18.020110,1027,22428.9
SHP_L5_0,45.161440,18.020060,1028,22434.1
SHP_L5_0,45.161460,18.020030,1029,22437.3
SHP_L5_0,45.161470,18.019980,1030,22441.4
SHP_L5_0,45.161480,18.019930,1031,22445.5
SHP_L5_0,45.161470,18.019880,1032,22449.6
SHP_L5_0,45.161450,18.019840,1033,22453.4
SHP_L5_0,45.161430,18.019810,1034,22456.6
SHP_L5_0,45.161410,18.019760,1035,22461.1
SHP_L5_0,45.161390,18.019700,1036,22466.3
SHP_L5_0,45.161380,18.019640,1037,22471.2
SHP_L5_0,45.161370,18.019560,1038,22477.5
SHP_L5_0,45.161410,18.019000,1039,22521.7
SHP_L5_0,45.161470,18.018170,1040,22587.1
SHP_L5_0,45.161470,18.018060,1041,22595.7
SHP_L5_0,45.161480,18.017910,1042,22607.5
SHP_L5_0,45.161510,18.017700,1043,22624.3
SHP_L5_0,45.161540,18.017510,1044,22639.6
SHP_L5_0,45.161550,18.017320,1045,22654.5
SHP_L5_0,45.161560,18.016860,1046,22690.6
SHP_L5_0,45.161570,18.016600,1047,22711.0
SHP_L5_0,45.161580,18.016540,1048,22715.9
SHP_L5_0,45.161590,18.016500,1049,22719.2
SHP_L5_0,45.161620,18.016470,1050,22723.3
SHP_L5_0,45.161650,18.016440,1051,22727.4
SHP_L5_0,45.161680,18.016400,1052,22731.9
SHP_L5_0,45.161700,18.016350,1053,22736.4
SHP_L5_0,45.161710,18.016300,1054,22740.5
SHP_L5_0,45.161710,18.016250,1055,22744.4
SHP_L5_0,45.161700,18.016200,1056,22748.5
SHP_L5_0,45.161680,18.016160,1057,22752.4
SHP_L5_0,45.161650,18.016120,1058,22756.9
SHP_L5_0,45.161620,18.016100,1059,22760.6
SHP_L5_0,45.161610,18.016060,1060,22764.0
SHP_L5_0,45.161600,18.016010,1061,22768.0
SHP_L5_0,45.161600,18.015970,1062,22771.2
SHP_L5_0,45.161600,18.015870,1063,22779.0
SHP_L5_0,45.161630,18.015590,1064,22801.2
SHP_L5_0,45.161660,18.015320,1065,22822.6
SHP_L5_0,45.161680,18.015190,1066,22833.1
SHP_L5_0,45.161700,18.015070,1067,22842.7
SHP_L5_0,45.161730,18.014940,1068,22853.5
SHP_L5_0,45.161770,18.014810,1069,22864.6
SHP_L5_0,45.161790,18.014690,1070,22874.3
SHP_L5_0,45.161800,18.014570,1071,22883.7
SHP_L5_0,45.161860,18.013960,1072,22932.0
SHP_L5_0,45.162090,18.011870,1073,23097.9
SHP_L5_0,45.162100,18.011790,1074,23104.2
SHP_L5_0,45.162120,18.011690,1075,23112.4
SHP_L5_0,45.162130,18.011590,1076,23120.3
SHP_L5_0,45.162150,18.011520,1077,23126.2
SHP_L5_0,45.162160,18.011490,1078,23128.8
SHP_L5_0,45.162170,18.011460,1079,23131.4
SHP_L5_0,45.162200,18.011440,1080,23135.1
SHP_L5_0,45.162220,18.011420,1081,23137.8
SHP_L5_0,45.162260,18.011410,1082,23142.4
SHP_L5_0,45.162300,18.011400,1083,23146.9
SHP_L5_0,45.162330,18.011410,1084,23150.3
SHP_L5_0,45.162360,18.011360,1085,23155.4
SHP_L5_0,45.162370,18.011290,1086,23161.0
SHP_L5_0,45.162370,18.011200,1087,23168.1
SHP_L5_0,45.162370,18.011120,1088,23174.4
SHP_L5_0,45.162360,18.011060,1089,23179.2
SHP_L5_0,45.162280,18.010890,1090,23195.2
SHP_L5_0,45.162260,18.010830,1091,23200.4
SHP_L5_0,45.162260,18.010720,1092,23209.1
SHP_L5_0,45.162330,18.009710,1093,23288.6
SHP_L6_0,45.162330,18.009710,0,0.0
SHP_L6_0,45.162260,18.010720,1,79.6
SHP_L6_0,45.162260,18.010830,2,88.2
SHP_L6_0,45.162280,18.010890,3,93.4
SHP_L6_0,45.162360,18.011060,4,109.4
SHP_L6_0,45.162370,18.011120,5,114.3
SHP_L6_0,45.162370,18.011200,6,120.5
SHP_L6_0,45.162370,18.011290,7,127.6
SHP_L6_0,45.162360,18.011360,8,133.2
SHP_L6_0,45.162330,18.011410,9,138.3
SHP_L6_0,45.162310,18.011460,10,142.8
SHP_L6_0,45.162280,18.011500,11,147.4
SHP_L6_0,45.162250,18.011540,12,152.0
SHP_L6_0,45.162220,18.011560,13,155.7
SHP_L6_0,45.162200,18.011600,14,159.5
SHP_L6_0,45.162130,18.011590,15,167.3
SHP_L6_0,45.162100,18.011580,16,170.8
SHP_L6_0,45.162110,18.011520,17,175.6
SHP_L6_0,45.162110,18.011470,18,179.5
SHP_L6_0,45.162120,18.011440,19,182.1
SHP_L6_0,45.162140,18.011410,20,185.4
SHP_L6_0,45.162160,18.011380,21,188.6
SHP_L6_0,45.162190,18.011350,22,192.7
SHP_L6_0,45.162210,18.011330,23,195.4
SHP_L6_0,45.162230,18.011290,24,199.3
SHP_L6_0,45.162240,18.011250,25,202.6
SHP_L6_0,45.162240,18.011200,26,206.5
SHP_L6_0,45.162240,18.011150,27,210.4
SHP_L6_0,45.162220,18.011110,28,214.3
SHP_L6_0,45.162210,18.011080,29,216.9
SHP_L6_0,45.162190,18.011050,30,220.1
SHP_L6_0,45.162150,18.011010,31,225.5
SHP_L6_0,45.162130,18.011000,32,227.9
SHP_L6_0,45.162090,18.010990,33,232.4
SHP_L6_0,45.162050,18.010980,34,236.9
SHP_L6_0,45.162000,18.011000,35,242.7
SHP_L6_0,45.161960,18.011040,36,248.2
SHP_L6_0,45.161920,18.011080,37,253.6
SHP_L6_0,45.161890,18.011110,38,257.7
SHP_L6_0,45.161850,18.011130,39,262.4
SHP_L6_0,45.161810,18.011130,40,266.8
SHP_L6_0,45.161770,18.011130,41,271.3
SHP_L6_0,45.161600,18.011110,42,290.3
SHP_L6_0,45.161530,18.011100,43,298.1
SHP_L6_0,45.161480,18.011110,44,303.7
SHP_L6_0,45.161430,18.011120,45,309.3
SHP_L6_0,45.161280,18.011100,46,326.1
SHP_L6_0,45.160920,18.011060,47,366.2
SHP_L6_0,45.160660,18.011030,48,395.2
SHP_L6_0,45.160210,18.010980,49,445.4
SHP_L6_0,45.159870,18.010880,50,484.0
SHP_L6_0,45.159850,18.010880,51,486.3
SHP_L6_0,45.159820,18.010860,52,489.9
SHP_L6_0,45.159790,18.010830,53,494.0
SHP_L6_0,45.159770,18.010820,54,496.4
SHP_L6_0,45.159760,18.010810,55,497.7
SHP_L6_0,45.159740,18.010810,56,500.0
SHP_L6_0,45.159720,18.010810,57,502.2
SHP_L6_0,45.159700,18.010830,58,504.9
SHP_L6_0,45.159690,18.010840,59,506.3
SHP_L6_0,45.159640,18.010850,60,511.9
SHP_L6_0,45.159620,18.010860,61,514.2
SHP_L6_0,45.159570,18.010860,62,519.8
SHP_L6_0,45.159450,18.010860,63,533.1
SHP_L6_0,45.159010,18.010810,64,582.2
SHP_L6_0,45.156840,18.010520,65,824.6
SHP_L6_0,45.156750,18.010480,66,835.1
SHP_L6_0,45.156680,18.010460,67,843.0
SHP_L6_0,45.156630,18.010440,68,848.8
SHP_L6_0,45.156300,18.010390,69,885.7
SHP_L6_0,45.156000,18.010340,70,919.3
SHP_L6_0,45.155880,18.010320,71,932.7
SHP_L6_0,45.155860,18.010310,72,935.1
SHP_L6_0,45.155820,18.010290,73,939.8
SHP_L6_0,45.155800,18.010260,74,943.0
SHP_L6_0,45.155770,18.010230,75,947.1
SHP_L6_0,45.155740,18.010220,76,950.5
SHP_L6_0,45.155710,18.010220,77,953.9
SHP_L6_0,45.155670,18.010220,78,958.3
SHP_L6_0,45.155630,18.010200,79,963.0
SHP_L6_0,45.155340,18.010050,80,997.4
SHP_L6_0,45.155530,18.010220,81,1022.3
SHP_L6_0,45.155570,18.010260,82,1027.8
SHP_L6_0,45.155610,18.010310,83,1033.7
SHP_L6_0,45.155630,18.010330,84,1036.4
SHP_L6_0,45.155630,18.010360,85,1038.8
SHP_L6_0,45.155640,18.010410,86,1042.9
SHP_L6_0,45.155660,18.010450,87,1046.7
SHP_L6_0,45.155670,18.010510,88,1051.5
SHP_L6_0,45.155680,18.010580,89,1057.1
SHP_L6_0,45.155680,18.010650,90,1062.6
SHP_L6_0,45.155670,18.010740,91,1069.8
SHP_L6_0,45.155670,18.010840,92,1077.6
SHP_L6_0,45.155670,18.010920,93,1083.9
SHP_L6_0,45.155670,18.010980,94,1088.6
SHP_L6_0,45.155670,18.010990,95,1089.4
SHP_L6_0,45.155670,18.011000,96,1090.2
SHP_L6_0,45.155670,18.011070,97,1095.7
SHP_L6_0,45.155660,18.011200,98,1105.9
SHP_L6_0,45.155620,18.011570,99,1135.3
SHP_L6_0,45.155590,18.011920,100,1162.9
SHP_L6_0,45.155560,18.012180,101,1183.6
SHP_L6_0,45.155520,18.012540,102,1212.1
SHP_L6_0,45.155500,18.012800,103,1232.6
SHP_L6_0,45.155450,18.013330,104,1274.6
SHP_L6_0,45.155420,18.013600,105,1296.0
SHP_L6_0,45.155380,18.013850,106,1316.1
SHP_L6_0,45.155360,18.013990,107,1327.3
SHP_L6_0,45.155360,18.014010,108,1328.9
SHP_L6_0,45.155300,18.014280,109,1351.1
SHP_L6_0,45.155290,18.014350,110,1356.7
SHP_L6_0,45.155290,18.014420,111,1362.2
SHP_L6_0,45.155280,18.014490,112,1367.8
SHP_L6_0,45.155280,18.014540,113,1371.7
SHP_L6_0,45.155270,18.014570,114,1374.3
SHP_L6_0,45.155250,18.014600,115,1377.5
SHP_L6_0,45.155230,18.014630,116,1380.8
SHP_L6_0,45.155230,18.014670,117,1383.9
SHP_L6_0,45.155230,18.014710,118,1387.0
SHP_L6_0,45.155240,18.014750,119,1390.4
SHP_L6_0,45.155240,18.014810,120,1395.1
SHP_L6_0,45.155240,18.014870,121,1399.8
SHP_L6_0,45.155230,18.014950,122,1406.1
SHP_L6_0,45.155190,18.015190,123,1425.5
SHP_L6_0,45.155240,18.015030,124,1439.2
SHP_L6_0,45.155270,18.014960,125,1445.6
SHP_L6_0,45.155300,18.014890,126,1452.1
SHP_L6_0,45.155320,18.014840,127,1456.6
SHP_L6_0,45.155350,18.014800,128,1461.1
SHP_L6_0,45.155380,18.014780,129,1464.8
SHP_L6_0,45.155410,18.014760,130,1468.5
SHP_L6_0,45.155440,18.014760,131,1471.8
SHP_L6_0,45.155480,18.014760,132,1476.3
SHP_L6_0,45.155680,18.014770,133,1498.5
SHP_L6_0,45.155920,18.014820,134,1525.5
SHP_L6_0,45.155950,18.014820,135,1528.9
SHP_L6_0,45.156120,18.014890,136,1548.5
SHP_L6_0,45.156150,18.014900,137,1552.0
SHP_L6_0,45.156180,18.014920,138,1555.7
SHP_L6_0,45.156200,18.014950,139,1558.9
SHP_L6_0,45.156210,18.014960,140,1560.3
SHP_L6_0,45.156230,18.015060,141,1568.4
SHP_L6_0,45.156270,18.015220,142,1581.7
SHP_L6_0,45.156290,18.015300,143,1588.4
SHP_L6_0,45.156330,18.015390,144,1596.7
SHP_L6_0,45.156640,18.016540,145,1693.2
SHP_L6_0,45.156810,18.017180,146,1746.9
SHP_L6_0,45.157060,18.018160,147,1828.6
SHP_L6_0,45.157290,18.019050,148,1902.9
SHP_L6_0,45.157800,18.020880,149,2057.2
SHP_L6_0,45.157900,18.021270,150,2089.7
SHP_L6_0,45.157960,18.021430,151,2104.0
SHP_L6_0,45.158040,18.021640,152,2122.7
SHP_L6_0,45.158340,18.022410,153,2191.6
SHP_L6_0,45.158390,18.022520,154,2201.9
SHP_L6_0,45.158520,18.022900,155,2235.0
SHP_L6_0,45.158590,18.023140,156,2255.4
SHP_L6_0,45.158600,18.023220,157,2261.8
SHP_L6_0,45.158600,18.023290,158,2267.2
SHP_L6_0,45.158590,18.023320,159,2269.8
SHP_L6_0,45.158390,18.023420,160,2293.4
SHP_L6_0,45.157900,18.023700,161,2352.2
SHP_L6_0,45.156380,18.024380,162,2529.4
SHP_L6_0,45.156290,18.024400,163,2539.5
SHP_L6_0,45.156220,18.024400,164,2547.3
SHP_L6_0,45.156160,18.024400,165,2554.0
SHP_L6_0,45.156080,18.024390,166,2562.9
SHP_L6_0,45.155620,18.024260,167,2615.1
SHP_L6_0,45.154860,18.023990,168,2702.2
SHP_L6_0,45.154770,18.023950,169,2712.7
SHP_L6_0,45.154620,18.023900,170,2729.8
SHP_L6_0,45.154570,18.023880,171,2735.6
SHP_L6_0,45.154490,18.023850,172,2744.8
SHP_L6_0,45.154370,18.023810,173,2758.5
SHP_L6_0,45.153880,18.023640,174,2814.6
SHP_L6_0,45.153590,18.023550,175,2847.6
SHP_L6_0,45.153550,18.023530,176,2852.3
SHP_L6_0,45.153500,18.023520,177,2857.9
SHP_L6_0,45.153410,18.023520,178,2867.9
SHP_L6_0,45.153410,18.023670,179,2879.7
SHP_L6_0,45.153410,18.023830,180,2892.2
SHP_L6_0,45.153420,18.024150,181,2917.4
SHP_L6_0,45.153420,18.024330,182,2931.5
SHP_L6_0,45.153420,18.024420,183,2938.5
SHP_L6_0,45.153410,18.024500,184,2944.9
SHP_L6_0,45.153390,18.024740,185,2963.9
SHP_L6_0,45.153100,18.024670,186,2996.6
SHP_L6_0,45.153060,18.024670,187,3001.0
SHP_L6_0,45.153010,18.024700,188,3007.1
SHP_L6_0,45.152960,18.024780,189,3015.4
SHP_L6_0,45.152920,18.024860,190,3023.1
SHP_L6_0,45.152610,18.025560,191,3087.9
SHP_L6_0,45.152490,18.025840,192,3113.6
SHP_L6_0,45.152460,18.025890,193,3118.8
SHP_L6_0,45.152330,18.026200,194,3147.1
SHP_L6_0,45.152280,18.026310,195,3157.3
SHP_L6_0,45.152220,18.026420,196,3168.2
SHP_L6_0,45.152060,18.026630,197,3192.5
SHP_L6_0,45.151660,18.027090,198,3249.7
SHP_L6_0,45.151520,18.027320,199,3273.6
SHP_L6_0,45.151360,18.027600,200,3301.8
SHP_L6_0,45.151200,18.027880,201,3330.1
SHP_L6_0,45.151130,18.028000,202,3342.3
SHP_L6_0,45.151060,18.028140,203,3355.8
SHP_L6_0,45.151000,18.028320,204,3371.4
SHP_L6_0,45.150920,18.028560,205,3392.2
SHP_L6_0,45.150550,18.029730,206,3492.7
SHP_L6_0,45.150350,18.030510,207,3557.8
SHP_L6_0,45.150300,18.030770,208,3579.0
SHP_L6_0,45.150270,18.031060,209,3601.9
SHP_L6_0,45.150230,18.031300,210,3621.3
SHP_L6_0,45.150160,18.031680,211,3652.1
SHP_L6_0,45.150090,18.032080,212,3684.4
SHP_L6_0,45.150040,18.032330,213,3704.8
SHP_L6_0,45.149830,18.033350,214,3788.1
SHP_L6_0,45.149760,18.033660,215,3813.6
SHP_L6_0,45.149750,18.033710,216,3817.7
SHP_L6_0,45.149600,18.034440,217,3877.3
SHP_L6_0,45.149510,18.034930,218,3917.0
SHP_L6_0,45.149430,18.035160,219,3937.2
SHP_L6_0,45.149290,18.035140,220,3952.8
SHP_L6_0,45.149020,18.035040,221,3983.8
SHP_L6_0,45.148930,18.035010,222,3994.1
SHP_L6_0,45.148820,18.034970,223,4006.7
SHP_L6_0,45.148590,18.034880,224,4033.3
SHP_L6_0,45.148580,18.034870,225,4034.6
SHP_L6_0,45.148590,18.034880,226,4036.0
SHP_L6_0,45.148820,18.034970,227,4062.5
SHP_L6_0,45.148930,18.035010,228,4075.2
SHP_L6_0,45.149020,18.035040,229,4085.4
SHP_L6_0,45.149050,18.035280,230,4104.5
SHP_L6_0,45.149090,18.035500,231,4122.4
SHP_L6_0,45.149110,18.035580,232,4129.0
SHP_L6_0,45.149140,18.035650,233,4135.4
SHP_L6_0,45.149210,18.035800,234,4149.6
SHP_L6_0,45.149320,18.036030,235,4171.3
SHP_L6_0,45.149340,18.036080,236,4175.9
SHP_L6_0,45.149500,18.036430,237,4208.6
SHP_L6_0,45.149530,18.036480,238,4213.7
SHP_L6_0,45.148750,18.037220,239,4318.1
SHP_L6_0,45.148420,18.037530,240,4362.1
SHP_L6_0,45.148180,18.037750,241,4393.9
SHP_L6_0,45.147930,18.037960,242,4426.2
SHP_L6_0,45.147310,18.038400,243,4503.3
SHP_L6_0,45.147120,18.038490,244,4525.5
SHP_L6_0,45.147050,18.038530,245,4533.9
SHP_L6_0,45.147040,18.038530,246,4535.0
SHP_L6_0,45.146980,18.038550,247,4541.9
SHP_L6_0,45.146910,18.038560,248,4549.7
SHP_L6_0,45.146870,18.038540,249,4554.4
SHP_L6_0,45.146840,18.038550,250,4557.9
SHP_L6_0,45.146800,18.038570,251,4562.6
SHP_L6_0,45.146770,18.038600,252,4566.7
SHP_L6_0,45.146750,18.038650,253,4571.2
SHP_L6_0,45.146740,18.038690,254,4574.5
SHP_L6_0,45.146750,18.038750,255,4579.3
SHP_L6_0,45.146760,18.038810,256,4584.2
SHP_L6_0,45.146790,18.038860,257,4589.3
SHP_L6_0,45.146820,18.038880,258,4593.0
SHP_L6_0,45.146870,18.038890,259,4598.6
SHP_L6_0,45.146900,18.038920,260,4602.7
SHP_L6_0,45.146950,18.038970,261,4609.5
SHP_L6_0,45.146980,18.039020,262,4614.7
SHP_L6_0,45.147020,18.039070,263,4620.6
SHP_L6_0,45.147150,18.039360,264,4647.5
SHP_L6_0,45.147190,18.039460,265,4656.5
SHP_L6_0,45.147210,18.039490,266,4659.8
SHP_L6_0,45.147590,18.040290,267,4735.4
SHP_L6_0,45.147920,18.041020,268,4803.4
SHP_L6_0,45.148100,18.041430,269,4841.3
SHP_L6_0,45.148150,18.041380,270,4848.1
SHP_L6_0,45.148270,18.041280,271,4863.6
SHP_L6_0,45.148430,18.041650,272,4897.6
SHP_L6_0,45.148270,18.041280,273,4931.7
SHP_L6_0,45.148150,18.041380,274,4947.1
SHP_L6_0,45.148100,18.041430,275,4953.9
SHP_L6_0,45.148390,18.042080,276,5014.3
SHP_L6_0,45.148890,18.043180,277,5116.9
SHP_L6_0,45.149010,18.043440,278,5141.2
SHP_L6_0,45.149110,18.043710,279,5165.2
SHP_L6_0,45.149150,18.043860,280,5177.7
SHP_L6_0,45.149190,18.044030,281,5191.8
SHP_L6_0,45.149250,18.044360,282,5218.5
SHP_L6_0,45.149380,18.045190,283,5285.2
SHP_L6_0,45.149400,18.045360,284,5298.7
SHP_L6_0,45.149400,18.045450,285,5305.8
SHP_L6_0,45.149390,18.045550,286,5313.7
SHP_L6_0,45.149380,18.045600,287,5317.8
SHP_L6_0,45.149380,18.045640,288,5320.9
SHP_L6_0,45.149370,18.045670,289,5323.5
SHP_L6_0,45.149350,18.045710,290,5327.3
SHP_L6_0,45.149300,18.045750,291,5333.7
SHP_L6_0,45.149390,18.045720,292,5344.0
SHP_L6_0,45.149430,18.045700,293,5348.7
SHP_L6_0,45.149450,18.045720,294,5351.5
SHP_L6_0,45.149480,18.045730,295,5354.9
SHP_L6_0,45.149510,18.045720,296,5358.3
SHP_L6_0,45.149530,18.045710,297,5360.7
SHP_L6_0,45.149540,18.045700,298,5362.0
SHP_L6_0,45.149610,18.045660,299,5370.4
SHP_L6_0,45.149720,18.045590,300,5383.8
SHP_L6_0,45.149890,18.045520,301,5403.5
SHP_L6_0,45.150440,18.045280,302,5467.5
SHP_L6_0,45.151140,18.044890,303,5551.1
SHP_L6_0,45.152700,18.044040,304,5737.0
SHP_L6_0,45.153370,18.043700,305,5816.1
SHP_L6_0,45.153620,18.043570,306,5845.7
SHP_L6_0,45.153720,18.043520,307,5857.5
SHP_L6_0,45.153830,18.043480,308,5870.1
SHP_L6_0,45.153900,18.044890,309,5980.9
SHP_L6_0,45.153960,18.046180,310,6082.3
SHP_L6_0,45.153990,18.046780,311,6129.5
SHP_L6_0,45.154220,18.046770,312,6155.1
SHP_L6_0,45.154260,18.046770,313,6159.5
SHP_L6_0,45.154180,18.045210,314,6282.2
SHP_L6_0,45.154260,18.046770,315,6404.8
SHP_L6_0,45.154220,18.046770,316,6409.3
SHP_L6_0,45.153990,18.046780,317,6434.9
SHP_L6_0,45.154130,18.049700,318,6664.4
SHP_L6_0,45.153990,18.046780,319,6893.9
SHP_L6_0,45.154220,18.046770,320,6919.4
SHP_L6_0,45.154260,18.046770,321,6923.9
SHP_L6_0,45.154180,18.045210,322,7046.5
SHP_L6_0,45.154260,18.046770,323,7169.2
SHP_L6_0,45.154220,18.046770,324,7173.6
SHP_L6_0,45.153990,18.046780,325,7199.2
SHP_L6_0,45.153960,18.046180,326,7246.4
SHP_L6_0,45.153900,18.044890,327,7347.8
SHP_L6_0,45.153830,18.043480,328,7458.6
SHP_L6_0,45.153720,18.043520,329,7471.2
SHP_L6_0,45.153620,18.043570,330,7483.0
SHP_L6_0,45.153370,18.043700,331,7512.6
SHP_L6_0,45.152700,18.044040,332,7591.8
SHP_L6_0,45.151140,18.044890,333,7777.6
SHP_L6_0,45.150440,18.045280,334,7861.2
SHP_L6_0,45.149890,18.045520,335,7925.2
SHP_L6_0,45.149720,18.045590,336,7944.9
SHP_L6_0,45.149670,18.045590,337,7950.5
SHP_L6_0,45.149640,18.045580,338,7953.9
SHP_L6_0,45.149610,18.045570,339,7957.3
SHP_L6_0,45.149580,18.045530,340,7961.9
SHP_L6_0,45.149560,18.045490,341,7965.7
SHP_L6_0,45.149540,18.045470,342,7968.5
SHP_L6_0,45.149510,18.045450,343,7972.1
SHP_L6_0,45.149480,18.045440,344,7975.6
SHP_L6_0,45.149470,18.045450,345,7976.9
SHP_L6_0,45.149450,18.045420,346,7980.2
SHP_L6_0,45.149430,18.045370,347,7984.7
SHP_L6_0,45.149380,18.045190,348,7999.8
SHP_L6_0,45.149250,18.044360,349,8066.5
SHP_L6_0,45.149190,18.044030,350,8093.2
SHP_L6_0,45.149150,18.043860,351,8107.3
SHP_L6_0,45.149110,18.043710,352,8119.9
SHP_L6_0,45.149010,18.043440,353,8143.8
SHP_L6_0,45.148890,18.043180,354,8168.2
SHP_L6_0,45.148390,18.042080,355,8270.8
SHP_L6_0,45.148100,18.041430,356,8331.1
SHP_L6_0,45.148150,18.041380,357,8337.9
SHP_L6_0,45.148270,18.041280,358,8353.4
SHP_L6_0,45.148430,18.041650,359,8387.4
SHP_L6_0,45.148270,18.041280,360,8421.5
SHP_L6_0,45.148150,18.041380,361,8436.9
SHP_L6_0,45.148100,18.041430,362,8443.7
SHP_L6_0,45.147920,18.041020,363,8481.6
SHP_L6_0,45.147590,18.040290,364,8549.6
SHP_L6_0,45.147210,18.039490,365,8625.3
SHP_L6_0,45.147190,18.039460,366,8628.5
SHP_L6_0,45.147150,18.039360,367,8637.5
SHP_L6_0,45.147020,18.039070,368,8664.5
SHP_L6_0,45.147000,18.039000,369,8670.4
SHP_L6_0,45.146990,18.038940,370,8675.2
SHP_L6_0,45.146970,18.038860,371,8681.9
SHP_L6_0,45.146970,18.038810,372,8685.8
SHP_L6_0,45.146980,18.038780,373,8688.4
SHP_L6_0,45.146990,18.038750,374,8691.0
SHP_L6_0,45.147040,18.038670,375,8699.4
SHP_L6_0,45.147080,18.038630,376,8704.8
SHP_L6_0,45.147090,18.038620,377,8706.2
SHP_L6_0,45.147130,18.038580,378,8711.6
SHP_L6_0,45.147160,18.038550,379,8715.7
SHP_L6_0,45.147310,18.038400,380,8736.1
SHP_L6_0,45.147930,18.037960,381,8813.2
SHP_L6_0,45.148180,18.037750,382,8845.5
SHP_L6_0,45.148420,18.037530,383,8877.3
SHP_L6_0,45.148750,18.037220,384,8921.3
SHP_L6_0,45.149530,18.036480,385,9025.7
SHP_L6_0,45.149500,18.036430,386,9030.8
SHP_L6_0,45.149340,18.036080,387,9063.5
SHP_L6_0,45.149320,18.036030,388,9068.0
SHP_L6_0,45.149210,18.035800,389,9089.8
SHP_L6_0,45.149140,18.035650,390,9103.9
SHP_L6_0,45.149110,18.035580,391,9110.4
SHP_L6_0,45.149090,18.035500,392,9117.0
SHP_L6_0,45.149050,18.035280,393,9134.8
SHP_L6_0,45.149020,18.035040,394,9154.0
SHP_L6_0,45.148930,18.035010,395,9164.2
SHP_L6_0,45.148820,18.034970,396,9176.9
SHP_L6_0,45.148590,18.034880,397,9203.4
SHP_L6_0,45.148580,18.034870,398,9204.7
SHP_L6_0,45.148590,18.034880,399,9206.1
SHP_L6_0,45.148820,18.034970,400,9232.6
SHP_L6_0,45.148930,18.035010,401,9245.3
SHP_L6_0,45.149020,18.035040,402,9255.5
SHP_L6_0,45.149290,18.035140,403,9286.6
SHP_L6_0,45.149430,18.035160,404,9302.2
SHP_L6_0,45.149510,18.034930,405,9322.3
SHP_L6_0,45.149600,18.034440,406,9362.0
SHP_L6_0,45.149750,18.033710,407,9421.7
SHP_L6_0,45.149760,18.033660,408,9425.7
SHP_L6_0,45.149830,18.033350,409,9451.3
SHP_L6_0,45.150040,18.032330,410,9534.6
SHP_L6_0,45.150090,18.032080,411,9555.0
SHP_L6_0,45.150160,18.031680,412,9587.3
SHP_L6_0,45.150230,18.031300,413,9618.1
SHP_L6_0,45.150270,18.031060,414,9637.4
SHP_L6_0,45.150300,18.030770,415,9660.4
SHP_L6_0,45.150350,18.030510,416,9681.6
SHP_L6_0,45.150550,18.029730,417,9746.6
SHP_L6_0,45.150920,18.028560,418,9847.2
SHP_L6_0,45.151000,18.028320,419,9868.0
SHP_L6_0,45.151060,18.028140,420,9883.6
SHP_L6_0,45.151130,18.028000,421,9897.1
SHP_L6_0,45.151200,18.027880,422,9909.3
SHP_L6_0,45.151360,18.027600,423,9937.6
SHP_L6_0,45.151520,18.027320,424,9965.8
SHP_L6_0,45.151660,18.027090,425,9989.6
SHP_L6_0,45.152060,18.026630,426,10046.9
SHP_L6_0,45.152220,18.026420,427,10071.2
SHP_L6_0,45.152280,18.026310,428,10082.1
SHP_L6_0,45.152330,18.026200,429,10092.3
SHP_L6_0,45.152460,18.025890,430,10120.6
SHP_L6_0,45.152490,18.025840,431,10125.7
SHP_L6_0,45.152610,18.025560,432,10151.4
SHP_L6_0,45.152920,18.024860,433,10216.3
SHP_L6_0,45.152960,18.024780,434,10223.9
SHP_L6_0,45.153010,18.024700,435,10232.3
SHP_L6_0,45.153060,18.024670,436,10238.4
SHP_L6_0,45.153100,18.024670,437,10242.8
SHP_L6_0,45.153390,18.024740,438,10275.5
SHP_L6_0,45.153410,18.024500,439,10294.5
SHP_L6_0,45.153420,18.024420,440,10300.8
SHP_L6_0,45.153420,18.024330,441,10307.9
SHP_L6_0,45.153420,18.024150,442,10322.0
SHP_L6_0,45.153410,18.023830,443,10347.1
SHP_L6_0,45.153410,18.023670,444,10359.7
SHP_L6_0,45.153410,18.023520,445,10371.4
SHP_L6_0,45.153500,18.023520,446,10381.5
SHP_L6_0,45.153550,18.023530,447,10387.1
SHP_L6_0,45.153590,18.023550,448,10391.8
SHP_L6_0,45.153880,18.023640,449,10424.8
SHP_L6_0,45.154370,18.023810,450,10480.9
SHP_L6_0,45.154360,18.023890,451,10487.3
SHP_L6_0,45.154370,18.023810,452,10493.6
SHP_L6_0,45.154490,18.023850,453,10507.3
SHP_L6_0,45.154570,18.023880,454,10516.5
SHP_L6_0,45.154620,18.023900,455,10522.3
SHP_L6_0,45.154770,18.023950,456,10539.4
SHP_L6_0,45.154860,18.023990,457,10549.9
SHP_L6_0,45.155620,18.024260,458,10637.1
SHP_L6_0,45.156080,18.024390,459,10689.2
SHP_L6_0,45.156160,18.024400,460,10698.1
SHP_L6_0,45.156220,18.024400,461,10704.8
SHP_L6_0,45.156290,18.024400,462,10712.6
SHP_L6_0,45.156380,18.024380,463,10722.7
SHP_L6_0,45.157900,18.023700,464,10900.0
SHP_L6_0,45.158390,18.023420,465,10958.7
SHP_L6_0,45.158510,18.023400,466,10972.1
SHP_L6_0,45.158570,18.023400,467,10978.8
SHP_L6_0,45.158610,18.023420,468,10983.5
SHP_L6_0,45.158620,18.023440,469,10985.4
SHP_L6_0,45.158640,18.023440,470,10987.7
SHP_L6_0,45.158660,18.023440,471,10989.9
SHP_L6_0,45.158680,18.023430,472,10992.2
SHP_L6_0,45.158700,18.023420,473,10994.6
SHP_L6_0,45.158710,18.023400,474,10996.5
SHP_L6_0,45.158720,18.023370,475,10999.1
SHP_L6_0,45.158720,18.023340,476,11001.5
SHP_L6_0,45.158710,18.023310,477,11004.1
SHP_L6_0,45.158700,18.023280,478,11006.7
SHP_L6_0,45.158690,18.023270,479,11008.0
SHP_L6_0,45.158680,18.023260,480,11009.4
SHP_L6_0,45.158660,18.023200,481,11014.6
SHP_L6_0,45.158610,18.023080,482,11025.5
SHP_L6_0,45.158570,18.022980,483,11034.6
SHP_L6_0,45.158520,18.022900,484,11042.9
SHP_L6_0,45.158390,18.022520,485,11076.1
SHP_L6_0,45.158340,18.022410,486,11086.3
SHP_L6_0,45.158040,18.021640,487,11155.3
SHP_L6_0,45.157960,18.021430,488,11174.0
SHP_L6_0,45.157900,18.021270,489,11188.2
SHP_L6_0,45.157800,18.020880,490,11220.8
SHP_L6_0,45.157290,18.019050,491,11375.0
SHP_L6_0,45.157060,18.018160,492,11449.4
SHP_L6_0,45.156810,18.017180,493,11531.1
SHP_L6_0,45.156640,18.016540,494,11584.7
SHP_L6_0,45.156330,18.015390,495,11681.3
SHP_L6_0,45.156330,18.015330,496,11686.0
SHP_L6_0,45.156320,18.015270,497,11690.8
SHP_L6_0,45.156300,18.015190,498,11697.4
SHP_L6_0,45.156290,18.015120,499,11703.0
SHP_L6_0,45.156290,18.015090,500,11705.4
SHP_L6_0,45.156290,18.015050,501,11708.5
SHP_L6_0,45.156290,18.015020,502,11710.9
SHP_L6_0,45.156310,18.014980,503,11714.7
SHP_L6_0,45.156310,18.014970,504,11715.5
SHP_L6_0,45.156330,18.014950,505,11718.2
SHP_L6_0,45.156350,18.014940,506,11720.6
SHP_L6_0,45.156370,18.014940,507,11722.8
SHP_L6_0,45.156460,18.014940,508,11732.8
SHP_L6_0,45.156520,18.014940,509,11739.5
SHP_L6_0,45.156600,18.014920,510,11748.5
SHP_L6_0,45.156550,18.014900,511,11754.3
SHP_L6_0,45.156510,18.014890,512,11758.8
SHP_L6_0,45.156470,18.014880,513,11763.3
SHP_L6_0,45.156380,18.014870,514,11773.4
SHP_L6_0,45.156350,18.014860,515,11776.8
SHP_L6_0,45.156330,18.014850,516,11779.2
SHP_L6_0,45.156300,18.014830,517,11782.8
SHP_L6_0,45.156290,18.014820,518,11784.2
SHP_L6_0,45.156260,18.014820,519,11787.5
SHP_L6_0,45.156240,18.014820,520,11789.8
SHP_L6_0,45.156210,18.014830,521,11793.2
SHP_L6_0,45.156180,18.014830,522,11796.5
SHP_L6_0,45.156140,18.014830,523,11801.0
SHP_L6_0,45.155950,18.014820,524,11822.1
SHP_L6_0,45.155920,18.014820,525,11825.5
SHP_L6_0,45.155680,18.014770,526,11852.4
SHP_L6_0,45.155490,18.014690,527,11874.5
SHP_L6_0,45.155450,18.014670,528,11879.2
SHP_L6_0,45.155430,18.014650,529,11881.9
SHP_L6_0,45.155400,18.014630,530,11885.6
SHP_L6_0,45.155390,18.014590,531,11888.9
SHP_L6_0,45.155370,18.014570,532,11891.6
SHP_L6_0,45.155360,18.014510,533,11896.5
SHP_L6_0,45.155350,18.014450,534,11901.3
SHP_L6_0,45.155350,18.014300,535,11913.1
SHP_L6_0,45.155350,18.014260,536,11916.2
SHP_L6_0,45.155360,18.014010,537,11935.8
SHP_L6_0,45.155360,18.013990,538,11937.4
SHP_L6_0,45.155380,18.013850,539,11948.6
SHP_L6_0,45.155420,18.013600,540,11968.7
SHP_L6_0,45.155450,18.013330,541,11990.1
SHP_L6_0,45.155500,18.012800,542,12032.1
SHP_L6_0,45.155520,18.012540,543,12052.6
SHP_L6_0,45.155560,18.012180,544,12081.2
SHP_L6_0,45.155590,18.011920,545,12101.8
SHP_L6_0,45.155620,18.011570,546,12129.5
SHP_L6_0,45.155660,18.011200,547,12158.8
SHP_L6_0,45.155670,18.011070,548,12169.1
SHP_L6_0,45.155690,18.011000,549,12175.0
SHP_L6_0,45.155700,18.010930,550,12180.6
SHP_L6_0,45.155720,18.010770,551,12193.3
SHP_L6_0,45.155730,18.010660,552,12202.0
SHP_L6_0,45.155740,18.010620,553,12205.4
SHP_L6_0,45.155750,18.010570,554,12209.4
SHP_L6_0,45.155760,18.010530,555,12212.8
SHP_L6_0,45.155780,18.010490,556,12216.6
SHP_L6_0,45.155810,18.010460,557,12220.7
SHP_L6_0,45.155840,18.010440,558,12224.4
SHP_L6_0,45.155870,18.010420,559,12228.1
SHP_L6_0,45.155910,18.010420,560,12232.5
SHP_L6_0,45.155950,18.010410,561,12237.0
SHP_L6_0,45.156070,18.010420,562,12250.4
SHP_L6_0,45.156630,18.010530,563,12313.3
SHP_L6_0,45.156670,18.010530,564,12317.7
SHP_L6_0,45.156750,18.010530,565,12326.6
SHP_L6_0,45.156840,18.010520,566,12336.6
SHP_L6_0,45.159010,18.010810,567,12579.0
SHP_L6_0,45.159450,18.010860,568,12628.1
SHP_L6_0,45.159570,18.010900,569,12641.8
SHP_L6_0,45.159590,18.010900,570,12644.0
SHP_L6_0,45.159620,18.010920,571,12647.7
SHP_L6_0,45.159640,18.010930,572,12650.1
SHP_L6_0,45.159690,18.010960,573,12656.1
SHP_L6_0,45.159700,18.010980,574,12658.0
SHP_L6_0,45.159720,18.011000,575,12660.7
SHP_L6_0,45.159740,18.011000,576,12663.0
SHP_L6_0,45.159760,18.011000,577,12665.2
SHP_L6_0,45.159770,18.011000,578,12666.3
SHP_L6_0,45.159790,18.010980,579,12669.0
SHP_L6_0,45.159820,18.010960,580,12672.7
SHP_L6_0,45.159860,18.010950,581,12677.2
SHP_L6_0,45.160210,18.010980,582,12716.2
SHP_L6_0,45.160660,18.011030,583,12766.4
SHP_L6_0,45.160920,18.011060,584,12795.4
SHP_L6_0,45.161280,18.011100,585,12835.6
SHP_L6_0,45.161430,18.011120,586,12852.3
SHP_L6_0,45.161460,18.011150,587,12856.4
SHP_L6_0,45.161510,18.011170,588,12862.2
SHP_L6_0,45.161560,18.011190,589,12867.9
SHP_L6_0,45.161750,18.011220,590,12889.2
SHP_L6_0,45.161810,18.011230,591,12895.9
SHP_L6_0,45.161840,18.011250,592,12899.6
SHP_L6_0,45.161890,18.011280,593,12905.6
SHP_L6_0,45.161930,18.011320,594,12911.1
SHP_L6_0,45.161970,18.011360,595,12916.5
SHP_L6_0,45.161990,18.011420,596,12921.7
SHP_L6_0,45.162030,18.011450,597,12926.8
SHP_L6_0,45.162060,18.011470,598,12930.5
SHP_L6_0,45.162090,18.011470,599,12933.8
SHP_L6_0,45.162110,18.011470,600,12936.0
SHP_L6_0,45.162130,18.011470,601,12938.2
SHP_L6_0,45.162170,18.011460,602,12942.8
SHP_L6_0,45.162200,18.011440,603,12946.4
SHP_L6_0,45.162220,18.011420,604,12949.2
SHP_L6_0,45.162260,18.011410,605,12953.7
SHP_L6_0,45.162300,18.011400,606,12958.2
SHP_L6_0,45.162330,18.011410,607,12961.6
SHP_L6_0,45.162360,18.011360,608,12966.8
SHP_L6_0,45.162370,18.011290,609,12972.4
SHP_L6_0,45.162370,18.011200,610,12979.4
SHP_L6_0,45.162370,18.011120,611,12985.7
SHP_L6_0,45.162360,18.011060,612,12990.5
SHP_L6_0,45.162280,18.010890,613,13006.6
SHP_L6_0,45.162260,18.010830,614,13011.8
SHP_L6_0,45.162260,18.010720,615,13020.4
SHP_L6_0,45.162330,18.009710,616,13100.0
